full_date,day_of_week,is_weekend,is_holiday,holiday_name,hour,period_of_day,is_peak_hour,zone_name,avg_speed_kmh,congestion_index
2026-09-01 00:00:00,Tuesday,0,0,,6,Morning,0,MG Road / Central,15.9,0.46
2026-09-01 00:00:00,Tuesday,0,0,,6,Morning,0,Indiranagar,18.7,0.48
2026-09-01 00:00:00,Tuesday,0,0,,6,Morning,0,Whitefield,22.9,0.22
2026-09-01 00:00:00,Tuesday,0,0,,6,Morning,0,Koramangala,13.8,0.59
2026-09-01 00:00:00,Tuesday,0,0,,6,Morning,0,Jayanagar,25.3,0.19
2026-09-01 00:00:00,Tuesday,0,0,,6,Morning,0,Hebbal,23.2,0.19
2026-09-01 00:00:00,Tuesday,0,0,,6,Morning,0,Electronic City,17.8,0.28
2026-09-01 00:00:00,Tuesday,0,0,,6,Morning,0,HSR Layout,27.4,0.05
2026-09-01 00:00:00,Tuesday,0,0,,7,Morning,0,MG Road / Central,22.3,0.28
2026-09-01 00:00:00,Tuesday,0,0,,7,Morning,0,Indiranagar,18.4,0.29
2026-09-01 00:00:00,Tuesday,0,0,,7,Morning,0,Whitefield,16.8,0.43
2026-09-01 00:00:00,Tuesday,0,0,,7,Morning,0,Koramangala,14.9,0.41
2026-09-01 00:00:00,Tuesday,0,0,,7,Morning,0,Jayanagar,24.7,0.18
2026-09-01 00:00:00,Tuesday,0,0,,7,Morning,0,Hebbal,27.4,0.11
2026-09-01 00:00:00,Tuesday,0,0,,7,Morning,0,Electronic City,24.1,0.18
2026-09-01 00:00:00,Tuesday,0,0,,7,Morning,0,HSR Layout,28.4,0.18
2026-09-01 00:00:00,Tuesday,0,0,,8,Morning,1,MG Road / Central,6.9,0.7
2026-09-01 00:00:00,Tuesday,0,0,,8,Morning,1,Indiranagar,5.0,0.8
2026-09-01 00:00:00,Tuesday,0,0,,8,Morning,1,Whitefield,8.8,0.58
2026-09-01 00:00:00,Tuesday,0,0,,8,Morning,1,Koramangala,14.2,0.54
2026-09-01 00:00:00,Tuesday,0,0,,8,Morning,1,Jayanagar,11.2,0.64
2026-09-01 00:00:00,Tuesday,0,0,,8,Morning,1,Hebbal,13.3,0.54
2026-09-01 00:00:00,Tuesday,0,0,,8,Morning,1,Electronic City,17.4,0.37
2026-09-01 00:00:00,Tuesday,0,0,,8,Morning,1,HSR Layout,17.3,0.49
2026-09-01 00:00:00,Tuesday,0,0,,9,Morning,1,MG Road / Central,5.0,0.74
2026-09-01 00:00:00,Tuesday,0,0,,9,Morning,1,Indiranagar,7.1,0.74
2026-09-01 00:00:00,Tuesday,0,0,,9,Morning,1,Whitefield,17.2,0.47
2026-09-01 00:00:00,Tuesday,0,0,,9,Morning,1,Koramangala,7.2,0.82
2026-09-01 00:00:00,Tuesday,0,0,,9,Morning,1,Jayanagar,15.9,0.45
2026-09-01 00:00:00,Tuesday,0,0,,9,Morning,1,Hebbal,14.3,0.59
2026-09-01 00:00:00,Tuesday,0,0,,9,Morning,1,Electronic City,14.9,0.49
2026-09-01 00:00:00,Tuesday,0,0,,9,Morning,1,HSR Layout,15.1,0.42
2026-09-01 00:00:00,Tuesday,0,0,,10,Morning,1,MG Road / Central,8.8,0.8
2026-09-01 00:00:00,Tuesday,0,0,,10,Morning,1,Indiranagar,11.3,0.69
2026-09-01 00:00:00,Tuesday,0,0,,10,Morning,1,Whitefield,10.9,0.59
2026-09-01 00:00:00,Tuesday,0,0,,10,Morning,1,Koramangala,10.8,0.74
2026-09-01 00:00:00,Tuesday,0,0,,10,Morning,1,Jayanagar,16.8,0.55
2026-09-01 00:00:00,Tuesday,0,0,,10,Morning,1,Hebbal,24.6,0.24
2026-09-01 00:00:00,Tuesday,0,0,,10,Morning,1,Electronic City,12.6,0.56
2026-09-01 00:00:00,Tuesday,0,0,,10,Morning,1,HSR Layout,9.2,0.56
2026-09-01 00:00:00,Tuesday,0,0,,11,Morning,1,MG Road / Central,19.5,0.37
2026-09-01 00:00:00,Tuesday,0,0,,11,Morning,1,Indiranagar,11.6,0.58
2026-09-01 00:00:00,Tuesday,0,0,,11,Morning,1,Whitefield,24.4,0.15
2026-09-01 00:00:00,Tuesday,0,0,,11,Morning,1,Koramangala,15.4,0.51
2026-09-01 00:00:00,Tuesday,0,0,,11,Morning,1,Jayanagar,25.4,0.19
2026-09-01 00:00:00,Tuesday,0,0,,11,Morning,1,Hebbal,24.1,0.26
2026-09-01 00:00:00,Tuesday,0,0,,11,Morning,1,Electronic City,24.4,0.17
2026-09-01 00:00:00,Tuesday,0,0,,11,Morning,1,HSR Layout,21.0,0.2
2026-09-01 00:00:00,Tuesday,0,0,,12,Afternoon,0,MG Road / Central,17.5,0.44
2026-09-01 00:00:00,Tuesday,0,0,,12,Afternoon,0,Indiranagar,17.5,0.4
2026-09-01 00:00:00,Tuesday,0,0,,12,Afternoon,0,Whitefield,26.8,0.08
2026-09-01 00:00:00,Tuesday,0,0,,12,Afternoon,0,Koramangala,17.6,0.36
2026-09-01 00:00:00,Tuesday,0,0,,12,Afternoon,0,Jayanagar,23.9,0.23
2026-09-01 00:00:00,Tuesday,0,0,,12,Afternoon,0,Hebbal,16.1,0.48
2026-09-01 00:00:00,Tuesday,0,0,,12,Afternoon,0,Electronic City,21.4,0.28
2026-09-01 00:00:00,Tuesday,0,0,,12,Afternoon,0,HSR Layout,28.4,0.05
2026-09-01 00:00:00,Tuesday,0,0,,13,Afternoon,0,MG Road / Central,22.7,0.41
2026-09-01 00:00:00,Tuesday,0,0,,13,Afternoon,0,Indiranagar,19.3,0.38
2026-09-01 00:00:00,Tuesday,0,0,,13,Afternoon,0,Whitefield,20.3,0.25
2026-09-01 00:00:00,Tuesday,0,0,,13,Afternoon,0,Koramangala,15.4,0.54
2026-09-01 00:00:00,Tuesday,0,0,,13,Afternoon,0,Jayanagar,17.8,0.34
2026-09-01 00:00:00,Tuesday,0,0,,13,Afternoon,0,Hebbal,14.6,0.42
2026-09-01 00:00:00,Tuesday,0,0,,13,Afternoon,0,Electronic City,24.8,0.32
2026-09-01 00:00:00,Tuesday,0,0,,13,Afternoon,0,HSR Layout,24.9,0.13
2026-09-01 00:00:00,Tuesday,0,0,,14,Afternoon,0,MG Road / Central,16.6,0.41
2026-09-01 00:00:00,Tuesday,0,0,,14,Afternoon,0,Indiranagar,23.7,0.21
2026-09-01 00:00:00,Tuesday,0,0,,14,Afternoon,0,Whitefield,27.3,0.12
2026-09-01 00:00:00,Tuesday,0,0,,14,Afternoon,0,Koramangala,24.4,0.29
2026-09-01 00:00:00,Tuesday,0,0,,14,Afternoon,0,Jayanagar,24.7,0.16
2026-09-01 00:00:00,Tuesday,0,0,,14,Afternoon,0,Hebbal,17.1,0.35
2026-09-01 00:00:00,Tuesday,0,0,,14,Afternoon,0,Electronic City,24.3,0.28
2026-09-01 00:00:00,Tuesday,0,0,,14,Afternoon,0,HSR Layout,28.7,0.06
2026-09-01 00:00:00,Tuesday,0,0,,15,Afternoon,0,MG Road / Central,18.6,0.43
2026-09-01 00:00:00,Tuesday,0,0,,15,Afternoon,0,Indiranagar,19.8,0.25
2026-09-01 00:00:00,Tuesday,0,0,,15,Afternoon,0,Whitefield,21.2,0.31
2026-09-01 00:00:00,Tuesday,0,0,,15,Afternoon,0,Koramangala,17.8,0.43
2026-09-01 00:00:00,Tuesday,0,0,,15,Afternoon,0,Jayanagar,25.4,0.17
2026-09-01 00:00:00,Tuesday,0,0,,15,Afternoon,0,Hebbal,20.0,0.29
2026-09-01 00:00:00,Tuesday,0,0,,15,Afternoon,0,Electronic City,16.7,0.47
2026-09-01 00:00:00,Tuesday,0,0,,15,Afternoon,0,HSR Layout,28.1,0.11
2026-09-01 00:00:00,Tuesday,0,0,,16,Afternoon,0,MG Road / Central,23.1,0.28
2026-09-01 00:00:00,Tuesday,0,0,,16,Afternoon,0,Indiranagar,12.2,0.54
2026-09-01 00:00:00,Tuesday,0,0,,16,Afternoon,0,Whitefield,19.9,0.37
2026-09-01 00:00:00,Tuesday,0,0,,16,Afternoon,0,Koramangala,18.8,0.5
2026-09-01 00:00:00,Tuesday,0,0,,16,Afternoon,0,Jayanagar,21.9,0.22
2026-09-01 00:00:00,Tuesday,0,0,,16,Afternoon,0,Hebbal,24.1,0.14
2026-09-01 00:00:00,Tuesday,0,0,,16,Afternoon,0,Electronic City,23.5,0.24
2026-09-01 00:00:00,Tuesday,0,0,,16,Afternoon,0,HSR Layout,23.2,0.28
2026-09-01 00:00:00,Tuesday,0,0,,17,Evening,1,MG Road / Central,11.9,0.7
2026-09-01 00:00:00,Tuesday,0,0,,17,Evening,1,Indiranagar,15.4,0.67
2026-09-01 00:00:00,Tuesday,0,0,,17,Evening,1,Whitefield,9.5,0.63
2026-09-01 00:00:00,Tuesday,0,0,,17,Evening,1,Koramangala,13.8,0.57
2026-09-01 00:00:00,Tuesday,0,0,,17,Evening,1,Jayanagar,15.7,0.52
2026-09-01 00:00:00,Tuesday,0,0,,17,Evening,1,Hebbal,11.7,0.61
2026-09-01 00:00:00,Tuesday,0,0,,17,Evening,1,Electronic City,13.5,0.45
2026-09-01 00:00:00,Tuesday,0,0,,17,Evening,1,HSR Layout,16.8,0.5
2026-09-01 00:00:00,Tuesday,0,0,,18,Evening,1,MG Road / Central,5.7,0.73
2026-09-01 00:00:00,Tuesday,0,0,,18,Evening,1,Indiranagar,9.1,0.72
2026-09-01 00:00:00,Tuesday,0,0,,18,Evening,1,Whitefield,17.0,0.44
2026-09-01 00:00:00,Tuesday,0,0,,18,Evening,1,Koramangala,6.5,0.71
2026-09-01 00:00:00,Tuesday,0,0,,18,Evening,1,Jayanagar,13.3,0.59
2026-09-01 00:00:00,Tuesday,0,0,,18,Evening,1,Hebbal,11.7,0.68
2026-09-01 00:00:00,Tuesday,0,0,,18,Evening,1,Electronic City,16.6,0.38
2026-09-01 00:00:00,Tuesday,0,0,,18,Evening,1,HSR Layout,12.7,0.61
2026-09-01 00:00:00,Tuesday,0,0,,19,Evening,1,MG Road / Central,14.9,0.76
2026-09-01 00:00:00,Tuesday,0,0,,19,Evening,1,Indiranagar,9.2,0.77
2026-09-01 00:00:00,Tuesday,0,0,,19,Evening,1,Whitefield,11.4,0.66
2026-09-01 00:00:00,Tuesday,0,0,,19,Evening,1,Koramangala,11.7,0.66
2026-09-01 00:00:00,Tuesday,0,0,,19,Evening,1,Jayanagar,15.8,0.46
2026-09-01 00:00:00,Tuesday,0,0,,19,Evening,1,Hebbal,15.4,0.49
2026-09-01 00:00:00,Tuesday,0,0,,19,Evening,1,Electronic City,5.0,0.83
2026-09-01 00:00:00,Tuesday,0,0,,19,Evening,1,HSR Layout,7.8,0.63
2026-09-01 00:00:00,Tuesday,0,0,,20,Evening,1,MG Road / Central,12.9,0.64
2026-09-01 00:00:00,Tuesday,0,0,,20,Evening,1,Indiranagar,6.6,0.71
2026-09-01 00:00:00,Tuesday,0,0,,20,Evening,1,Whitefield,17.4,0.46
2026-09-01 00:00:00,Tuesday,0,0,,20,Evening,1,Koramangala,12.1,0.61
2026-09-01 00:00:00,Tuesday,0,0,,20,Evening,1,Jayanagar,12.0,0.56
2026-09-01 00:00:00,Tuesday,0,0,,20,Evening,1,Hebbal,7.0,0.81
2026-09-01 00:00:00,Tuesday,0,0,,20,Evening,1,Electronic City,21.2,0.31
2026-09-01 00:00:00,Tuesday,0,0,,20,Evening,1,HSR Layout,17.6,0.47
2026-09-01 00:00:00,Tuesday,0,0,,21,Night,0,MG Road / Central,20.6,0.3
2026-09-01 00:00:00,Tuesday,0,0,,21,Night,0,Indiranagar,17.9,0.46
2026-09-01 00:00:00,Tuesday,0,0,,21,Night,0,Whitefield,26.2,0.11
2026-09-01 00:00:00,Tuesday,0,0,,21,Night,0,Koramangala,18.4,0.34
2026-09-01 00:00:00,Tuesday,0,0,,21,Night,0,Jayanagar,17.0,0.46
2026-09-01 00:00:00,Tuesday,0,0,,21,Night,0,Hebbal,28.9,0.1
2026-09-01 00:00:00,Tuesday,0,0,,21,Night,0,Electronic City,16.9,0.5
2026-09-01 00:00:00,Tuesday,0,0,,21,Night,0,HSR Layout,27.0,0.07
2026-09-02 00:00:00,Wednesday,0,0,,6,Morning,0,MG Road / Central,12.0,0.55
2026-09-02 00:00:00,Wednesday,0,0,,6,Morning,0,Indiranagar,18.0,0.45
2026-09-02 00:00:00,Wednesday,0,0,,6,Morning,0,Whitefield,25.7,0.14
2026-09-02 00:00:00,Wednesday,0,0,,6,Morning,0,Koramangala,26.5,0.05
2026-09-02 00:00:00,Wednesday,0,0,,6,Morning,0,Jayanagar,20.9,0.22
2026-09-02 00:00:00,Wednesday,0,0,,6,Morning,0,Hebbal,13.8,0.45
2026-09-02 00:00:00,Wednesday,0,0,,6,Morning,0,Electronic City,24.3,0.2
2026-09-02 00:00:00,Wednesday,0,0,,6,Morning,0,HSR Layout,14.4,0.42
2026-09-02 00:00:00,Wednesday,0,0,,7,Morning,0,MG Road / Central,13.8,0.54
2026-09-02 00:00:00,Wednesday,0,0,,7,Morning,0,Indiranagar,22.5,0.28
2026-09-02 00:00:00,Wednesday,0,0,,7,Morning,0,Whitefield,20.6,0.27
2026-09-02 00:00:00,Wednesday,0,0,,7,Morning,0,Koramangala,17.0,0.41
2026-09-02 00:00:00,Wednesday,0,0,,7,Morning,0,Jayanagar,23.4,0.26
2026-09-02 00:00:00,Wednesday,0,0,,7,Morning,0,Hebbal,14.3,0.44
2026-09-02 00:00:00,Wednesday,0,0,,7,Morning,0,Electronic City,10.9,0.51
2026-09-02 00:00:00,Wednesday,0,0,,7,Morning,0,HSR Layout,24.2,0.23
2026-09-02 00:00:00,Wednesday,0,0,,8,Morning,1,MG Road / Central,6.7,0.73
2026-09-02 00:00:00,Wednesday,0,0,,8,Morning,1,Indiranagar,8.8,0.68
2026-09-02 00:00:00,Wednesday,0,0,,8,Morning,1,Whitefield,17.3,0.48
2026-09-02 00:00:00,Wednesday,0,0,,8,Morning,1,Koramangala,6.3,0.74
2026-09-02 00:00:00,Wednesday,0,0,,8,Morning,1,Jayanagar,10.9,0.66
2026-09-02 00:00:00,Wednesday,0,0,,8,Morning,1,Hebbal,11.8,0.65
2026-09-02 00:00:00,Wednesday,0,0,,8,Morning,1,Electronic City,15.4,0.45
2026-09-02 00:00:00,Wednesday,0,0,,8,Morning,1,HSR Layout,12.0,0.64
2026-09-02 00:00:00,Wednesday,0,0,,9,Morning,1,MG Road / Central,9.3,0.7
2026-09-02 00:00:00,Wednesday,0,0,,9,Morning,1,Indiranagar,5.0,0.85
2026-09-02 00:00:00,Wednesday,0,0,,9,Morning,1,Whitefield,11.1,0.62
2026-09-02 00:00:00,Wednesday,0,0,,9,Morning,1,Koramangala,12.0,0.67
2026-09-02 00:00:00,Wednesday,0,0,,9,Morning,1,Jayanagar,12.2,0.65
2026-09-02 00:00:00,Wednesday,0,0,,9,Morning,1,Hebbal,8.8,0.71
2026-09-02 00:00:00,Wednesday,0,0,,9,Morning,1,Electronic City,10.4,0.63
2026-09-02 00:00:00,Wednesday,0,0,,9,Morning,1,HSR Layout,12.1,0.59
2026-09-02 00:00:00,Wednesday,0,0,,10,Morning,1,MG Road / Central,9.8,0.71
2026-09-02 00:00:00,Wednesday,0,0,,10,Morning,1,Indiranagar,16.1,0.6
2026-09-02 00:00:00,Wednesday,0,0,,10,Morning,1,Whitefield,14.7,0.43
2026-09-02 00:00:00,Wednesday,0,0,,10,Morning,1,Koramangala,6.4,0.84
2026-09-02 00:00:00,Wednesday,0,0,,10,Morning,1,Jayanagar,12.5,0.62
2026-09-02 00:00:00,Wednesday,0,0,,10,Morning,1,Hebbal,11.7,0.55
2026-09-02 00:00:00,Wednesday,0,0,,10,Morning,1,Electronic City,11.9,0.56
2026-09-02 00:00:00,Wednesday,0,0,,10,Morning,1,HSR Layout,9.7,0.67
2026-09-02 00:00:00,Wednesday,0,0,,11,Morning,1,MG Road / Central,20.3,0.3
2026-09-02 00:00:00,Wednesday,0,0,,11,Morning,1,Indiranagar,15.4,0.45
2026-09-02 00:00:00,Wednesday,0,0,,11,Morning,1,Whitefield,25.9,0.15
2026-09-02 00:00:00,Wednesday,0,0,,11,Morning,1,Koramangala,16.1,0.43
2026-09-02 00:00:00,Wednesday,0,0,,11,Morning,1,Jayanagar,24.7,0.19
2026-09-02 00:00:00,Wednesday,0,0,,11,Morning,1,Hebbal,24.9,0.08
2026-09-02 00:00:00,Wednesday,0,0,,11,Morning,1,Electronic City,24.7,0.16
2026-09-02 00:00:00,Wednesday,0,0,,11,Morning,1,HSR Layout,24.3,0.29
2026-09-02 00:00:00,Wednesday,0,0,,12,Afternoon,0,MG Road / Central,14.6,0.5
2026-09-02 00:00:00,Wednesday,0,0,,12,Afternoon,0,Indiranagar,16.1,0.4
2026-09-02 00:00:00,Wednesday,0,0,,12,Afternoon,0,Whitefield,22.0,0.25
2026-09-02 00:00:00,Wednesday,0,0,,12,Afternoon,0,Koramangala,15.2,0.44
2026-09-02 00:00:00,Wednesday,0,0,,12,Afternoon,0,Jayanagar,23.7,0.31
2026-09-02 00:00:00,Wednesday,0,0,,12,Afternoon,0,Hebbal,23.7,0.24
2026-09-02 00:00:00,Wednesday,0,0,,12,Afternoon,0,Electronic City,19.2,0.33
2026-09-02 00:00:00,Wednesday,0,0,,12,Afternoon,0,HSR Layout,21.7,0.28
2026-09-02 00:00:00,Wednesday,0,0,,13,Afternoon,0,MG Road / Central,16.1,0.41
2026-09-02 00:00:00,Wednesday,0,0,,13,Afternoon,0,Indiranagar,18.9,0.4
2026-09-02 00:00:00,Wednesday,0,0,,13,Afternoon,0,Whitefield,19.2,0.42
2026-09-02 00:00:00,Wednesday,0,0,,13,Afternoon,0,Koramangala,8.7,0.66
2026-09-02 00:00:00,Wednesday,0,0,,13,Afternoon,0,Jayanagar,19.7,0.35
2026-09-02 00:00:00,Wednesday,0,0,,13,Afternoon,0,Hebbal,13.0,0.51
2026-09-02 00:00:00,Wednesday,0,0,,13,Afternoon,0,Electronic City,24.3,0.15
2026-09-02 00:00:00,Wednesday,0,0,,13,Afternoon,0,HSR Layout,27.4,0.05
2026-09-02 00:00:00,Wednesday,0,0,,14,Afternoon,0,MG Road / Central,21.0,0.31
2026-09-02 00:00:00,Wednesday,0,0,,14,Afternoon,0,Indiranagar,20.5,0.44
2026-09-02 00:00:00,Wednesday,0,0,,14,Afternoon,0,Whitefield,17.9,0.36
2026-09-02 00:00:00,Wednesday,0,0,,14,Afternoon,0,Koramangala,22.2,0.29
2026-09-02 00:00:00,Wednesday,0,0,,14,Afternoon,0,Jayanagar,30.9,0.09
2026-09-02 00:00:00,Wednesday,0,0,,14,Afternoon,0,Hebbal,17.3,0.39
2026-09-02 00:00:00,Wednesday,0,0,,14,Afternoon,0,Electronic City,31.2,0.05
2026-09-02 00:00:00,Wednesday,0,0,,14,Afternoon,0,HSR Layout,25.4,0.24
2026-09-02 00:00:00,Wednesday,0,0,,15,Afternoon,0,MG Road / Central,22.5,0.21
2026-09-02 00:00:00,Wednesday,0,0,,15,Afternoon,0,Indiranagar,18.1,0.4
2026-09-02 00:00:00,Wednesday,0,0,,15,Afternoon,0,Whitefield,25.4,0.2
2026-09-02 00:00:00,Wednesday,0,0,,15,Afternoon,0,Koramangala,21.6,0.27
2026-09-02 00:00:00,Wednesday,0,0,,15,Afternoon,0,Jayanagar,23.1,0.26
2026-09-02 00:00:00,Wednesday,0,0,,15,Afternoon,0,Hebbal,17.7,0.34
2026-09-02 00:00:00,Wednesday,0,0,,15,Afternoon,0,Electronic City,30.6,0.07
2026-09-02 00:00:00,Wednesday,0,0,,15,Afternoon,0,HSR Layout,19.8,0.29
2026-09-02 00:00:00,Wednesday,0,0,,16,Afternoon,0,MG Road / Central,12.6,0.59
2026-09-02 00:00:00,Wednesday,0,0,,16,Afternoon,0,Indiranagar,13.9,0.54
2026-09-02 00:00:00,Wednesday,0,0,,16,Afternoon,0,Whitefield,18.6,0.5
2026-09-02 00:00:00,Wednesday,0,0,,16,Afternoon,0,Koramangala,20.8,0.37
2026-09-02 00:00:00,Wednesday,0,0,,16,Afternoon,0,Jayanagar,22.9,0.33
2026-09-02 00:00:00,Wednesday,0,0,,16,Afternoon,0,Hebbal,27.3,0.13
2026-09-02 00:00:00,Wednesday,0,0,,16,Afternoon,0,Electronic City,15.2,0.38
2026-09-02 00:00:00,Wednesday,0,0,,16,Afternoon,0,HSR Layout,22.7,0.11
2026-09-02 00:00:00,Wednesday,0,0,,17,Evening,1,MG Road / Central,11.4,0.67
2026-09-02 00:00:00,Wednesday,0,0,,17,Evening,1,Indiranagar,5.0,0.88
2026-09-02 00:00:00,Wednesday,0,0,,17,Evening,1,Whitefield,5.0,0.75
2026-09-02 00:00:00,Wednesday,0,0,,17,Evening,1,Koramangala,15.0,0.5
2026-09-02 00:00:00,Wednesday,0,0,,17,Evening,1,Jayanagar,12.1,0.6
2026-09-02 00:00:00,Wednesday,0,0,,17,Evening,1,Hebbal,20.8,0.3
2026-09-02 00:00:00,Wednesday,0,0,,17,Evening,1,Electronic City,19.5,0.39
2026-09-02 00:00:00,Wednesday,0,0,,17,Evening,1,HSR Layout,10.3,0.59
2026-09-02 00:00:00,Wednesday,0,0,,18,Evening,1,MG Road / Central,8.7,0.64
2026-09-02 00:00:00,Wednesday,0,0,,18,Evening,1,Indiranagar,11.1,0.69
2026-09-02 00:00:00,Wednesday,0,0,,18,Evening,1,Whitefield,18.1,0.43
2026-09-02 00:00:00,Wednesday,0,0,,18,Evening,1,Koramangala,9.3,0.64
2026-09-02 00:00:00,Wednesday,0,0,,18,Evening,1,Jayanagar,11.8,0.54
2026-09-02 00:00:00,Wednesday,0,0,,18,Evening,1,Hebbal,13.1,0.48
2026-09-02 00:00:00,Wednesday,0,0,,18,Evening,1,Electronic City,6.5,0.79
2026-09-02 00:00:00,Wednesday,0,0,,18,Evening,1,HSR Layout,16.4,0.47
2026-09-02 00:00:00,Wednesday,0,0,,19,Evening,1,MG Road / Central,9.0,0.69
2026-09-02 00:00:00,Wednesday,0,0,,19,Evening,1,Indiranagar,8.3,0.77
2026-09-02 00:00:00,Wednesday,0,0,,19,Evening,1,Whitefield,14.3,0.49
2026-09-02 00:00:00,Wednesday,0,0,,19,Evening,1,Koramangala,5.4,0.67
2026-09-02 00:00:00,Wednesday,0,0,,19,Evening,1,Jayanagar,21.7,0.37
2026-09-02 00:00:00,Wednesday,0,0,,19,Evening,1,Hebbal,7.1,0.75
2026-09-02 00:00:00,Wednesday,0,0,,19,Evening,1,Electronic City,12.0,0.62
2026-09-02 00:00:00,Wednesday,0,0,,19,Evening,1,HSR Layout,5.0,0.92
2026-09-02 00:00:00,Wednesday,0,0,,20,Evening,1,MG Road / Central,7.5,0.68
2026-09-02 00:00:00,Wednesday,0,0,,20,Evening,1,Indiranagar,15.2,0.51
2026-09-02 00:00:00,Wednesday,0,0,,20,Evening,1,Whitefield,13.4,0.46
2026-09-02 00:00:00,Wednesday,0,0,,20,Evening,1,Koramangala,9.2,0.62
2026-09-02 00:00:00,Wednesday,0,0,,20,Evening,1,Jayanagar,9.2,0.75
2026-09-02 00:00:00,Wednesday,0,0,,20,Evening,1,Hebbal,16.5,0.55
2026-09-02 00:00:00,Wednesday,0,0,,20,Evening,1,Electronic City,11.5,0.56
2026-09-02 00:00:00,Wednesday,0,0,,20,Evening,1,HSR Layout,9.1,0.73
2026-09-02 00:00:00,Wednesday,0,0,,21,Night,0,MG Road / Central,21.4,0.28
2026-09-02 00:00:00,Wednesday,0,0,,21,Night,0,Indiranagar,18.4,0.29
2026-09-02 00:00:00,Wednesday,0,0,,21,Night,0,Whitefield,23.0,0.36
2026-09-02 00:00:00,Wednesday,0,0,,21,Night,0,Koramangala,24.2,0.23
2026-09-02 00:00:00,Wednesday,0,0,,21,Night,0,Jayanagar,23.9,0.17
2026-09-02 00:00:00,Wednesday,0,0,,21,Night,0,Hebbal,22.9,0.18
2026-09-02 00:00:00,Wednesday,0,0,,21,Night,0,Electronic City,20.7,0.26
2026-09-02 00:00:00,Wednesday,0,0,,21,Night,0,HSR Layout,21.4,0.28
2026-09-03 00:00:00,Thursday,0,0,,6,Morning,0,MG Road / Central,17.0,0.37
2026-09-03 00:00:00,Thursday,0,0,,6,Morning,0,Indiranagar,21.6,0.33
2026-09-03 00:00:00,Thursday,0,0,,6,Morning,0,Whitefield,18.7,0.31
2026-09-03 00:00:00,Thursday,0,0,,6,Morning,0,Koramangala,19.1,0.41
2026-09-03 00:00:00,Thursday,0,0,,6,Morning,0,Jayanagar,29.6,0.05
2026-09-03 00:00:00,Thursday,0,0,,6,Morning,0,Hebbal,26.0,0.17
2026-09-03 00:00:00,Thursday,0,0,,6,Morning,0,Electronic City,21.6,0.16
2026-09-03 00:00:00,Thursday,0,0,,6,Morning,0,HSR Layout,28.5,0.05
2026-09-03 00:00:00,Thursday,0,0,,7,Morning,0,MG Road / Central,15.3,0.43
2026-09-03 00:00:00,Thursday,0,0,,7,Morning,0,Indiranagar,12.4,0.48
2026-09-03 00:00:00,Thursday,0,0,,7,Morning,0,Whitefield,20.3,0.24
2026-09-03 00:00:00,Thursday,0,0,,7,Morning,0,Koramangala,20.4,0.32
2026-09-03 00:00:00,Thursday,0,0,,7,Morning,0,Jayanagar,24.8,0.15
2026-09-03 00:00:00,Thursday,0,0,,7,Morning,0,Hebbal,17.7,0.37
2026-09-03 00:00:00,Thursday,0,0,,7,Morning,0,Electronic City,17.2,0.35
2026-09-03 00:00:00,Thursday,0,0,,7,Morning,0,HSR Layout,23.5,0.31
2026-09-03 00:00:00,Thursday,0,0,,8,Morning,1,MG Road / Central,16.3,0.4
2026-09-03 00:00:00,Thursday,0,0,,8,Morning,1,Indiranagar,6.5,0.77
2026-09-03 00:00:00,Thursday,0,0,,8,Morning,1,Whitefield,11.0,0.59
2026-09-03 00:00:00,Thursday,0,0,,8,Morning,1,Koramangala,8.4,0.71
2026-09-03 00:00:00,Thursday,0,0,,8,Morning,1,Jayanagar,9.8,0.69
2026-09-03 00:00:00,Thursday,0,0,,8,Morning,1,Hebbal,11.5,0.59
2026-09-03 00:00:00,Thursday,0,0,,8,Morning,1,Electronic City,14.4,0.49
2026-09-03 00:00:00,Thursday,0,0,,8,Morning,1,HSR Layout,11.2,0.6
2026-09-03 00:00:00,Thursday,0,0,,9,Morning,1,MG Road / Central,12.1,0.73
2026-09-03 00:00:00,Thursday,0,0,,9,Morning,1,Indiranagar,5.2,0.8
2026-09-03 00:00:00,Thursday,0,0,,9,Morning,1,Whitefield,8.4,0.69
2026-09-03 00:00:00,Thursday,0,0,,9,Morning,1,Koramangala,14.3,0.46
2026-09-03 00:00:00,Thursday,0,0,,9,Morning,1,Jayanagar,19.5,0.33
2026-09-03 00:00:00,Thursday,0,0,,9,Morning,1,Hebbal,16.8,0.55
2026-09-03 00:00:00,Thursday,0,0,,9,Morning,1,Electronic City,11.9,0.59
2026-09-03 00:00:00,Thursday,0,0,,9,Morning,1,HSR Layout,6.1,0.65
2026-09-03 00:00:00,Thursday,0,0,,10,Morning,1,MG Road / Central,9.7,0.73
2026-09-03 00:00:00,Thursday,0,0,,10,Morning,1,Indiranagar,16.6,0.52
2026-09-03 00:00:00,Thursday,0,0,,10,Morning,1,Whitefield,11.5,0.59
2026-09-03 00:00:00,Thursday,0,0,,10,Morning,1,Koramangala,11.3,0.78
2026-09-03 00:00:00,Thursday,0,0,,10,Morning,1,Jayanagar,13.3,0.57
2026-09-03 00:00:00,Thursday,0,0,,10,Morning,1,Hebbal,13.5,0.49
2026-09-03 00:00:00,Thursday,0,0,,10,Morning,1,Electronic City,8.8,0.65
2026-09-03 00:00:00,Thursday,0,0,,10,Morning,1,HSR Layout,12.3,0.56
2026-09-03 00:00:00,Thursday,0,0,,11,Morning,1,MG Road / Central,16.9,0.46
2026-09-03 00:00:00,Thursday,0,0,,11,Morning,1,Indiranagar,13.2,0.52
2026-09-03 00:00:00,Thursday,0,0,,11,Morning,1,Whitefield,21.5,0.22
2026-09-03 00:00:00,Thursday,0,0,,11,Morning,1,Koramangala,20.4,0.35
2026-09-03 00:00:00,Thursday,0,0,,11,Morning,1,Jayanagar,17.9,0.34
2026-09-03 00:00:00,Thursday,0,0,,11,Morning,1,Hebbal,22.1,0.35
2026-09-03 00:00:00,Thursday,0,0,,11,Morning,1,Electronic City,24.8,0.3
2026-09-03 00:00:00,Thursday,0,0,,11,Morning,1,HSR Layout,22.8,0.16
2026-09-03 00:00:00,Thursday,0,0,,12,Afternoon,0,MG Road / Central,27.4,0.19
2026-09-03 00:00:00,Thursday,0,0,,12,Afternoon,0,Indiranagar,15.5,0.48
2026-09-03 00:00:00,Thursday,0,0,,12,Afternoon,0,Whitefield,19.2,0.28
2026-09-03 00:00:00,Thursday,0,0,,12,Afternoon,0,Koramangala,9.5,0.69
2026-09-03 00:00:00,Thursday,0,0,,12,Afternoon,0,Jayanagar,23.6,0.26
2026-09-03 00:00:00,Thursday,0,0,,12,Afternoon,0,Hebbal,21.2,0.31
2026-09-03 00:00:00,Thursday,0,0,,12,Afternoon,0,Electronic City,26.3,0.16
2026-09-03 00:00:00,Thursday,0,0,,12,Afternoon,0,HSR Layout,18.4,0.48
2026-09-03 00:00:00,Thursday,0,0,,13,Afternoon,0,MG Road / Central,11.2,0.59
2026-09-03 00:00:00,Thursday,0,0,,13,Afternoon,0,Indiranagar,21.3,0.28
2026-09-03 00:00:00,Thursday,0,0,,13,Afternoon,0,Whitefield,24.5,0.26
2026-09-03 00:00:00,Thursday,0,0,,13,Afternoon,0,Koramangala,27.2,0.2
2026-09-03 00:00:00,Thursday,0,0,,13,Afternoon,0,Jayanagar,22.2,0.23
2026-09-03 00:00:00,Thursday,0,0,,13,Afternoon,0,Hebbal,22.8,0.13
2026-09-03 00:00:00,Thursday,0,0,,13,Afternoon,0,Electronic City,19.7,0.35
2026-09-03 00:00:00,Thursday,0,0,,13,Afternoon,0,HSR Layout,24.6,0.1
2026-09-03 00:00:00,Thursday,0,0,,14,Afternoon,0,MG Road / Central,22.5,0.36
2026-09-03 00:00:00,Thursday,0,0,,14,Afternoon,0,Indiranagar,15.9,0.37
2026-09-03 00:00:00,Thursday,0,0,,14,Afternoon,0,Whitefield,22.8,0.22
2026-09-03 00:00:00,Thursday,0,0,,14,Afternoon,0,Koramangala,27.6,0.08
2026-09-03 00:00:00,Thursday,0,0,,14,Afternoon,0,Jayanagar,24.7,0.22
2026-09-03 00:00:00,Thursday,0,0,,14,Afternoon,0,Hebbal,18.1,0.47
2026-09-03 00:00:00,Thursday,0,0,,14,Afternoon,0,Electronic City,21.3,0.22
2026-09-03 00:00:00,Thursday,0,0,,14,Afternoon,0,HSR Layout,13.4,0.56
2026-09-03 00:00:00,Thursday,0,0,,15,Afternoon,0,MG Road / Central,17.9,0.4
2026-09-03 00:00:00,Thursday,0,0,,15,Afternoon,0,Indiranagar,17.0,0.42
2026-09-03 00:00:00,Thursday,0,0,,15,Afternoon,0,Whitefield,23.5,0.18
2026-09-03 00:00:00,Thursday,0,0,,15,Afternoon,0,Koramangala,17.0,0.4
2026-09-03 00:00:00,Thursday,0,0,,15,Afternoon,0,Jayanagar,25.3,0.16
2026-09-03 00:00:00,Thursday,0,0,,15,Afternoon,0,Hebbal,26.4,0.22
2026-09-03 00:00:00,Thursday,0,0,,15,Afternoon,0,Electronic City,30.7,0.05
2026-09-03 00:00:00,Thursday,0,0,,15,Afternoon,0,HSR Layout,13.9,0.4
2026-09-03 00:00:00,Thursday,0,0,,16,Afternoon,0,MG Road / Central,18.5,0.36
2026-09-03 00:00:00,Thursday,0,0,,16,Afternoon,0,Indiranagar,21.5,0.23
2026-09-03 00:00:00,Thursday,0,0,,16,Afternoon,0,Whitefield,30.0,0.12
2026-09-03 00:00:00,Thursday,0,0,,16,Afternoon,0,Koramangala,17.2,0.51
2026-09-03 00:00:00,Thursday,0,0,,16,Afternoon,0,Jayanagar,17.6,0.34
2026-09-03 00:00:00,Thursday,0,0,,16,Afternoon,0,Hebbal,25.4,0.19
2026-09-03 00:00:00,Thursday,0,0,,16,Afternoon,0,Electronic City,28.3,0.1
2026-09-03 00:00:00,Thursday,0,0,,16,Afternoon,0,HSR Layout,22.6,0.22
2026-09-03 00:00:00,Thursday,0,0,,17,Evening,1,MG Road / Central,7.3,0.79
2026-09-03 00:00:00,Thursday,0,0,,17,Evening,1,Indiranagar,12.6,0.66
2026-09-03 00:00:00,Thursday,0,0,,17,Evening,1,Whitefield,18.6,0.42
2026-09-03 00:00:00,Thursday,0,0,,17,Evening,1,Koramangala,6.2,0.77
2026-09-03 00:00:00,Thursday,0,0,,17,Evening,1,Jayanagar,9.8,0.59
2026-09-03 00:00:00,Thursday,0,0,,17,Evening,1,Hebbal,9.8,0.66
2026-09-03 00:00:00,Thursday,0,0,,17,Evening,1,Electronic City,17.5,0.49
2026-09-03 00:00:00,Thursday,0,0,,17,Evening,1,HSR Layout,13.2,0.47
2026-09-03 00:00:00,Thursday,0,0,,18,Evening,1,MG Road / Central,15.8,0.51
2026-09-03 00:00:00,Thursday,0,0,,18,Evening,1,Indiranagar,17.1,0.55
2026-09-03 00:00:00,Thursday,0,0,,18,Evening,1,Whitefield,24.4,0.3
2026-09-03 00:00:00,Thursday,0,0,,18,Evening,1,Koramangala,8.0,0.73
2026-09-03 00:00:00,Thursday,0,0,,18,Evening,1,Jayanagar,16.3,0.48
2026-09-03 00:00:00,Thursday,0,0,,18,Evening,1,Hebbal,15.8,0.55
2026-09-03 00:00:00,Thursday,0,0,,18,Evening,1,Electronic City,13.4,0.56
2026-09-03 00:00:00,Thursday,0,0,,18,Evening,1,HSR Layout,14.7,0.51
2026-09-03 00:00:00,Thursday,0,0,,19,Evening,1,MG Road / Central,5.0,0.74
2026-09-03 00:00:00,Thursday,0,0,,19,Evening,1,Indiranagar,15.3,0.54
2026-09-03 00:00:00,Thursday,0,0,,19,Evening,1,Whitefield,12.5,0.57
2026-09-03 00:00:00,Thursday,0,0,,19,Evening,1,Koramangala,9.6,0.7
2026-09-03 00:00:00,Thursday,0,0,,19,Evening,1,Jayanagar,13.9,0.49
2026-09-03 00:00:00,Thursday,0,0,,19,Evening,1,Hebbal,10.8,0.57
2026-09-03 00:00:00,Thursday,0,0,,19,Evening,1,Electronic City,8.6,0.6
2026-09-03 00:00:00,Thursday,0,0,,19,Evening,1,HSR Layout,10.7,0.67
2026-09-03 00:00:00,Thursday,0,0,,20,Evening,1,MG Road / Central,10.0,0.73
2026-09-03 00:00:00,Thursday,0,0,,20,Evening,1,Indiranagar,5.0,0.9
2026-09-03 00:00:00,Thursday,0,0,,20,Evening,1,Whitefield,17.6,0.33
2026-09-03 00:00:00,Thursday,0,0,,20,Evening,1,Koramangala,11.3,0.63
2026-09-03 00:00:00,Thursday,0,0,,20,Evening,1,Jayanagar,10.2,0.61
2026-09-03 00:00:00,Thursday,0,0,,20,Evening,1,Hebbal,11.3,0.57
2026-09-03 00:00:00,Thursday,0,0,,20,Evening,1,Electronic City,12.9,0.48
2026-09-03 00:00:00,Thursday,0,0,,20,Evening,1,HSR Layout,14.1,0.44
2026-09-03 00:00:00,Thursday,0,0,,21,Night,0,MG Road / Central,23.6,0.28
2026-09-03 00:00:00,Thursday,0,0,,21,Night,0,Indiranagar,26.7,0.29
2026-09-03 00:00:00,Thursday,0,0,,21,Night,0,Whitefield,21.1,0.31
2026-09-03 00:00:00,Thursday,0,0,,21,Night,0,Koramangala,22.5,0.3
2026-09-03 00:00:00,Thursday,0,0,,21,Night,0,Jayanagar,24.8,0.18
2026-09-03 00:00:00,Thursday,0,0,,21,Night,0,Hebbal,13.1,0.56
2026-09-03 00:00:00,Thursday,0,0,,21,Night,0,Electronic City,17.0,0.39
2026-09-03 00:00:00,Thursday,0,0,,21,Night,0,HSR Layout,26.2,0.25
2026-09-04 00:00:00,Friday,0,0,,6,Morning,0,MG Road / Central,23.9,0.32
2026-09-04 00:00:00,Friday,0,0,,6,Morning,0,Indiranagar,14.3,0.48
2026-09-04 00:00:00,Friday,0,0,,6,Morning,0,Whitefield,22.2,0.33
2026-09-04 00:00:00,Friday,0,0,,6,Morning,0,Koramangala,12.6,0.47
2026-09-04 00:00:00,Friday,0,0,,6,Morning,0,Jayanagar,24.6,0.16
2026-09-04 00:00:00,Friday,0,0,,6,Morning,0,Hebbal,24.0,0.24
2026-09-04 00:00:00,Friday,0,0,,6,Morning,0,Electronic City,19.2,0.27
2026-09-04 00:00:00,Friday,0,0,,6,Morning,0,HSR Layout,22.4,0.3
2026-09-04 00:00:00,Friday,0,0,,7,Morning,0,MG Road / Central,18.1,0.47
2026-09-04 00:00:00,Friday,0,0,,7,Morning,0,Indiranagar,15.9,0.5
2026-09-04 00:00:00,Friday,0,0,,7,Morning,0,Whitefield,19.4,0.24
2026-09-04 00:00:00,Friday,0,0,,7,Morning,0,Koramangala,16.9,0.45
2026-09-04 00:00:00,Friday,0,0,,7,Morning,0,Jayanagar,19.0,0.28
2026-09-04 00:00:00,Friday,0,0,,7,Morning,0,Hebbal,28.5,0.12
2026-09-04 00:00:00,Friday,0,0,,7,Morning,0,Electronic City,24.0,0.25
2026-09-04 00:00:00,Friday,0,0,,7,Morning,0,HSR Layout,22.5,0.25
2026-09-04 00:00:00,Friday,0,0,,8,Morning,1,MG Road / Central,5.0,0.81
2026-09-04 00:00:00,Friday,0,0,,8,Morning,1,Indiranagar,7.7,0.71
2026-09-04 00:00:00,Friday,0,0,,8,Morning,1,Whitefield,14.4,0.5
2026-09-04 00:00:00,Friday,0,0,,8,Morning,1,Koramangala,7.2,0.73
2026-09-04 00:00:00,Friday,0,0,,8,Morning,1,Jayanagar,7.2,0.7
2026-09-04 00:00:00,Friday,0,0,,8,Morning,1,Hebbal,13.3,0.53
2026-09-04 00:00:00,Friday,0,0,,8,Morning,1,Electronic City,8.7,0.72
2026-09-04 00:00:00,Friday,0,0,,8,Morning,1,HSR Layout,6.8,0.67
2026-09-04 00:00:00,Friday,0,0,,9,Morning,1,MG Road / Central,9.8,0.73
2026-09-04 00:00:00,Friday,0,0,,9,Morning,1,Indiranagar,10.8,0.71
2026-09-04 00:00:00,Friday,0,0,,9,Morning,1,Whitefield,18.2,0.49
2026-09-04 00:00:00,Friday,0,0,,9,Morning,1,Koramangala,5.0,0.98
2026-09-04 00:00:00,Friday,0,0,,9,Morning,1,Jayanagar,18.0,0.5
2026-09-04 00:00:00,Friday,0,0,,9,Morning,1,Hebbal,6.8,0.74
2026-09-04 00:00:00,Friday,0,0,,9,Morning,1,Electronic City,14.4,0.5
2026-09-04 00:00:00,Friday,0,0,,9,Morning,1,HSR Layout,16.5,0.39
2026-09-04 00:00:00,Friday,0,0,,10,Morning,1,MG Road / Central,11.1,0.58
2026-09-04 00:00:00,Friday,0,0,,10,Morning,1,Indiranagar,9.6,0.7
2026-09-04 00:00:00,Friday,0,0,,10,Morning,1,Whitefield,5.9,0.74
2026-09-04 00:00:00,Friday,0,0,,10,Morning,1,Koramangala,5.0,0.82
2026-09-04 00:00:00,Friday,0,0,,10,Morning,1,Jayanagar,15.0,0.54
2026-09-04 00:00:00,Friday,0,0,,10,Morning,1,Hebbal,18.3,0.42
2026-09-04 00:00:00,Friday,0,0,,10,Morning,1,Electronic City,13.9,0.57
2026-09-04 00:00:00,Friday,0,0,,10,Morning,1,HSR Layout,17.4,0.58
2026-09-04 00:00:00,Friday,0,0,,11,Morning,1,MG Road / Central,19.2,0.32
2026-09-04 00:00:00,Friday,0,0,,11,Morning,1,Indiranagar,19.1,0.33
2026-09-04 00:00:00,Friday,0,0,,11,Morning,1,Whitefield,27.2,0.17
2026-09-04 00:00:00,Friday,0,0,,11,Morning,1,Koramangala,11.7,0.57
2026-09-04 00:00:00,Friday,0,0,,11,Morning,1,Jayanagar,26.4,0.15
2026-09-04 00:00:00,Friday,0,0,,11,Morning,1,Hebbal,25.8,0.18
2026-09-04 00:00:00,Friday,0,0,,11,Morning,1,Electronic City,18.7,0.27
2026-09-04 00:00:00,Friday,0,0,,11,Morning,1,HSR Layout,20.5,0.44
2026-09-04 00:00:00,Friday,0,0,,12,Afternoon,0,MG Road / Central,19.4,0.33
2026-09-04 00:00:00,Friday,0,0,,12,Afternoon,0,Indiranagar,17.6,0.43
2026-09-04 00:00:00,Friday,0,0,,12,Afternoon,0,Whitefield,24.1,0.33
2026-09-04 00:00:00,Friday,0,0,,12,Afternoon,0,Koramangala,17.0,0.38
2026-09-04 00:00:00,Friday,0,0,,12,Afternoon,0,Jayanagar,26.0,0.08
2026-09-04 00:00:00,Friday,0,0,,12,Afternoon,0,Hebbal,26.2,0.25
2026-09-04 00:00:00,Friday,0,0,,12,Afternoon,0,Electronic City,24.8,0.19
2026-09-04 00:00:00,Friday,0,0,,12,Afternoon,0,HSR Layout,24.9,0.25
2026-09-04 00:00:00,Friday,0,0,,13,Afternoon,0,MG Road / Central,7.8,0.7
2026-09-04 00:00:00,Friday,0,0,,13,Afternoon,0,Indiranagar,21.9,0.34
2026-09-04 00:00:00,Friday,0,0,,13,Afternoon,0,Whitefield,23.7,0.33
2026-09-04 00:00:00,Friday,0,0,,13,Afternoon,0,Koramangala,15.2,0.47
2026-09-04 00:00:00,Friday,0,0,,13,Afternoon,0,Jayanagar,22.6,0.32
2026-09-04 00:00:00,Friday,0,0,,13,Afternoon,0,Hebbal,20.6,0.35
2026-09-04 00:00:00,Friday,0,0,,13,Afternoon,0,Electronic City,21.0,0.38
2026-09-04 00:00:00,Friday,0,0,,13,Afternoon,0,HSR Layout,18.8,0.42
2026-09-04 00:00:00,Friday,0,0,,14,Afternoon,0,MG Road / Central,18.9,0.38
2026-09-04 00:00:00,Friday,0,0,,14,Afternoon,0,Indiranagar,12.0,0.54
2026-09-04 00:00:00,Friday,0,0,,14,Afternoon,0,Whitefield,20.4,0.29
2026-09-04 00:00:00,Friday,0,0,,14,Afternoon,0,Koramangala,20.5,0.4
2026-09-04 00:00:00,Friday,0,0,,14,Afternoon,0,Jayanagar,21.9,0.27
2026-09-04 00:00:00,Friday,0,0,,14,Afternoon,0,Hebbal,28.9,0.09
2026-09-04 00:00:00,Friday,0,0,,14,Afternoon,0,Electronic City,24.5,0.33
2026-09-04 00:00:00,Friday,0,0,,14,Afternoon,0,HSR Layout,24.0,0.21
2026-09-04 00:00:00,Friday,0,0,,15,Afternoon,0,MG Road / Central,20.3,0.43
2026-09-04 00:00:00,Friday,0,0,,15,Afternoon,0,Indiranagar,18.9,0.39
2026-09-04 00:00:00,Friday,0,0,,15,Afternoon,0,Whitefield,20.7,0.32
2026-09-04 00:00:00,Friday,0,0,,15,Afternoon,0,Koramangala,20.0,0.35
2026-09-04 00:00:00,Friday,0,0,,15,Afternoon,0,Jayanagar,16.6,0.38
2026-09-04 00:00:00,Friday,0,0,,15,Afternoon,0,Hebbal,20.6,0.27
2026-09-04 00:00:00,Friday,0,0,,15,Afternoon,0,Electronic City,15.2,0.39
2026-09-04 00:00:00,Friday,0,0,,15,Afternoon,0,HSR Layout,25.3,0.18
2026-09-04 00:00:00,Friday,0,0,,16,Afternoon,0,MG Road / Central,12.2,0.59
2026-09-04 00:00:00,Friday,0,0,,16,Afternoon,0,Indiranagar,23.8,0.33
2026-09-04 00:00:00,Friday,0,0,,16,Afternoon,0,Whitefield,23.3,0.08
2026-09-04 00:00:00,Friday,0,0,,16,Afternoon,0,Koramangala,15.4,0.45
2026-09-04 00:00:00,Friday,0,0,,16,Afternoon,0,Jayanagar,27.6,0.13
2026-09-04 00:00:00,Friday,0,0,,16,Afternoon,0,Hebbal,20.5,0.28
2026-09-04 00:00:00,Friday,0,0,,16,Afternoon,0,Electronic City,28.9,0.1
2026-09-04 00:00:00,Friday,0,0,,16,Afternoon,0,HSR Layout,20.0,0.33
2026-09-04 00:00:00,Friday,0,0,,17,Evening,1,MG Road / Central,5.0,0.92
2026-09-04 00:00:00,Friday,0,0,,17,Evening,1,Indiranagar,13.1,0.52
2026-09-04 00:00:00,Friday,0,0,,17,Evening,1,Whitefield,14.2,0.54
2026-09-04 00:00:00,Friday,0,0,,17,Evening,1,Koramangala,10.6,0.67
2026-09-04 00:00:00,Friday,0,0,,17,Evening,1,Jayanagar,20.9,0.4
2026-09-04 00:00:00,Friday,0,0,,17,Evening,1,Hebbal,16.0,0.54
2026-09-04 00:00:00,Friday,0,0,,17,Evening,1,Electronic City,13.2,0.59
2026-09-04 00:00:00,Friday,0,0,,17,Evening,1,HSR Layout,12.3,0.62
2026-09-04 00:00:00,Friday,0,0,,18,Evening,1,MG Road / Central,9.3,0.78
2026-09-04 00:00:00,Friday,0,0,,18,Evening,1,Indiranagar,9.7,0.72
2026-09-04 00:00:00,Friday,0,0,,18,Evening,1,Whitefield,16.7,0.54
2026-09-04 00:00:00,Friday,0,0,,18,Evening,1,Koramangala,15.0,0.62
2026-09-04 00:00:00,Friday,0,0,,18,Evening,1,Jayanagar,10.8,0.55
2026-09-04 00:00:00,Friday,0,0,,18,Evening,1,Hebbal,11.7,0.57
2026-09-04 00:00:00,Friday,0,0,,18,Evening,1,Electronic City,9.2,0.65
2026-09-04 00:00:00,Friday,0,0,,18,Evening,1,HSR Layout,11.3,0.5
2026-09-04 00:00:00,Friday,0,0,,19,Evening,1,MG Road / Central,5.8,0.65
2026-09-04 00:00:00,Friday,0,0,,19,Evening,1,Indiranagar,16.2,0.51
2026-09-04 00:00:00,Friday,0,0,,19,Evening,1,Whitefield,11.5,0.64
2026-09-04 00:00:00,Friday,0,0,,19,Evening,1,Koramangala,12.4,0.58
2026-09-04 00:00:00,Friday,0,0,,19,Evening,1,Jayanagar,11.2,0.55
2026-09-04 00:00:00,Friday,0,0,,19,Evening,1,Hebbal,9.8,0.73
2026-09-04 00:00:00,Friday,0,0,,19,Evening,1,Electronic City,14.3,0.52
2026-09-04 00:00:00,Friday,0,0,,19,Evening,1,HSR Layout,8.7,0.58
2026-09-04 00:00:00,Friday,0,0,,20,Evening,1,MG Road / Central,8.5,0.67
2026-09-04 00:00:00,Friday,0,0,,20,Evening,1,Indiranagar,12.0,0.58
2026-09-04 00:00:00,Friday,0,0,,20,Evening,1,Whitefield,8.3,0.77
2026-09-04 00:00:00,Friday,0,0,,20,Evening,1,Koramangala,12.2,0.63
2026-09-04 00:00:00,Friday,0,0,,20,Evening,1,Jayanagar,10.3,0.72
2026-09-04 00:00:00,Friday,0,0,,20,Evening,1,Hebbal,12.0,0.56
2026-09-04 00:00:00,Friday,0,0,,20,Evening,1,Electronic City,11.8,0.63
2026-09-04 00:00:00,Friday,0,0,,20,Evening,1,HSR Layout,11.5,0.66
2026-09-04 00:00:00,Friday,0,0,,21,Night,0,MG Road / Central,13.2,0.53
2026-09-04 00:00:00,Friday,0,0,,21,Night,0,Indiranagar,13.7,0.56
2026-09-04 00:00:00,Friday,0,0,,21,Night,0,Whitefield,13.7,0.5
2026-09-04 00:00:00,Friday,0,0,,21,Night,0,Koramangala,12.1,0.61
2026-09-04 00:00:00,Friday,0,0,,21,Night,0,Jayanagar,23.9,0.17
2026-09-04 00:00:00,Friday,0,0,,21,Night,0,Hebbal,24.5,0.21
2026-09-04 00:00:00,Friday,0,0,,21,Night,0,Electronic City,19.5,0.31
2026-09-04 00:00:00,Friday,0,0,,21,Night,0,HSR Layout,26.9,0.25
2026-09-05 00:00:00,Saturday,1,0,,6,Morning,0,MG Road / Central,12.7,0.61
2026-09-05 00:00:00,Saturday,1,0,,6,Morning,0,Indiranagar,18.1,0.4
2026-09-05 00:00:00,Saturday,1,0,,6,Morning,0,Whitefield,18.2,0.32
2026-09-05 00:00:00,Saturday,1,0,,6,Morning,0,Koramangala,15.6,0.37
2026-09-05 00:00:00,Saturday,1,0,,6,Morning,0,Jayanagar,22.4,0.3
2026-09-05 00:00:00,Saturday,1,0,,6,Morning,0,Hebbal,27.4,0.19
2026-09-05 00:00:00,Saturday,1,0,,6,Morning,0,Electronic City,24.0,0.1
2026-09-05 00:00:00,Saturday,1,0,,6,Morning,0,HSR Layout,23.8,0.28
2026-09-05 00:00:00,Saturday,1,0,,7,Morning,0,MG Road / Central,11.0,0.6
2026-09-05 00:00:00,Saturday,1,0,,7,Morning,0,Indiranagar,14.0,0.53
2026-09-05 00:00:00,Saturday,1,0,,7,Morning,0,Whitefield,24.9,0.23
2026-09-05 00:00:00,Saturday,1,0,,7,Morning,0,Koramangala,12.5,0.48
2026-09-05 00:00:00,Saturday,1,0,,7,Morning,0,Jayanagar,19.9,0.43
2026-09-05 00:00:00,Saturday,1,0,,7,Morning,0,Hebbal,25.5,0.17
2026-09-05 00:00:00,Saturday,1,0,,7,Morning,0,Electronic City,21.2,0.31
2026-09-05 00:00:00,Saturday,1,0,,7,Morning,0,HSR Layout,23.1,0.18
2026-09-05 00:00:00,Saturday,1,0,,8,Morning,1,MG Road / Central,11.4,0.7
2026-09-05 00:00:00,Saturday,1,0,,8,Morning,1,Indiranagar,6.3,0.77
2026-09-05 00:00:00,Saturday,1,0,,8,Morning,1,Whitefield,5.0,0.64
2026-09-05 00:00:00,Saturday,1,0,,8,Morning,1,Koramangala,5.0,0.84
2026-09-05 00:00:00,Saturday,1,0,,8,Morning,1,Jayanagar,12.6,0.51
2026-09-05 00:00:00,Saturday,1,0,,8,Morning,1,Hebbal,20.5,0.39
2026-09-05 00:00:00,Saturday,1,0,,8,Morning,1,Electronic City,15.9,0.49
2026-09-05 00:00:00,Saturday,1,0,,8,Morning,1,HSR Layout,14.6,0.54
2026-09-05 00:00:00,Saturday,1,0,,9,Morning,1,MG Road / Central,6.2,0.71
2026-09-05 00:00:00,Saturday,1,0,,9,Morning,1,Indiranagar,5.0,0.82
2026-09-05 00:00:00,Saturday,1,0,,9,Morning,1,Whitefield,18.2,0.36
2026-09-05 00:00:00,Saturday,1,0,,9,Morning,1,Koramangala,5.3,0.88
2026-09-05 00:00:00,Saturday,1,0,,9,Morning,1,Jayanagar,14.1,0.51
2026-09-05 00:00:00,Saturday,1,0,,9,Morning,1,Hebbal,18.8,0.51
2026-09-05 00:00:00,Saturday,1,0,,9,Morning,1,Electronic City,13.0,0.6
2026-09-05 00:00:00,Saturday,1,0,,9,Morning,1,HSR Layout,10.3,0.67
2026-09-05 00:00:00,Saturday,1,0,,10,Morning,1,MG Road / Central,9.5,0.67
2026-09-05 00:00:00,Saturday,1,0,,10,Morning,1,Indiranagar,9.2,0.69
2026-09-05 00:00:00,Saturday,1,0,,10,Morning,1,Whitefield,11.0,0.64
2026-09-05 00:00:00,Saturday,1,0,,10,Morning,1,Koramangala,6.2,0.79
2026-09-05 00:00:00,Saturday,1,0,,10,Morning,1,Jayanagar,9.2,0.56
2026-09-05 00:00:00,Saturday,1,0,,10,Morning,1,Hebbal,10.9,0.66
2026-09-05 00:00:00,Saturday,1,0,,10,Morning,1,Electronic City,5.0,0.67
2026-09-05 00:00:00,Saturday,1,0,,10,Morning,1,HSR Layout,5.7,0.8
2026-09-05 00:00:00,Saturday,1,0,,11,Morning,1,MG Road / Central,11.9,0.53
2026-09-05 00:00:00,Saturday,1,0,,11,Morning,1,Indiranagar,13.7,0.47
2026-09-05 00:00:00,Saturday,1,0,,11,Morning,1,Whitefield,28.6,0.18
2026-09-05 00:00:00,Saturday,1,0,,11,Morning,1,Koramangala,19.1,0.38
2026-09-05 00:00:00,Saturday,1,0,,11,Morning,1,Jayanagar,20.4,0.35
2026-09-05 00:00:00,Saturday,1,0,,11,Morning,1,Hebbal,22.7,0.27
2026-09-05 00:00:00,Saturday,1,0,,11,Morning,1,Electronic City,13.7,0.54
2026-09-05 00:00:00,Saturday,1,0,,11,Morning,1,HSR Layout,23.9,0.27
2026-09-05 00:00:00,Saturday,1,0,,12,Afternoon,0,MG Road / Central,16.4,0.53
2026-09-05 00:00:00,Saturday,1,0,,12,Afternoon,0,Indiranagar,13.4,0.48
2026-09-05 00:00:00,Saturday,1,0,,12,Afternoon,0,Whitefield,14.3,0.45
2026-09-05 00:00:00,Saturday,1,0,,12,Afternoon,0,Koramangala,15.4,0.44
2026-09-05 00:00:00,Saturday,1,0,,12,Afternoon,0,Jayanagar,23.4,0.24
2026-09-05 00:00:00,Saturday,1,0,,12,Afternoon,0,Hebbal,22.2,0.29
2026-09-05 00:00:00,Saturday,1,0,,12,Afternoon,0,Electronic City,17.6,0.44
2026-09-05 00:00:00,Saturday,1,0,,12,Afternoon,0,HSR Layout,25.3,0.22
2026-09-05 00:00:00,Saturday,1,0,,13,Afternoon,0,MG Road / Central,11.3,0.54
2026-09-05 00:00:00,Saturday,1,0,,13,Afternoon,0,Indiranagar,17.3,0.47
2026-09-05 00:00:00,Saturday,1,0,,13,Afternoon,0,Whitefield,26.3,0.21
2026-09-05 00:00:00,Saturday,1,0,,13,Afternoon,0,Koramangala,18.8,0.38
2026-09-05 00:00:00,Saturday,1,0,,13,Afternoon,0,Jayanagar,23.2,0.23
2026-09-05 00:00:00,Saturday,1,0,,13,Afternoon,0,Hebbal,23.6,0.12
2026-09-05 00:00:00,Saturday,1,0,,13,Afternoon,0,Electronic City,15.1,0.44
2026-09-05 00:00:00,Saturday,1,0,,13,Afternoon,0,HSR Layout,21.8,0.13
2026-09-05 00:00:00,Saturday,1,0,,14,Afternoon,0,MG Road / Central,17.7,0.32
2026-09-05 00:00:00,Saturday,1,0,,14,Afternoon,0,Indiranagar,14.1,0.6
2026-09-05 00:00:00,Saturday,1,0,,14,Afternoon,0,Whitefield,29.5,0.17
2026-09-05 00:00:00,Saturday,1,0,,14,Afternoon,0,Koramangala,13.8,0.52
2026-09-05 00:00:00,Saturday,1,0,,14,Afternoon,0,Jayanagar,33.1,0.05
2026-09-05 00:00:00,Saturday,1,0,,14,Afternoon,0,Hebbal,24.2,0.08
2026-09-05 00:00:00,Saturday,1,0,,14,Afternoon,0,Electronic City,23.7,0.37
2026-09-05 00:00:00,Saturday,1,0,,14,Afternoon,0,HSR Layout,18.6,0.42
2026-09-05 00:00:00,Saturday,1,0,,15,Afternoon,0,MG Road / Central,17.6,0.47
2026-09-05 00:00:00,Saturday,1,0,,15,Afternoon,0,Indiranagar,15.8,0.49
2026-09-05 00:00:00,Saturday,1,0,,15,Afternoon,0,Whitefield,22.0,0.26
2026-09-05 00:00:00,Saturday,1,0,,15,Afternoon,0,Koramangala,20.2,0.31
2026-09-05 00:00:00,Saturday,1,0,,15,Afternoon,0,Jayanagar,28.3,0.05
2026-09-05 00:00:00,Saturday,1,0,,15,Afternoon,0,Hebbal,23.9,0.13
2026-09-05 00:00:00,Saturday,1,0,,15,Afternoon,0,Electronic City,24.6,0.27
2026-09-05 00:00:00,Saturday,1,0,,15,Afternoon,0,HSR Layout,16.1,0.36
2026-09-05 00:00:00,Saturday,1,0,,16,Afternoon,0,MG Road / Central,23.4,0.28
2026-09-05 00:00:00,Saturday,1,0,,16,Afternoon,0,Indiranagar,21.1,0.28
2026-09-05 00:00:00,Saturday,1,0,,16,Afternoon,0,Whitefield,18.6,0.32
2026-09-05 00:00:00,Saturday,1,0,,16,Afternoon,0,Koramangala,15.0,0.41
2026-09-05 00:00:00,Saturday,1,0,,16,Afternoon,0,Jayanagar,25.3,0.18
2026-09-05 00:00:00,Saturday,1,0,,16,Afternoon,0,Hebbal,29.1,0.06
2026-09-05 00:00:00,Saturday,1,0,,16,Afternoon,0,Electronic City,23.7,0.25
2026-09-05 00:00:00,Saturday,1,0,,16,Afternoon,0,HSR Layout,24.4,0.28
2026-09-05 00:00:00,Saturday,1,0,,17,Evening,1,MG Road / Central,7.7,0.72
2026-09-05 00:00:00,Saturday,1,0,,17,Evening,1,Indiranagar,9.6,0.71
2026-09-05 00:00:00,Saturday,1,0,,17,Evening,1,Whitefield,13.4,0.56
2026-09-05 00:00:00,Saturday,1,0,,17,Evening,1,Koramangala,10.2,0.62
2026-09-05 00:00:00,Saturday,1,0,,17,Evening,1,Jayanagar,22.0,0.38
2026-09-05 00:00:00,Saturday,1,0,,17,Evening,1,Hebbal,16.6,0.4
2026-09-05 00:00:00,Saturday,1,0,,17,Evening,1,Electronic City,17.9,0.46
2026-09-05 00:00:00,Saturday,1,0,,17,Evening,1,HSR Layout,17.1,0.51
2026-09-05 00:00:00,Saturday,1,0,,18,Evening,1,MG Road / Central,12.0,0.62
2026-09-05 00:00:00,Saturday,1,0,,18,Evening,1,Indiranagar,16.3,0.6
2026-09-05 00:00:00,Saturday,1,0,,18,Evening,1,Whitefield,18.4,0.41
2026-09-05 00:00:00,Saturday,1,0,,18,Evening,1,Koramangala,7.5,0.78
2026-09-05 00:00:00,Saturday,1,0,,18,Evening,1,Jayanagar,13.9,0.53
2026-09-05 00:00:00,Saturday,1,0,,18,Evening,1,Hebbal,13.0,0.56
2026-09-05 00:00:00,Saturday,1,0,,18,Evening,1,Electronic City,14.5,0.67
2026-09-05 00:00:00,Saturday,1,0,,18,Evening,1,HSR Layout,12.8,0.48
2026-09-05 00:00:00,Saturday,1,0,,19,Evening,1,MG Road / Central,14.5,0.69
2026-09-05 00:00:00,Saturday,1,0,,19,Evening,1,Indiranagar,15.2,0.6
2026-09-05 00:00:00,Saturday,1,0,,19,Evening,1,Whitefield,6.4,0.75
2026-09-05 00:00:00,Saturday,1,0,,19,Evening,1,Koramangala,10.2,0.77
2026-09-05 00:00:00,Saturday,1,0,,19,Evening,1,Jayanagar,14.5,0.5
2026-09-05 00:00:00,Saturday,1,0,,19,Evening,1,Hebbal,13.6,0.48
2026-09-05 00:00:00,Saturday,1,0,,19,Evening,1,Electronic City,13.4,0.47
2026-09-05 00:00:00,Saturday,1,0,,19,Evening,1,HSR Layout,11.8,0.55
2026-09-05 00:00:00,Saturday,1,0,,20,Evening,1,MG Road / Central,5.0,0.73
2026-09-05 00:00:00,Saturday,1,0,,20,Evening,1,Indiranagar,9.5,0.74
2026-09-05 00:00:00,Saturday,1,0,,20,Evening,1,Whitefield,21.4,0.31
2026-09-05 00:00:00,Saturday,1,0,,20,Evening,1,Koramangala,5.0,0.85
2026-09-05 00:00:00,Saturday,1,0,,20,Evening,1,Jayanagar,8.3,0.75
2026-09-05 00:00:00,Saturday,1,0,,20,Evening,1,Hebbal,15.9,0.47
2026-09-05 00:00:00,Saturday,1,0,,20,Evening,1,Electronic City,11.6,0.62
2026-09-05 00:00:00,Saturday,1,0,,20,Evening,1,HSR Layout,9.7,0.61
2026-09-05 00:00:00,Saturday,1,0,,21,Night,0,MG Road / Central,14.6,0.42
2026-09-05 00:00:00,Saturday,1,0,,21,Night,0,Indiranagar,16.6,0.39
2026-09-05 00:00:00,Saturday,1,0,,21,Night,0,Whitefield,27.6,0.16
2026-09-05 00:00:00,Saturday,1,0,,21,Night,0,Koramangala,15.3,0.53
2026-09-05 00:00:00,Saturday,1,0,,21,Night,0,Jayanagar,25.8,0.12
2026-09-05 00:00:00,Saturday,1,0,,21,Night,0,Hebbal,18.4,0.4
2026-09-05 00:00:00,Saturday,1,0,,21,Night,0,Electronic City,14.9,0.53
2026-09-05 00:00:00,Saturday,1,0,,21,Night,0,HSR Layout,21.2,0.27
2026-09-06 00:00:00,Sunday,1,0,,6,Morning,0,MG Road / Central,17.2,0.42
2026-09-06 00:00:00,Sunday,1,0,,6,Morning,0,Indiranagar,17.4,0.48
2026-09-06 00:00:00,Sunday,1,0,,6,Morning,0,Whitefield,22.7,0.16
2026-09-06 00:00:00,Sunday,1,0,,6,Morning,0,Koramangala,25.6,0.18
2026-09-06 00:00:00,Sunday,1,0,,6,Morning,0,Jayanagar,22.2,0.12
2026-09-06 00:00:00,Sunday,1,0,,6,Morning,0,Hebbal,26.1,0.3
2026-09-06 00:00:00,Sunday,1,0,,6,Morning,0,Electronic City,24.2,0.25
2026-09-06 00:00:00,Sunday,1,0,,6,Morning,0,HSR Layout,22.0,0.26
2026-09-06 00:00:00,Sunday,1,0,,7,Morning,0,MG Road / Central,14.1,0.51
2026-09-06 00:00:00,Sunday,1,0,,7,Morning,0,Indiranagar,17.7,0.43
2026-09-06 00:00:00,Sunday,1,0,,7,Morning,0,Whitefield,26.9,0.17
2026-09-06 00:00:00,Sunday,1,0,,7,Morning,0,Koramangala,17.1,0.38
2026-09-06 00:00:00,Sunday,1,0,,7,Morning,0,Jayanagar,18.8,0.31
2026-09-06 00:00:00,Sunday,1,0,,7,Morning,0,Hebbal,22.4,0.25
2026-09-06 00:00:00,Sunday,1,0,,7,Morning,0,Electronic City,19.5,0.38
2026-09-06 00:00:00,Sunday,1,0,,7,Morning,0,HSR Layout,24.2,0.25
2026-09-06 00:00:00,Sunday,1,0,,8,Morning,1,MG Road / Central,5.1,0.87
2026-09-06 00:00:00,Sunday,1,0,,8,Morning,1,Indiranagar,6.3,0.7
2026-09-06 00:00:00,Sunday,1,0,,8,Morning,1,Whitefield,16.7,0.42
2026-09-06 00:00:00,Sunday,1,0,,8,Morning,1,Koramangala,10.8,0.63
2026-09-06 00:00:00,Sunday,1,0,,8,Morning,1,Jayanagar,14.4,0.56
2026-09-06 00:00:00,Sunday,1,0,,8,Morning,1,Hebbal,14.7,0.54
2026-09-06 00:00:00,Sunday,1,0,,8,Morning,1,Electronic City,9.3,0.56
2026-09-06 00:00:00,Sunday,1,0,,8,Morning,1,HSR Layout,16.6,0.44
2026-09-06 00:00:00,Sunday,1,0,,9,Morning,1,MG Road / Central,14.6,0.55
2026-09-06 00:00:00,Sunday,1,0,,9,Morning,1,Indiranagar,5.9,0.88
2026-09-06 00:00:00,Sunday,1,0,,9,Morning,1,Whitefield,17.2,0.52
2026-09-06 00:00:00,Sunday,1,0,,9,Morning,1,Koramangala,7.8,0.72
2026-09-06 00:00:00,Sunday,1,0,,9,Morning,1,Jayanagar,15.1,0.48
2026-09-06 00:00:00,Sunday,1,0,,9,Morning,1,Hebbal,15.2,0.5
2026-09-06 00:00:00,Sunday,1,0,,9,Morning,1,Electronic City,12.9,0.57
2026-09-06 00:00:00,Sunday,1,0,,9,Morning,1,HSR Layout,14.3,0.6
2026-09-06 00:00:00,Sunday,1,0,,10,Morning,1,MG Road / Central,5.0,0.81
2026-09-06 00:00:00,Sunday,1,0,,10,Morning,1,Indiranagar,20.1,0.39
2026-09-06 00:00:00,Sunday,1,0,,10,Morning,1,Whitefield,18.0,0.39
2026-09-06 00:00:00,Sunday,1,0,,10,Morning,1,Koramangala,9.6,0.56
2026-09-06 00:00:00,Sunday,1,0,,10,Morning,1,Jayanagar,13.1,0.61
2026-09-06 00:00:00,Sunday,1,0,,10,Morning,1,Hebbal,10.4,0.48
2026-09-06 00:00:00,Sunday,1,0,,10,Morning,1,Electronic City,16.3,0.48
2026-09-06 00:00:00,Sunday,1,0,,10,Morning,1,HSR Layout,19.2,0.37
2026-09-06 00:00:00,Sunday,1,0,,11,Morning,1,MG Road / Central,19.2,0.4
2026-09-06 00:00:00,Sunday,1,0,,11,Morning,1,Indiranagar,15.6,0.41
2026-09-06 00:00:00,Sunday,1,0,,11,Morning,1,Whitefield,17.9,0.39
2026-09-06 00:00:00,Sunday,1,0,,11,Morning,1,Koramangala,16.2,0.4
2026-09-06 00:00:00,Sunday,1,0,,11,Morning,1,Jayanagar,22.3,0.2
2026-09-06 00:00:00,Sunday,1,0,,11,Morning,1,Hebbal,26.5,0.23
2026-09-06 00:00:00,Sunday,1,0,,11,Morning,1,Electronic City,24.2,0.09
2026-09-06 00:00:00,Sunday,1,0,,11,Morning,1,HSR Layout,16.8,0.43
2026-09-06 00:00:00,Sunday,1,0,,12,Afternoon,0,MG Road / Central,22.5,0.32
2026-09-06 00:00:00,Sunday,1,0,,12,Afternoon,0,Indiranagar,23.8,0.33
2026-09-06 00:00:00,Sunday,1,0,,12,Afternoon,0,Whitefield,19.1,0.33
2026-09-06 00:00:00,Sunday,1,0,,12,Afternoon,0,Koramangala,9.0,0.66
2026-09-06 00:00:00,Sunday,1,0,,12,Afternoon,0,Jayanagar,20.4,0.34
2026-09-06 00:00:00,Sunday,1,0,,12,Afternoon,0,Hebbal,20.9,0.41
2026-09-06 00:00:00,Sunday,1,0,,12,Afternoon,0,Electronic City,20.9,0.25
2026-09-06 00:00:00,Sunday,1,0,,12,Afternoon,0,HSR Layout,19.5,0.31
2026-09-06 00:00:00,Sunday,1,0,,13,Afternoon,0,MG Road / Central,11.0,0.64
2026-09-06 00:00:00,Sunday,1,0,,13,Afternoon,0,Indiranagar,19.7,0.36
2026-09-06 00:00:00,Sunday,1,0,,13,Afternoon,0,Whitefield,25.4,0.09
2026-09-06 00:00:00,Sunday,1,0,,13,Afternoon,0,Koramangala,12.4,0.54
2026-09-06 00:00:00,Sunday,1,0,,13,Afternoon,0,Jayanagar,27.3,0.12
2026-09-06 00:00:00,Sunday,1,0,,13,Afternoon,0,Hebbal,19.7,0.39
2026-09-06 00:00:00,Sunday,1,0,,13,Afternoon,0,Electronic City,17.4,0.37
2026-09-06 00:00:00,Sunday,1,0,,13,Afternoon,0,HSR Layout,30.6,0.08
2026-09-06 00:00:00,Sunday,1,0,,14,Afternoon,0,MG Road / Central,18.7,0.36
2026-09-06 00:00:00,Sunday,1,0,,14,Afternoon,0,Indiranagar,14.3,0.56
2026-09-06 00:00:00,Sunday,1,0,,14,Afternoon,0,Whitefield,25.2,0.3
2026-09-06 00:00:00,Sunday,1,0,,14,Afternoon,0,Koramangala,22.2,0.32
2026-09-06 00:00:00,Sunday,1,0,,14,Afternoon,0,Jayanagar,22.8,0.26
2026-09-06 00:00:00,Sunday,1,0,,14,Afternoon,0,Hebbal,18.0,0.43
2026-09-06 00:00:00,Sunday,1,0,,14,Afternoon,0,Electronic City,22.7,0.31
2026-09-06 00:00:00,Sunday,1,0,,14,Afternoon,0,HSR Layout,22.1,0.21
2026-09-06 00:00:00,Sunday,1,0,,15,Afternoon,0,MG Road / Central,17.8,0.27
2026-09-06 00:00:00,Sunday,1,0,,15,Afternoon,0,Indiranagar,8.4,0.65
2026-09-06 00:00:00,Sunday,1,0,,15,Afternoon,0,Whitefield,22.7,0.22
2026-09-06 00:00:00,Sunday,1,0,,15,Afternoon,0,Koramangala,18.5,0.44
2026-09-06 00:00:00,Sunday,1,0,,15,Afternoon,0,Jayanagar,18.2,0.35
2026-09-06 00:00:00,Sunday,1,0,,15,Afternoon,0,Hebbal,23.7,0.23
2026-09-06 00:00:00,Sunday,1,0,,15,Afternoon,0,Electronic City,26.6,0.22
2026-09-06 00:00:00,Sunday,1,0,,15,Afternoon,0,HSR Layout,22.2,0.31
2026-09-06 00:00:00,Sunday,1,0,,16,Afternoon,0,MG Road / Central,18.0,0.48
2026-09-06 00:00:00,Sunday,1,0,,16,Afternoon,0,Indiranagar,14.8,0.42
2026-09-06 00:00:00,Sunday,1,0,,16,Afternoon,0,Whitefield,19.8,0.3
2026-09-06 00:00:00,Sunday,1,0,,16,Afternoon,0,Koramangala,21.1,0.34
2026-09-06 00:00:00,Sunday,1,0,,16,Afternoon,0,Jayanagar,18.1,0.4
2026-09-06 00:00:00,Sunday,1,0,,16,Afternoon,0,Hebbal,24.8,0.29
2026-09-06 00:00:00,Sunday,1,0,,16,Afternoon,0,Electronic City,26.8,0.28
2026-09-06 00:00:00,Sunday,1,0,,16,Afternoon,0,HSR Layout,16.9,0.32
2026-09-06 00:00:00,Sunday,1,0,,17,Evening,1,MG Road / Central,7.1,0.79
2026-09-06 00:00:00,Sunday,1,0,,17,Evening,1,Indiranagar,5.7,0.85
2026-09-06 00:00:00,Sunday,1,0,,17,Evening,1,Whitefield,11.5,0.53
2026-09-06 00:00:00,Sunday,1,0,,17,Evening,1,Koramangala,8.1,0.67
2026-09-06 00:00:00,Sunday,1,0,,17,Evening,1,Jayanagar,16.8,0.48
2026-09-06 00:00:00,Sunday,1,0,,17,Evening,1,Hebbal,8.3,0.75
2026-09-06 00:00:00,Sunday,1,0,,17,Evening,1,Electronic City,18.7,0.41
2026-09-06 00:00:00,Sunday,1,0,,17,Evening,1,HSR Layout,8.0,0.69
2026-09-06 00:00:00,Sunday,1,0,,18,Evening,1,MG Road / Central,9.5,0.68
2026-09-06 00:00:00,Sunday,1,0,,18,Evening,1,Indiranagar,13.1,0.61
2026-09-06 00:00:00,Sunday,1,0,,18,Evening,1,Whitefield,14.8,0.54
2026-09-06 00:00:00,Sunday,1,0,,18,Evening,1,Koramangala,11.3,0.59
2026-09-06 00:00:00,Sunday,1,0,,18,Evening,1,Jayanagar,10.2,0.64
2026-09-06 00:00:00,Sunday,1,0,,18,Evening,1,Hebbal,6.5,0.76
2026-09-06 00:00:00,Sunday,1,0,,18,Evening,1,Electronic City,14.6,0.58
2026-09-06 00:00:00,Sunday,1,0,,18,Evening,1,HSR Layout,15.1,0.38
2026-09-06 00:00:00,Sunday,1,0,,19,Evening,1,MG Road / Central,17.0,0.52
2026-09-06 00:00:00,Sunday,1,0,,19,Evening,1,Indiranagar,16.1,0.63
2026-09-06 00:00:00,Sunday,1,0,,19,Evening,1,Whitefield,15.9,0.48
2026-09-06 00:00:00,Sunday,1,0,,19,Evening,1,Koramangala,7.5,0.89
2026-09-06 00:00:00,Sunday,1,0,,19,Evening,1,Jayanagar,8.5,0.8
2026-09-06 00:00:00,Sunday,1,0,,19,Evening,1,Hebbal,11.0,0.67
2026-09-06 00:00:00,Sunday,1,0,,19,Evening,1,Electronic City,9.6,0.64
2026-09-06 00:00:00,Sunday,1,0,,19,Evening,1,HSR Layout,16.4,0.45
2026-09-06 00:00:00,Sunday,1,0,,20,Evening,1,MG Road / Central,8.7,0.68
2026-09-06 00:00:00,Sunday,1,0,,20,Evening,1,Indiranagar,8.4,0.78
2026-09-06 00:00:00,Sunday,1,0,,20,Evening,1,Whitefield,16.1,0.56
2026-09-06 00:00:00,Sunday,1,0,,20,Evening,1,Koramangala,12.7,0.56
2026-09-06 00:00:00,Sunday,1,0,,20,Evening,1,Jayanagar,12.3,0.46
2026-09-06 00:00:00,Sunday,1,0,,20,Evening,1,Hebbal,13.6,0.54
2026-09-06 00:00:00,Sunday,1,0,,20,Evening,1,Electronic City,9.3,0.73
2026-09-06 00:00:00,Sunday,1,0,,20,Evening,1,HSR Layout,20.9,0.43
2026-09-06 00:00:00,Sunday,1,0,,21,Night,0,MG Road / Central,14.8,0.55
2026-09-06 00:00:00,Sunday,1,0,,21,Night,0,Indiranagar,16.9,0.37
2026-09-06 00:00:00,Sunday,1,0,,21,Night,0,Whitefield,26.0,0.21
2026-09-06 00:00:00,Sunday,1,0,,21,Night,0,Koramangala,14.3,0.63
2026-09-06 00:00:00,Sunday,1,0,,21,Night,0,Jayanagar,22.0,0.19
2026-09-06 00:00:00,Sunday,1,0,,21,Night,0,Hebbal,18.5,0.27
2026-09-06 00:00:00,Sunday,1,0,,21,Night,0,Electronic City,21.0,0.29
2026-09-06 00:00:00,Sunday,1,0,,21,Night,0,HSR Layout,21.0,0.19
2026-09-07 00:00:00,Monday,0,0,,6,Morning,0,MG Road / Central,15.1,0.46
2026-09-07 00:00:00,Monday,0,0,,6,Morning,0,Indiranagar,16.5,0.26
2026-09-07 00:00:00,Monday,0,0,,6,Morning,0,Whitefield,26.1,0.25
2026-09-07 00:00:00,Monday,0,0,,6,Morning,0,Koramangala,11.1,0.6
2026-09-07 00:00:00,Monday,0,0,,6,Morning,0,Jayanagar,25.6,0.18
2026-09-07 00:00:00,Monday,0,0,,6,Morning,0,Hebbal,26.7,0.13
2026-09-07 00:00:00,Monday,0,0,,6,Morning,0,Electronic City,22.2,0.34
2026-09-07 00:00:00,Monday,0,0,,6,Morning,0,HSR Layout,22.5,0.24
2026-09-07 00:00:00,Monday,0,0,,7,Morning,0,MG Road / Central,19.5,0.29
2026-09-07 00:00:00,Monday,0,0,,7,Morning,0,Indiranagar,19.6,0.37
2026-09-07 00:00:00,Monday,0,0,,7,Morning,0,Whitefield,17.6,0.36
2026-09-07 00:00:00,Monday,0,0,,7,Morning,0,Koramangala,12.1,0.58
2026-09-07 00:00:00,Monday,0,0,,7,Morning,0,Jayanagar,21.1,0.25
2026-09-07 00:00:00,Monday,0,0,,7,Morning,0,Hebbal,30.3,0.05
2026-09-07 00:00:00,Monday,0,0,,7,Morning,0,Electronic City,19.3,0.34
2026-09-07 00:00:00,Monday,0,0,,7,Morning,0,HSR Layout,23.3,0.26
2026-09-07 00:00:00,Monday,0,0,,8,Morning,1,MG Road / Central,13.6,0.51
2026-09-07 00:00:00,Monday,0,0,,8,Morning,1,Indiranagar,5.0,0.8
2026-09-07 00:00:00,Monday,0,0,,8,Morning,1,Whitefield,9.7,0.59
2026-09-07 00:00:00,Monday,0,0,,8,Morning,1,Koramangala,7.2,0.76
2026-09-07 00:00:00,Monday,0,0,,8,Morning,1,Jayanagar,21.6,0.36
2026-09-07 00:00:00,Monday,0,0,,8,Morning,1,Hebbal,14.5,0.46
2026-09-07 00:00:00,Monday,0,0,,8,Morning,1,Electronic City,15.1,0.57
2026-09-07 00:00:00,Monday,0,0,,8,Morning,1,HSR Layout,17.3,0.43
2026-09-07 00:00:00,Monday,0,0,,9,Morning,1,MG Road / Central,8.8,0.75
2026-09-07 00:00:00,Monday,0,0,,9,Morning,1,Indiranagar,7.6,0.72
2026-09-07 00:00:00,Monday,0,0,,9,Morning,1,Whitefield,16.7,0.45
2026-09-07 00:00:00,Monday,0,0,,9,Morning,1,Koramangala,7.0,0.57
2026-09-07 00:00:00,Monday,0,0,,9,Morning,1,Jayanagar,13.7,0.6
2026-09-07 00:00:00,Monday,0,0,,9,Morning,1,Hebbal,20.0,0.27
2026-09-07 00:00:00,Monday,0,0,,9,Morning,1,Electronic City,15.4,0.62
2026-09-07 00:00:00,Monday,0,0,,9,Morning,1,HSR Layout,12.0,0.55
2026-09-07 00:00:00,Monday,0,0,,10,Morning,1,MG Road / Central,12.4,0.68
2026-09-07 00:00:00,Monday,0,0,,10,Morning,1,Indiranagar,9.7,0.62
2026-09-07 00:00:00,Monday,0,0,,10,Morning,1,Whitefield,13.3,0.49
2026-09-07 00:00:00,Monday,0,0,,10,Morning,1,Koramangala,11.8,0.71
2026-09-07 00:00:00,Monday,0,0,,10,Morning,1,Jayanagar,11.8,0.59
2026-09-07 00:00:00,Monday,0,0,,10,Morning,1,Hebbal,11.4,0.51
2026-09-07 00:00:00,Monday,0,0,,10,Morning,1,Electronic City,10.2,0.66
2026-09-07 00:00:00,Monday,0,0,,10,Morning,1,HSR Layout,20.5,0.53
2026-09-07 00:00:00,Monday,0,0,,11,Morning,1,MG Road / Central,15.4,0.44
2026-09-07 00:00:00,Monday,0,0,,11,Morning,1,Indiranagar,21.8,0.35
2026-09-07 00:00:00,Monday,0,0,,11,Morning,1,Whitefield,19.2,0.26
2026-09-07 00:00:00,Monday,0,0,,11,Morning,1,Koramangala,13.4,0.51
2026-09-07 00:00:00,Monday,0,0,,11,Morning,1,Jayanagar,17.9,0.47
2026-09-07 00:00:00,Monday,0,0,,11,Morning,1,Hebbal,26.7,0.2
2026-09-07 00:00:00,Monday,0,0,,11,Morning,1,Electronic City,24.0,0.26
2026-09-07 00:00:00,Monday,0,0,,11,Morning,1,HSR Layout,19.1,0.31
2026-09-07 00:00:00,Monday,0,0,,12,Afternoon,0,MG Road / Central,22.4,0.32
2026-09-07 00:00:00,Monday,0,0,,12,Afternoon,0,Indiranagar,18.4,0.36
2026-09-07 00:00:00,Monday,0,0,,12,Afternoon,0,Whitefield,26.8,0.14
2026-09-07 00:00:00,Monday,0,0,,12,Afternoon,0,Koramangala,8.4,0.65
2026-09-07 00:00:00,Monday,0,0,,12,Afternoon,0,Jayanagar,25.2,0.25
2026-09-07 00:00:00,Monday,0,0,,12,Afternoon,0,Hebbal,23.7,0.24
2026-09-07 00:00:00,Monday,0,0,,12,Afternoon,0,Electronic City,27.2,0.12
2026-09-07 00:00:00,Monday,0,0,,12,Afternoon,0,HSR Layout,25.1,0.23
2026-09-07 00:00:00,Monday,0,0,,13,Afternoon,0,MG Road / Central,18.9,0.54
2026-09-07 00:00:00,Monday,0,0,,13,Afternoon,0,Indiranagar,16.6,0.47
2026-09-07 00:00:00,Monday,0,0,,13,Afternoon,0,Whitefield,21.1,0.27
2026-09-07 00:00:00,Monday,0,0,,13,Afternoon,0,Koramangala,16.2,0.44
2026-09-07 00:00:00,Monday,0,0,,13,Afternoon,0,Jayanagar,24.5,0.27
2026-09-07 00:00:00,Monday,0,0,,13,Afternoon,0,Hebbal,28.4,0.13
2026-09-07 00:00:00,Monday,0,0,,13,Afternoon,0,Electronic City,17.5,0.41
2026-09-07 00:00:00,Monday,0,0,,13,Afternoon,0,HSR Layout,27.3,0.05
2026-09-07 00:00:00,Monday,0,0,,14,Afternoon,0,MG Road / Central,13.3,0.56
2026-09-07 00:00:00,Monday,0,0,,14,Afternoon,0,Indiranagar,20.6,0.28
2026-09-07 00:00:00,Monday,0,0,,14,Afternoon,0,Whitefield,20.6,0.35
2026-09-07 00:00:00,Monday,0,0,,14,Afternoon,0,Koramangala,18.1,0.37
2026-09-07 00:00:00,Monday,0,0,,14,Afternoon,0,Jayanagar,22.1,0.2
2026-09-07 00:00:00,Monday,0,0,,14,Afternoon,0,Hebbal,16.0,0.44
2026-09-07 00:00:00,Monday,0,0,,14,Afternoon,0,Electronic City,21.2,0.4
2026-09-07 00:00:00,Monday,0,0,,14,Afternoon,0,HSR Layout,18.0,0.37
2026-09-07 00:00:00,Monday,0,0,,15,Afternoon,0,MG Road / Central,16.5,0.45
2026-09-07 00:00:00,Monday,0,0,,15,Afternoon,0,Indiranagar,21.9,0.29
2026-09-07 00:00:00,Monday,0,0,,15,Afternoon,0,Whitefield,29.1,0.11
2026-09-07 00:00:00,Monday,0,0,,15,Afternoon,0,Koramangala,20.1,0.34
2026-09-07 00:00:00,Monday,0,0,,15,Afternoon,0,Jayanagar,21.0,0.28
2026-09-07 00:00:00,Monday,0,0,,15,Afternoon,0,Hebbal,19.4,0.32
2026-09-07 00:00:00,Monday,0,0,,15,Afternoon,0,Electronic City,16.7,0.35
2026-09-07 00:00:00,Monday,0,0,,15,Afternoon,0,HSR Layout,25.9,0.27
2026-09-07 00:00:00,Monday,0,0,,16,Afternoon,0,MG Road / Central,20.2,0.28
2026-09-07 00:00:00,Monday,0,0,,16,Afternoon,0,Indiranagar,16.5,0.46
2026-09-07 00:00:00,Monday,0,0,,16,Afternoon,0,Whitefield,22.2,0.29
2026-09-07 00:00:00,Monday,0,0,,16,Afternoon,0,Koramangala,17.9,0.48
2026-09-07 00:00:00,Monday,0,0,,16,Afternoon,0,Jayanagar,20.5,0.3
2026-09-07 00:00:00,Monday,0,0,,16,Afternoon,0,Hebbal,23.9,0.33
2026-09-07 00:00:00,Monday,0,0,,16,Afternoon,0,Electronic City,21.0,0.23
2026-09-07 00:00:00,Monday,0,0,,16,Afternoon,0,HSR Layout,18.3,0.38
2026-09-07 00:00:00,Monday,0,0,,17,Evening,1,MG Road / Central,18.5,0.44
2026-09-07 00:00:00,Monday,0,0,,17,Evening,1,Indiranagar,10.7,0.64
2026-09-07 00:00:00,Monday,0,0,,17,Evening,1,Whitefield,12.7,0.59
2026-09-07 00:00:00,Monday,0,0,,17,Evening,1,Koramangala,5.6,0.79
2026-09-07 00:00:00,Monday,0,0,,17,Evening,1,Jayanagar,11.1,0.61
2026-09-07 00:00:00,Monday,0,0,,17,Evening,1,Hebbal,12.1,0.64
2026-09-07 00:00:00,Monday,0,0,,17,Evening,1,Electronic City,19.0,0.44
2026-09-07 00:00:00,Monday,0,0,,17,Evening,1,HSR Layout,17.0,0.49
2026-09-07 00:00:00,Monday,0,0,,18,Evening,1,MG Road / Central,11.4,0.74
2026-09-07 00:00:00,Monday,0,0,,18,Evening,1,Indiranagar,9.1,0.67
2026-09-07 00:00:00,Monday,0,0,,18,Evening,1,Whitefield,13.0,0.55
2026-09-07 00:00:00,Monday,0,0,,18,Evening,1,Koramangala,5.0,0.8
2026-09-07 00:00:00,Monday,0,0,,18,Evening,1,Jayanagar,15.2,0.42
2026-09-07 00:00:00,Monday,0,0,,18,Evening,1,Hebbal,13.5,0.66
2026-09-07 00:00:00,Monday,0,0,,18,Evening,1,Electronic City,13.5,0.54
2026-09-07 00:00:00,Monday,0,0,,18,Evening,1,HSR Layout,15.6,0.56
2026-09-07 00:00:00,Monday,0,0,,19,Evening,1,MG Road / Central,12.8,0.59
2026-09-07 00:00:00,Monday,0,0,,19,Evening,1,Indiranagar,6.5,0.82
2026-09-07 00:00:00,Monday,0,0,,19,Evening,1,Whitefield,14.8,0.57
2026-09-07 00:00:00,Monday,0,0,,19,Evening,1,Koramangala,20.1,0.38
2026-09-07 00:00:00,Monday,0,0,,19,Evening,1,Jayanagar,12.2,0.47
2026-09-07 00:00:00,Monday,0,0,,19,Evening,1,Hebbal,14.4,0.61
2026-09-07 00:00:00,Monday,0,0,,19,Evening,1,Electronic City,15.9,0.53
2026-09-07 00:00:00,Monday,0,0,,19,Evening,1,HSR Layout,10.3,0.74
2026-09-07 00:00:00,Monday,0,0,,20,Evening,1,MG Road / Central,5.0,0.9
2026-09-07 00:00:00,Monday,0,0,,20,Evening,1,Indiranagar,5.5,0.71
2026-09-07 00:00:00,Monday,0,0,,20,Evening,1,Whitefield,12.7,0.52
2026-09-07 00:00:00,Monday,0,0,,20,Evening,1,Koramangala,5.0,0.96
2026-09-07 00:00:00,Monday,0,0,,20,Evening,1,Jayanagar,14.2,0.56
2026-09-07 00:00:00,Monday,0,0,,20,Evening,1,Hebbal,16.7,0.56
2026-09-07 00:00:00,Monday,0,0,,20,Evening,1,Electronic City,16.1,0.48
2026-09-07 00:00:00,Monday,0,0,,20,Evening,1,HSR Layout,13.5,0.46
2026-09-07 00:00:00,Monday,0,0,,21,Night,0,MG Road / Central,20.1,0.33
2026-09-07 00:00:00,Monday,0,0,,21,Night,0,Indiranagar,18.2,0.35
2026-09-07 00:00:00,Monday,0,0,,21,Night,0,Whitefield,27.4,0.08
2026-09-07 00:00:00,Monday,0,0,,21,Night,0,Koramangala,24.9,0.22
2026-09-07 00:00:00,Monday,0,0,,21,Night,0,Jayanagar,19.3,0.26
2026-09-07 00:00:00,Monday,0,0,,21,Night,0,Hebbal,22.1,0.21
2026-09-07 00:00:00,Monday,0,0,,21,Night,0,Electronic City,24.0,0.29
2026-09-07 00:00:00,Monday,0,0,,21,Night,0,HSR Layout,28.7,0.05
2026-09-08 00:00:00,Tuesday,0,0,,6,Morning,0,MG Road / Central,19.9,0.38
2026-09-08 00:00:00,Tuesday,0,0,,6,Morning,0,Indiranagar,15.7,0.43
2026-09-08 00:00:00,Tuesday,0,0,,6,Morning,0,Whitefield,22.1,0.21
2026-09-08 00:00:00,Tuesday,0,0,,6,Morning,0,Koramangala,14.2,0.53
2026-09-08 00:00:00,Tuesday,0,0,,6,Morning,0,Jayanagar,15.5,0.48
2026-09-08 00:00:00,Tuesday,0,0,,6,Morning,0,Hebbal,22.0,0.16
2026-09-08 00:00:00,Tuesday,0,0,,6,Morning,0,Electronic City,25.3,0.05
2026-09-08 00:00:00,Tuesday,0,0,,6,Morning,0,HSR Layout,22.6,0.28
2026-09-08 00:00:00,Tuesday,0,0,,7,Morning,0,MG Road / Central,25.5,0.21
2026-09-08 00:00:00,Tuesday,0,0,,7,Morning,0,Indiranagar,20.0,0.34
2026-09-08 00:00:00,Tuesday,0,0,,7,Morning,0,Whitefield,18.5,0.44
2026-09-08 00:00:00,Tuesday,0,0,,7,Morning,0,Koramangala,17.2,0.37
2026-09-08 00:00:00,Tuesday,0,0,,7,Morning,0,Jayanagar,27.1,0.05
2026-09-08 00:00:00,Tuesday,0,0,,7,Morning,0,Hebbal,21.3,0.22
2026-09-08 00:00:00,Tuesday,0,0,,7,Morning,0,Electronic City,23.1,0.23
2026-09-08 00:00:00,Tuesday,0,0,,7,Morning,0,HSR Layout,22.0,0.22
2026-09-08 00:00:00,Tuesday,0,0,,8,Morning,1,MG Road / Central,9.3,0.72
2026-09-08 00:00:00,Tuesday,0,0,,8,Morning,1,Indiranagar,15.7,0.57
2026-09-08 00:00:00,Tuesday,0,0,,8,Morning,1,Whitefield,13.9,0.54
2026-09-08 00:00:00,Tuesday,0,0,,8,Morning,1,Koramangala,6.9,0.78
2026-09-08 00:00:00,Tuesday,0,0,,8,Morning,1,Jayanagar,10.6,0.66
2026-09-08 00:00:00,Tuesday,0,0,,8,Morning,1,Hebbal,16.4,0.48
2026-09-08 00:00:00,Tuesday,0,0,,8,Morning,1,Electronic City,17.8,0.41
2026-09-08 00:00:00,Tuesday,0,0,,8,Morning,1,HSR Layout,13.2,0.55
2026-09-08 00:00:00,Tuesday,0,0,,9,Morning,1,MG Road / Central,5.7,0.68
2026-09-08 00:00:00,Tuesday,0,0,,9,Morning,1,Indiranagar,11.2,0.63
2026-09-08 00:00:00,Tuesday,0,0,,9,Morning,1,Whitefield,10.9,0.57
2026-09-08 00:00:00,Tuesday,0,0,,9,Morning,1,Koramangala,5.0,0.85
2026-09-08 00:00:00,Tuesday,0,0,,9,Morning,1,Jayanagar,10.9,0.67
2026-09-08 00:00:00,Tuesday,0,0,,9,Morning,1,Hebbal,19.4,0.47
2026-09-08 00:00:00,Tuesday,0,0,,9,Morning,1,Electronic City,19.6,0.41
2026-09-08 00:00:00,Tuesday,0,0,,9,Morning,1,HSR Layout,8.6,0.67
2026-09-08 00:00:00,Tuesday,0,0,,10,Morning,1,MG Road / Central,5.0,0.87
2026-09-08 00:00:00,Tuesday,0,0,,10,Morning,1,Indiranagar,8.5,0.73
2026-09-08 00:00:00,Tuesday,0,0,,10,Morning,1,Whitefield,15.6,0.53
2026-09-08 00:00:00,Tuesday,0,0,,10,Morning,1,Koramangala,5.0,0.8
2026-09-08 00:00:00,Tuesday,0,0,,10,Morning,1,Jayanagar,5.5,0.71
2026-09-08 00:00:00,Tuesday,0,0,,10,Morning,1,Hebbal,12.0,0.67
2026-09-08 00:00:00,Tuesday,0,0,,10,Morning,1,Electronic City,16.6,0.42
2026-09-08 00:00:00,Tuesday,0,0,,10,Morning,1,HSR Layout,17.1,0.42
2026-09-08 00:00:00,Tuesday,0,0,,11,Morning,1,MG Road / Central,20.7,0.36
2026-09-08 00:00:00,Tuesday,0,0,,11,Morning,1,Indiranagar,16.1,0.56
2026-09-08 00:00:00,Tuesday,0,0,,11,Morning,1,Whitefield,24.1,0.18
2026-09-08 00:00:00,Tuesday,0,0,,11,Morning,1,Koramangala,22.4,0.2
2026-09-08 00:00:00,Tuesday,0,0,,11,Morning,1,Jayanagar,22.3,0.37
2026-09-08 00:00:00,Tuesday,0,0,,11,Morning,1,Hebbal,25.8,0.1
2026-09-08 00:00:00,Tuesday,0,0,,11,Morning,1,Electronic City,23.2,0.25
2026-09-08 00:00:00,Tuesday,0,0,,11,Morning,1,HSR Layout,26.3,0.15
2026-09-08 00:00:00,Tuesday,0,0,,12,Afternoon,0,MG Road / Central,19.7,0.34
2026-09-08 00:00:00,Tuesday,0,0,,12,Afternoon,0,Indiranagar,16.0,0.47
2026-09-08 00:00:00,Tuesday,0,0,,12,Afternoon,0,Whitefield,23.9,0.2
2026-09-08 00:00:00,Tuesday,0,0,,12,Afternoon,0,Koramangala,17.6,0.39
2026-09-08 00:00:00,Tuesday,0,0,,12,Afternoon,0,Jayanagar,26.6,0.22
2026-09-08 00:00:00,Tuesday,0,0,,12,Afternoon,0,Hebbal,19.9,0.32
2026-09-08 00:00:00,Tuesday,0,0,,12,Afternoon,0,Electronic City,19.3,0.33
2026-09-08 00:00:00,Tuesday,0,0,,12,Afternoon,0,HSR Layout,19.0,0.39
2026-09-08 00:00:00,Tuesday,0,0,,13,Afternoon,0,MG Road / Central,19.3,0.39
2026-09-08 00:00:00,Tuesday,0,0,,13,Afternoon,0,Indiranagar,21.4,0.21
2026-09-08 00:00:00,Tuesday,0,0,,13,Afternoon,0,Whitefield,27.1,0.11
2026-09-08 00:00:00,Tuesday,0,0,,13,Afternoon,0,Koramangala,16.2,0.61
2026-09-08 00:00:00,Tuesday,0,0,,13,Afternoon,0,Jayanagar,21.2,0.33
2026-09-08 00:00:00,Tuesday,0,0,,13,Afternoon,0,Hebbal,27.4,0.05
2026-09-08 00:00:00,Tuesday,0,0,,13,Afternoon,0,Electronic City,24.1,0.16
2026-09-08 00:00:00,Tuesday,0,0,,13,Afternoon,0,HSR Layout,22.2,0.23
2026-09-08 00:00:00,Tuesday,0,0,,14,Afternoon,0,MG Road / Central,26.6,0.16
2026-09-08 00:00:00,Tuesday,0,0,,14,Afternoon,0,Indiranagar,22.3,0.27
2026-09-08 00:00:00,Tuesday,0,0,,14,Afternoon,0,Whitefield,13.2,0.5
2026-09-08 00:00:00,Tuesday,0,0,,14,Afternoon,0,Koramangala,26.5,0.1
2026-09-08 00:00:00,Tuesday,0,0,,14,Afternoon,0,Jayanagar,22.5,0.38
2026-09-08 00:00:00,Tuesday,0,0,,14,Afternoon,0,Hebbal,27.9,0.1
2026-09-08 00:00:00,Tuesday,0,0,,14,Afternoon,0,Electronic City,24.0,0.19
2026-09-08 00:00:00,Tuesday,0,0,,14,Afternoon,0,HSR Layout,10.0,0.57
2026-09-08 00:00:00,Tuesday,0,0,,15,Afternoon,0,MG Road / Central,18.0,0.43
2026-09-08 00:00:00,Tuesday,0,0,,15,Afternoon,0,Indiranagar,14.3,0.53
2026-09-08 00:00:00,Tuesday,0,0,,15,Afternoon,0,Whitefield,20.6,0.29
2026-09-08 00:00:00,Tuesday,0,0,,15,Afternoon,0,Koramangala,16.3,0.43
2026-09-08 00:00:00,Tuesday,0,0,,15,Afternoon,0,Jayanagar,19.5,0.32
2026-09-08 00:00:00,Tuesday,0,0,,15,Afternoon,0,Hebbal,21.1,0.3
2026-09-08 00:00:00,Tuesday,0,0,,15,Afternoon,0,Electronic City,18.3,0.39
2026-09-08 00:00:00,Tuesday,0,0,,15,Afternoon,0,HSR Layout,31.0,0.05
2026-09-08 00:00:00,Tuesday,0,0,,16,Afternoon,0,MG Road / Central,20.0,0.29
2026-09-08 00:00:00,Tuesday,0,0,,16,Afternoon,0,Indiranagar,22.9,0.33
2026-09-08 00:00:00,Tuesday,0,0,,16,Afternoon,0,Whitefield,34.8,0.05
2026-09-08 00:00:00,Tuesday,0,0,,16,Afternoon,0,Koramangala,14.6,0.53
2026-09-08 00:00:00,Tuesday,0,0,,16,Afternoon,0,Jayanagar,23.3,0.24
2026-09-08 00:00:00,Tuesday,0,0,,16,Afternoon,0,Hebbal,21.9,0.31
2026-09-08 00:00:00,Tuesday,0,0,,16,Afternoon,0,Electronic City,20.7,0.32
2026-09-08 00:00:00,Tuesday,0,0,,16,Afternoon,0,HSR Layout,22.9,0.23
2026-09-08 00:00:00,Tuesday,0,0,,17,Evening,1,MG Road / Central,12.0,0.68
2026-09-08 00:00:00,Tuesday,0,0,,17,Evening,1,Indiranagar,5.0,0.77
2026-09-08 00:00:00,Tuesday,0,0,,17,Evening,1,Whitefield,11.5,0.63
2026-09-08 00:00:00,Tuesday,0,0,,17,Evening,1,Koramangala,8.3,0.7
2026-09-08 00:00:00,Tuesday,0,0,,17,Evening,1,Jayanagar,11.3,0.68
2026-09-08 00:00:00,Tuesday,0,0,,17,Evening,1,Hebbal,17.1,0.46
2026-09-08 00:00:00,Tuesday,0,0,,17,Evening,1,Electronic City,14.2,0.43
2026-09-08 00:00:00,Tuesday,0,0,,17,Evening,1,HSR Layout,17.5,0.47
2026-09-08 00:00:00,Tuesday,0,0,,18,Evening,1,MG Road / Central,6.6,0.81
2026-09-08 00:00:00,Tuesday,0,0,,18,Evening,1,Indiranagar,7.4,0.79
2026-09-08 00:00:00,Tuesday,0,0,,18,Evening,1,Whitefield,16.7,0.47
2026-09-08 00:00:00,Tuesday,0,0,,18,Evening,1,Koramangala,7.6,0.8
2026-09-08 00:00:00,Tuesday,0,0,,18,Evening,1,Jayanagar,10.6,0.69
2026-09-08 00:00:00,Tuesday,0,0,,18,Evening,1,Hebbal,14.4,0.59
2026-09-08 00:00:00,Tuesday,0,0,,18,Evening,1,Electronic City,11.8,0.55
2026-09-08 00:00:00,Tuesday,0,0,,18,Evening,1,HSR Layout,12.6,0.53
2026-09-08 00:00:00,Tuesday,0,0,,19,Evening,1,MG Road / Central,11.1,0.62
2026-09-08 00:00:00,Tuesday,0,0,,19,Evening,1,Indiranagar,11.2,0.6
2026-09-08 00:00:00,Tuesday,0,0,,19,Evening,1,Whitefield,20.7,0.32
2026-09-08 00:00:00,Tuesday,0,0,,19,Evening,1,Koramangala,7.4,0.7
2026-09-08 00:00:00,Tuesday,0,0,,19,Evening,1,Jayanagar,13.0,0.63
2026-09-08 00:00:00,Tuesday,0,0,,19,Evening,1,Hebbal,17.8,0.36
2026-09-08 00:00:00,Tuesday,0,0,,19,Evening,1,Electronic City,14.4,0.46
2026-09-08 00:00:00,Tuesday,0,0,,19,Evening,1,HSR Layout,10.1,0.65
2026-09-08 00:00:00,Tuesday,0,0,,20,Evening,1,MG Road / Central,5.9,0.67
2026-09-08 00:00:00,Tuesday,0,0,,20,Evening,1,Indiranagar,5.0,0.78
2026-09-08 00:00:00,Tuesday,0,0,,20,Evening,1,Whitefield,13.8,0.56
2026-09-08 00:00:00,Tuesday,0,0,,20,Evening,1,Koramangala,5.0,0.86
2026-09-08 00:00:00,Tuesday,0,0,,20,Evening,1,Jayanagar,24.7,0.19
2026-09-08 00:00:00,Tuesday,0,0,,20,Evening,1,Hebbal,9.5,0.77
2026-09-08 00:00:00,Tuesday,0,0,,20,Evening,1,Electronic City,11.8,0.58
2026-09-08 00:00:00,Tuesday,0,0,,20,Evening,1,HSR Layout,8.6,0.65
2026-09-08 00:00:00,Tuesday,0,0,,21,Night,0,MG Road / Central,17.3,0.46
2026-09-08 00:00:00,Tuesday,0,0,,21,Night,0,Indiranagar,19.7,0.53
2026-09-08 00:00:00,Tuesday,0,0,,21,Night,0,Whitefield,20.1,0.3
2026-09-08 00:00:00,Tuesday,0,0,,21,Night,0,Koramangala,14.6,0.4
2026-09-08 00:00:00,Tuesday,0,0,,21,Night,0,Jayanagar,24.2,0.17
2026-09-08 00:00:00,Tuesday,0,0,,21,Night,0,Hebbal,24.7,0.19
2026-09-08 00:00:00,Tuesday,0,0,,21,Night,0,Electronic City,27.7,0.15
2026-09-08 00:00:00,Tuesday,0,0,,21,Night,0,HSR Layout,22.5,0.25
2026-09-09 00:00:00,Wednesday,0,0,,6,Morning,0,MG Road / Central,19.5,0.36
2026-09-09 00:00:00,Wednesday,0,0,,6,Morning,0,Indiranagar,13.3,0.5
2026-09-09 00:00:00,Wednesday,0,0,,6,Morning,0,Whitefield,24.3,0.17
2026-09-09 00:00:00,Wednesday,0,0,,6,Morning,0,Koramangala,21.2,0.24
2026-09-09 00:00:00,Wednesday,0,0,,6,Morning,0,Jayanagar,26.0,0.19
2026-09-09 00:00:00,Wednesday,0,0,,6,Morning,0,Hebbal,21.9,0.28
2026-09-09 00:00:00,Wednesday,0,0,,6,Morning,0,Electronic City,19.2,0.35
2026-09-09 00:00:00,Wednesday,0,0,,6,Morning,0,HSR Layout,20.9,0.3
2026-09-09 00:00:00,Wednesday,0,0,,7,Morning,0,MG Road / Central,15.9,0.43
2026-09-09 00:00:00,Wednesday,0,0,,7,Morning,0,Indiranagar,26.5,0.11
2026-09-09 00:00:00,Wednesday,0,0,,7,Morning,0,Whitefield,19.2,0.42
2026-09-09 00:00:00,Wednesday,0,0,,7,Morning,0,Koramangala,17.0,0.52
2026-09-09 00:00:00,Wednesday,0,0,,7,Morning,0,Jayanagar,22.6,0.26
2026-09-09 00:00:00,Wednesday,0,0,,7,Morning,0,Hebbal,24.1,0.18
2026-09-09 00:00:00,Wednesday,0,0,,7,Morning,0,Electronic City,22.7,0.32
2026-09-09 00:00:00,Wednesday,0,0,,7,Morning,0,HSR Layout,22.1,0.23
2026-09-09 00:00:00,Wednesday,0,0,,8,Morning,1,MG Road / Central,10.2,0.7
2026-09-09 00:00:00,Wednesday,0,0,,8,Morning,1,Indiranagar,9.6,0.53
2026-09-09 00:00:00,Wednesday,0,0,,8,Morning,1,Whitefield,13.0,0.48
2026-09-09 00:00:00,Wednesday,0,0,,8,Morning,1,Koramangala,10.5,0.64
2026-09-09 00:00:00,Wednesday,0,0,,8,Morning,1,Jayanagar,18.0,0.5
2026-09-09 00:00:00,Wednesday,0,0,,8,Morning,1,Hebbal,12.9,0.59
2026-09-09 00:00:00,Wednesday,0,0,,8,Morning,1,Electronic City,9.0,0.62
2026-09-09 00:00:00,Wednesday,0,0,,8,Morning,1,HSR Layout,9.6,0.67
2026-09-09 00:00:00,Wednesday,0,0,,9,Morning,1,MG Road / Central,5.0,0.78
2026-09-09 00:00:00,Wednesday,0,0,,9,Morning,1,Indiranagar,16.2,0.51
2026-09-09 00:00:00,Wednesday,0,0,,9,Morning,1,Whitefield,10.3,0.6
2026-09-09 00:00:00,Wednesday,0,0,,9,Morning,1,Koramangala,14.4,0.6
2026-09-09 00:00:00,Wednesday,0,0,,9,Morning,1,Jayanagar,21.1,0.41
2026-09-09 00:00:00,Wednesday,0,0,,9,Morning,1,Hebbal,18.0,0.44
2026-09-09 00:00:00,Wednesday,0,0,,9,Morning,1,Electronic City,15.9,0.51
2026-09-09 00:00:00,Wednesday,0,0,,9,Morning,1,HSR Layout,15.1,0.48
2026-09-09 00:00:00,Wednesday,0,0,,10,Morning,1,MG Road / Central,6.8,0.7
2026-09-09 00:00:00,Wednesday,0,0,,10,Morning,1,Indiranagar,5.3,0.79
2026-09-09 00:00:00,Wednesday,0,0,,10,Morning,1,Whitefield,12.3,0.52
2026-09-09 00:00:00,Wednesday,0,0,,10,Morning,1,Koramangala,17.8,0.39
2026-09-09 00:00:00,Wednesday,0,0,,10,Morning,1,Jayanagar,6.4,0.84
2026-09-09 00:00:00,Wednesday,0,0,,10,Morning,1,Hebbal,13.0,0.55
2026-09-09 00:00:00,Wednesday,0,0,,10,Morning,1,Electronic City,14.5,0.55
2026-09-09 00:00:00,Wednesday,0,0,,10,Morning,1,HSR Layout,20.0,0.41
2026-09-09 00:00:00,Wednesday,0,0,,11,Morning,1,MG Road / Central,16.9,0.49
2026-09-09 00:00:00,Wednesday,0,0,,11,Morning,1,Indiranagar,16.5,0.45
2026-09-09 00:00:00,Wednesday,0,0,,11,Morning,1,Whitefield,21.3,0.33
2026-09-09 00:00:00,Wednesday,0,0,,11,Morning,1,Koramangala,18.1,0.36
2026-09-09 00:00:00,Wednesday,0,0,,11,Morning,1,Jayanagar,25.2,0.26
2026-09-09 00:00:00,Wednesday,0,0,,11,Morning,1,Hebbal,24.0,0.1
2026-09-09 00:00:00,Wednesday,0,0,,11,Morning,1,Electronic City,22.0,0.27
2026-09-09 00:00:00,Wednesday,0,0,,11,Morning,1,HSR Layout,22.4,0.27
2026-09-09 00:00:00,Wednesday,0,0,,12,Afternoon,0,MG Road / Central,21.8,0.37
2026-09-09 00:00:00,Wednesday,0,0,,12,Afternoon,0,Indiranagar,22.1,0.21
2026-09-09 00:00:00,Wednesday,0,0,,12,Afternoon,0,Whitefield,19.6,0.24
2026-09-09 00:00:00,Wednesday,0,0,,12,Afternoon,0,Koramangala,22.0,0.38
2026-09-09 00:00:00,Wednesday,0,0,,12,Afternoon,0,Jayanagar,22.9,0.25
2026-09-09 00:00:00,Wednesday,0,0,,12,Afternoon,0,Hebbal,25.8,0.1
2026-09-09 00:00:00,Wednesday,0,0,,12,Afternoon,0,Electronic City,23.2,0.2
2026-09-09 00:00:00,Wednesday,0,0,,12,Afternoon,0,HSR Layout,19.0,0.4
2026-09-09 00:00:00,Wednesday,0,0,,13,Afternoon,0,MG Road / Central,22.5,0.27
2026-09-09 00:00:00,Wednesday,0,0,,13,Afternoon,0,Indiranagar,18.5,0.46
2026-09-09 00:00:00,Wednesday,0,0,,13,Afternoon,0,Whitefield,14.8,0.44
2026-09-09 00:00:00,Wednesday,0,0,,13,Afternoon,0,Koramangala,18.4,0.3
2026-09-09 00:00:00,Wednesday,0,0,,13,Afternoon,0,Jayanagar,24.3,0.22
2026-09-09 00:00:00,Wednesday,0,0,,13,Afternoon,0,Hebbal,18.8,0.37
2026-09-09 00:00:00,Wednesday,0,0,,13,Afternoon,0,Electronic City,24.0,0.21
2026-09-09 00:00:00,Wednesday,0,0,,13,Afternoon,0,HSR Layout,29.7,0.15
2026-09-09 00:00:00,Wednesday,0,0,,14,Afternoon,0,MG Road / Central,24.2,0.21
2026-09-09 00:00:00,Wednesday,0,0,,14,Afternoon,0,Indiranagar,10.7,0.64
2026-09-09 00:00:00,Wednesday,0,0,,14,Afternoon,0,Whitefield,22.5,0.23
2026-09-09 00:00:00,Wednesday,0,0,,14,Afternoon,0,Koramangala,21.4,0.38
2026-09-09 00:00:00,Wednesday,0,0,,14,Afternoon,0,Jayanagar,31.6,0.05
2026-09-09 00:00:00,Wednesday,0,0,,14,Afternoon,0,Hebbal,27.1,0.08
2026-09-09 00:00:00,Wednesday,0,0,,14,Afternoon,0,Electronic City,25.2,0.2
2026-09-09 00:00:00,Wednesday,0,0,,14,Afternoon,0,HSR Layout,29.2,0.06
2026-09-09 00:00:00,Wednesday,0,0,,15,Afternoon,0,MG Road / Central,8.0,0.64
2026-09-09 00:00:00,Wednesday,0,0,,15,Afternoon,0,Indiranagar,16.0,0.42
2026-09-09 00:00:00,Wednesday,0,0,,15,Afternoon,0,Whitefield,21.0,0.3
2026-09-09 00:00:00,Wednesday,0,0,,15,Afternoon,0,Koramangala,21.3,0.32
2026-09-09 00:00:00,Wednesday,0,0,,15,Afternoon,0,Jayanagar,15.6,0.47
2026-09-09 00:00:00,Wednesday,0,0,,15,Afternoon,0,Hebbal,17.3,0.34
2026-09-09 00:00:00,Wednesday,0,0,,15,Afternoon,0,Electronic City,26.9,0.14
2026-09-09 00:00:00,Wednesday,0,0,,15,Afternoon,0,HSR Layout,17.9,0.43
2026-09-09 00:00:00,Wednesday,0,0,,16,Afternoon,0,MG Road / Central,19.1,0.36
2026-09-09 00:00:00,Wednesday,0,0,,16,Afternoon,0,Indiranagar,23.7,0.25
2026-09-09 00:00:00,Wednesday,0,0,,16,Afternoon,0,Whitefield,18.4,0.36
2026-09-09 00:00:00,Wednesday,0,0,,16,Afternoon,0,Koramangala,20.2,0.34
2026-09-09 00:00:00,Wednesday,0,0,,16,Afternoon,0,Jayanagar,23.9,0.2
2026-09-09 00:00:00,Wednesday,0,0,,16,Afternoon,0,Hebbal,14.4,0.5
2026-09-09 00:00:00,Wednesday,0,0,,16,Afternoon,0,Electronic City,22.5,0.21
2026-09-09 00:00:00,Wednesday,0,0,,16,Afternoon,0,HSR Layout,19.5,0.34
2026-09-09 00:00:00,Wednesday,0,0,,17,Evening,1,MG Road / Central,14.0,0.62
2026-09-09 00:00:00,Wednesday,0,0,,17,Evening,1,Indiranagar,5.0,0.87
2026-09-09 00:00:00,Wednesday,0,0,,17,Evening,1,Whitefield,22.2,0.33
2026-09-09 00:00:00,Wednesday,0,0,,17,Evening,1,Koramangala,13.0,0.62
2026-09-09 00:00:00,Wednesday,0,0,,17,Evening,1,Jayanagar,22.4,0.31
2026-09-09 00:00:00,Wednesday,0,0,,17,Evening,1,Hebbal,19.3,0.4
2026-09-09 00:00:00,Wednesday,0,0,,17,Evening,1,Electronic City,11.5,0.55
2026-09-09 00:00:00,Wednesday,0,0,,17,Evening,1,HSR Layout,16.3,0.5
2026-09-09 00:00:00,Wednesday,0,0,,18,Evening,1,MG Road / Central,9.8,0.71
2026-09-09 00:00:00,Wednesday,0,0,,18,Evening,1,Indiranagar,5.0,0.94
2026-09-09 00:00:00,Wednesday,0,0,,18,Evening,1,Whitefield,7.9,0.74
2026-09-09 00:00:00,Wednesday,0,0,,18,Evening,1,Koramangala,9.6,0.59
2026-09-09 00:00:00,Wednesday,0,0,,18,Evening,1,Jayanagar,16.0,0.53
2026-09-09 00:00:00,Wednesday,0,0,,18,Evening,1,Hebbal,17.0,0.53
2026-09-09 00:00:00,Wednesday,0,0,,18,Evening,1,Electronic City,18.7,0.38
2026-09-09 00:00:00,Wednesday,0,0,,18,Evening,1,HSR Layout,18.7,0.4
2026-09-09 00:00:00,Wednesday,0,0,,19,Evening,1,MG Road / Central,5.0,0.81
2026-09-09 00:00:00,Wednesday,0,0,,19,Evening,1,Indiranagar,18.8,0.39
2026-09-09 00:00:00,Wednesday,0,0,,19,Evening,1,Whitefield,12.7,0.6
2026-09-09 00:00:00,Wednesday,0,0,,19,Evening,1,Koramangala,5.0,0.85
2026-09-09 00:00:00,Wednesday,0,0,,19,Evening,1,Jayanagar,13.4,0.63
2026-09-09 00:00:00,Wednesday,0,0,,19,Evening,1,Hebbal,20.5,0.34
2026-09-09 00:00:00,Wednesday,0,0,,19,Evening,1,Electronic City,15.2,0.49
2026-09-09 00:00:00,Wednesday,0,0,,19,Evening,1,HSR Layout,11.3,0.59
2026-09-09 00:00:00,Wednesday,0,0,,20,Evening,1,MG Road / Central,11.5,0.62
2026-09-09 00:00:00,Wednesday,0,0,,20,Evening,1,Indiranagar,10.7,0.57
2026-09-09 00:00:00,Wednesday,0,0,,20,Evening,1,Whitefield,8.8,0.63
2026-09-09 00:00:00,Wednesday,0,0,,20,Evening,1,Koramangala,7.5,0.78
2026-09-09 00:00:00,Wednesday,0,0,,20,Evening,1,Jayanagar,18.4,0.34
2026-09-09 00:00:00,Wednesday,0,0,,20,Evening,1,Hebbal,7.2,0.69
2026-09-09 00:00:00,Wednesday,0,0,,20,Evening,1,Electronic City,16.1,0.49
2026-09-09 00:00:00,Wednesday,0,0,,20,Evening,1,HSR Layout,10.2,0.64
2026-09-09 00:00:00,Wednesday,0,0,,21,Night,0,MG Road / Central,23.0,0.33
2026-09-09 00:00:00,Wednesday,0,0,,21,Night,0,Indiranagar,13.7,0.61
2026-09-09 00:00:00,Wednesday,0,0,,21,Night,0,Whitefield,20.6,0.26
2026-09-09 00:00:00,Wednesday,0,0,,21,Night,0,Koramangala,22.0,0.3
2026-09-09 00:00:00,Wednesday,0,0,,21,Night,0,Jayanagar,23.8,0.3
2026-09-09 00:00:00,Wednesday,0,0,,21,Night,0,Hebbal,17.2,0.33
2026-09-09 00:00:00,Wednesday,0,0,,21,Night,0,Electronic City,16.7,0.38
2026-09-09 00:00:00,Wednesday,0,0,,21,Night,0,HSR Layout,24.4,0.2
2026-09-10 00:00:00,Thursday,0,0,,6,Morning,0,MG Road / Central,17.0,0.64
2026-09-10 00:00:00,Thursday,0,0,,6,Morning,0,Indiranagar,15.4,0.47
2026-09-10 00:00:00,Thursday,0,0,,6,Morning,0,Whitefield,22.4,0.31
2026-09-10 00:00:00,Thursday,0,0,,6,Morning,0,Koramangala,22.7,0.36
2026-09-10 00:00:00,Thursday,0,0,,6,Morning,0,Jayanagar,22.7,0.28
2026-09-10 00:00:00,Thursday,0,0,,6,Morning,0,Hebbal,20.9,0.33
2026-09-10 00:00:00,Thursday,0,0,,6,Morning,0,Electronic City,18.2,0.35
2026-09-10 00:00:00,Thursday,0,0,,6,Morning,0,HSR Layout,22.3,0.18
2026-09-10 00:00:00,Thursday,0,0,,7,Morning,0,MG Road / Central,18.0,0.45
2026-09-10 00:00:00,Thursday,0,0,,7,Morning,0,Indiranagar,19.7,0.45
2026-09-10 00:00:00,Thursday,0,0,,7,Morning,0,Whitefield,23.9,0.25
2026-09-10 00:00:00,Thursday,0,0,,7,Morning,0,Koramangala,21.2,0.27
2026-09-10 00:00:00,Thursday,0,0,,7,Morning,0,Jayanagar,21.7,0.33
2026-09-10 00:00:00,Thursday,0,0,,7,Morning,0,Hebbal,23.4,0.21
2026-09-10 00:00:00,Thursday,0,0,,7,Morning,0,Electronic City,27.3,0.07
2026-09-10 00:00:00,Thursday,0,0,,7,Morning,0,HSR Layout,20.4,0.36
2026-09-10 00:00:00,Thursday,0,0,,8,Morning,1,MG Road / Central,7.3,0.76
2026-09-10 00:00:00,Thursday,0,0,,8,Morning,1,Indiranagar,7.7,0.7
2026-09-10 00:00:00,Thursday,0,0,,8,Morning,1,Whitefield,11.8,0.63
2026-09-10 00:00:00,Thursday,0,0,,8,Morning,1,Koramangala,6.2,0.76
2026-09-10 00:00:00,Thursday,0,0,,8,Morning,1,Jayanagar,23.4,0.29
2026-09-10 00:00:00,Thursday,0,0,,8,Morning,1,Hebbal,13.5,0.49
2026-09-10 00:00:00,Thursday,0,0,,8,Morning,1,Electronic City,10.2,0.63
2026-09-10 00:00:00,Thursday,0,0,,8,Morning,1,HSR Layout,10.9,0.68
2026-09-10 00:00:00,Thursday,0,0,,9,Morning,1,MG Road / Central,5.0,0.78
2026-09-10 00:00:00,Thursday,0,0,,9,Morning,1,Indiranagar,5.2,0.85
2026-09-10 00:00:00,Thursday,0,0,,9,Morning,1,Whitefield,15.1,0.51
2026-09-10 00:00:00,Thursday,0,0,,9,Morning,1,Koramangala,16.2,0.49
2026-09-10 00:00:00,Thursday,0,0,,9,Morning,1,Jayanagar,14.5,0.43
2026-09-10 00:00:00,Thursday,0,0,,9,Morning,1,Hebbal,21.2,0.37
2026-09-10 00:00:00,Thursday,0,0,,9,Morning,1,Electronic City,18.8,0.47
2026-09-10 00:00:00,Thursday,0,0,,9,Morning,1,HSR Layout,12.0,0.49
2026-09-10 00:00:00,Thursday,0,0,,10,Morning,1,MG Road / Central,15.5,0.57
2026-09-10 00:00:00,Thursday,0,0,,10,Morning,1,Indiranagar,8.5,0.68
2026-09-10 00:00:00,Thursday,0,0,,10,Morning,1,Whitefield,13.9,0.57
2026-09-10 00:00:00,Thursday,0,0,,10,Morning,1,Koramangala,7.9,0.83
2026-09-10 00:00:00,Thursday,0,0,,10,Morning,1,Jayanagar,12.1,0.51
2026-09-10 00:00:00,Thursday,0,0,,10,Morning,1,Hebbal,15.5,0.5
2026-09-10 00:00:00,Thursday,0,0,,10,Morning,1,Electronic City,15.1,0.43
2026-09-10 00:00:00,Thursday,0,0,,10,Morning,1,HSR Layout,12.2,0.59
2026-09-10 00:00:00,Thursday,0,0,,11,Morning,1,MG Road / Central,16.4,0.4
2026-09-10 00:00:00,Thursday,0,0,,11,Morning,1,Indiranagar,17.0,0.37
2026-09-10 00:00:00,Thursday,0,0,,11,Morning,1,Whitefield,21.4,0.36
2026-09-10 00:00:00,Thursday,0,0,,11,Morning,1,Koramangala,22.8,0.18
2026-09-10 00:00:00,Thursday,0,0,,11,Morning,1,Jayanagar,26.6,0.07
2026-09-10 00:00:00,Thursday,0,0,,11,Morning,1,Hebbal,19.9,0.24
2026-09-10 00:00:00,Thursday,0,0,,11,Morning,1,Electronic City,23.8,0.14
2026-09-10 00:00:00,Thursday,0,0,,11,Morning,1,HSR Layout,21.9,0.27
2026-09-10 00:00:00,Thursday,0,0,,12,Afternoon,0,MG Road / Central,21.0,0.31
2026-09-10 00:00:00,Thursday,0,0,,12,Afternoon,0,Indiranagar,19.4,0.33
2026-09-10 00:00:00,Thursday,0,0,,12,Afternoon,0,Whitefield,19.2,0.45
2026-09-10 00:00:00,Thursday,0,0,,12,Afternoon,0,Koramangala,24.3,0.24
2026-09-10 00:00:00,Thursday,0,0,,12,Afternoon,0,Jayanagar,17.3,0.35
2026-09-10 00:00:00,Thursday,0,0,,12,Afternoon,0,Hebbal,22.6,0.35
2026-09-10 00:00:00,Thursday,0,0,,12,Afternoon,0,Electronic City,24.7,0.12
2026-09-10 00:00:00,Thursday,0,0,,12,Afternoon,0,HSR Layout,19.4,0.37
2026-09-10 00:00:00,Thursday,0,0,,13,Afternoon,0,MG Road / Central,16.7,0.47
2026-09-10 00:00:00,Thursday,0,0,,13,Afternoon,0,Indiranagar,13.9,0.45
2026-09-10 00:00:00,Thursday,0,0,,13,Afternoon,0,Whitefield,21.1,0.38
2026-09-10 00:00:00,Thursday,0,0,,13,Afternoon,0,Koramangala,18.7,0.37
2026-09-10 00:00:00,Thursday,0,0,,13,Afternoon,0,Jayanagar,29.0,0.07
2026-09-10 00:00:00,Thursday,0,0,,13,Afternoon,0,Hebbal,20.3,0.32
2026-09-10 00:00:00,Thursday,0,0,,13,Afternoon,0,Electronic City,17.8,0.38
2026-09-10 00:00:00,Thursday,0,0,,13,Afternoon,0,HSR Layout,18.4,0.32
2026-09-10 00:00:00,Thursday,0,0,,14,Afternoon,0,MG Road / Central,17.7,0.4
2026-09-10 00:00:00,Thursday,0,0,,14,Afternoon,0,Indiranagar,16.4,0.43
2026-09-10 00:00:00,Thursday,0,0,,14,Afternoon,0,Whitefield,24.6,0.23
2026-09-10 00:00:00,Thursday,0,0,,14,Afternoon,0,Koramangala,16.4,0.35
2026-09-10 00:00:00,Thursday,0,0,,14,Afternoon,0,Jayanagar,19.0,0.46
2026-09-10 00:00:00,Thursday,0,0,,14,Afternoon,0,Hebbal,28.5,0.09
2026-09-10 00:00:00,Thursday,0,0,,14,Afternoon,0,Electronic City,24.8,0.19
2026-09-10 00:00:00,Thursday,0,0,,14,Afternoon,0,HSR Layout,21.0,0.29
2026-09-10 00:00:00,Thursday,0,0,,15,Afternoon,0,MG Road / Central,19.4,0.31
2026-09-10 00:00:00,Thursday,0,0,,15,Afternoon,0,Indiranagar,19.6,0.29
2026-09-10 00:00:00,Thursday,0,0,,15,Afternoon,0,Whitefield,21.3,0.24
2026-09-10 00:00:00,Thursday,0,0,,15,Afternoon,0,Koramangala,18.5,0.48
2026-09-10 00:00:00,Thursday,0,0,,15,Afternoon,0,Jayanagar,25.1,0.18
2026-09-10 00:00:00,Thursday,0,0,,15,Afternoon,0,Hebbal,21.6,0.31
2026-09-10 00:00:00,Thursday,0,0,,15,Afternoon,0,Electronic City,23.7,0.26
2026-09-10 00:00:00,Thursday,0,0,,15,Afternoon,0,HSR Layout,18.3,0.31
2026-09-10 00:00:00,Thursday,0,0,,16,Afternoon,0,MG Road / Central,16.6,0.5
2026-09-10 00:00:00,Thursday,0,0,,16,Afternoon,0,Indiranagar,20.8,0.31
2026-09-10 00:00:00,Thursday,0,0,,16,Afternoon,0,Whitefield,19.6,0.33
2026-09-10 00:00:00,Thursday,0,0,,16,Afternoon,0,Koramangala,18.9,0.53
2026-09-10 00:00:00,Thursday,0,0,,16,Afternoon,0,Jayanagar,22.6,0.16
2026-09-10 00:00:00,Thursday,0,0,,16,Afternoon,0,Hebbal,22.8,0.29
2026-09-10 00:00:00,Thursday,0,0,,16,Afternoon,0,Electronic City,26.2,0.22
2026-09-10 00:00:00,Thursday,0,0,,16,Afternoon,0,HSR Layout,28.7,0.09
2026-09-10 00:00:00,Thursday,0,0,,17,Evening,1,MG Road / Central,14.6,0.63
2026-09-10 00:00:00,Thursday,0,0,,17,Evening,1,Indiranagar,5.0,0.94
2026-09-10 00:00:00,Thursday,0,0,,17,Evening,1,Whitefield,17.2,0.48
2026-09-10 00:00:00,Thursday,0,0,,17,Evening,1,Koramangala,10.3,0.65
2026-09-10 00:00:00,Thursday,0,0,,17,Evening,1,Jayanagar,9.6,0.55
2026-09-10 00:00:00,Thursday,0,0,,17,Evening,1,Hebbal,12.2,0.55
2026-09-10 00:00:00,Thursday,0,0,,17,Evening,1,Electronic City,18.2,0.49
2026-09-10 00:00:00,Thursday,0,0,,17,Evening,1,HSR Layout,19.6,0.4
2026-09-10 00:00:00,Thursday,0,0,,18,Evening,1,MG Road / Central,9.4,0.67
2026-09-10 00:00:00,Thursday,0,0,,18,Evening,1,Indiranagar,6.8,0.79
2026-09-10 00:00:00,Thursday,0,0,,18,Evening,1,Whitefield,13.4,0.62
2026-09-10 00:00:00,Thursday,0,0,,18,Evening,1,Koramangala,9.0,0.66
2026-09-10 00:00:00,Thursday,0,0,,18,Evening,1,Jayanagar,15.8,0.42
2026-09-10 00:00:00,Thursday,0,0,,18,Evening,1,Hebbal,5.4,0.9
2026-09-10 00:00:00,Thursday,0,0,,18,Evening,1,Electronic City,15.7,0.39
2026-09-10 00:00:00,Thursday,0,0,,18,Evening,1,HSR Layout,12.9,0.61
2026-09-10 00:00:00,Thursday,0,0,,19,Evening,1,MG Road / Central,6.5,0.77
2026-09-10 00:00:00,Thursday,0,0,,19,Evening,1,Indiranagar,10.1,0.68
2026-09-10 00:00:00,Thursday,0,0,,19,Evening,1,Whitefield,8.8,0.56
2026-09-10 00:00:00,Thursday,0,0,,19,Evening,1,Koramangala,8.1,0.67
2026-09-10 00:00:00,Thursday,0,0,,19,Evening,1,Jayanagar,18.8,0.57
2026-09-10 00:00:00,Thursday,0,0,,19,Evening,1,Hebbal,11.6,0.59
2026-09-10 00:00:00,Thursday,0,0,,19,Evening,1,Electronic City,11.1,0.66
2026-09-10 00:00:00,Thursday,0,0,,19,Evening,1,HSR Layout,13.2,0.6
2026-09-10 00:00:00,Thursday,0,0,,20,Evening,1,MG Road / Central,5.0,0.95
2026-09-10 00:00:00,Thursday,0,0,,20,Evening,1,Indiranagar,5.4,0.76
2026-09-10 00:00:00,Thursday,0,0,,20,Evening,1,Whitefield,9.7,0.62
2026-09-10 00:00:00,Thursday,0,0,,20,Evening,1,Koramangala,9.9,0.65
2026-09-10 00:00:00,Thursday,0,0,,20,Evening,1,Jayanagar,11.8,0.67
2026-09-10 00:00:00,Thursday,0,0,,20,Evening,1,Hebbal,18.1,0.4
2026-09-10 00:00:00,Thursday,0,0,,20,Evening,1,Electronic City,13.5,0.46
2026-09-10 00:00:00,Thursday,0,0,,20,Evening,1,HSR Layout,13.7,0.52
2026-09-10 00:00:00,Thursday,0,0,,21,Night,0,MG Road / Central,10.1,0.69
2026-09-10 00:00:00,Thursday,0,0,,21,Night,0,Indiranagar,21.8,0.23
2026-09-10 00:00:00,Thursday,0,0,,21,Night,0,Whitefield,23.0,0.37
2026-09-10 00:00:00,Thursday,0,0,,21,Night,0,Koramangala,19.9,0.21
2026-09-10 00:00:00,Thursday,0,0,,21,Night,0,Jayanagar,16.5,0.47
2026-09-10 00:00:00,Thursday,0,0,,21,Night,0,Hebbal,26.7,0.15
2026-09-10 00:00:00,Thursday,0,0,,21,Night,0,Electronic City,28.5,0.05
2026-09-10 00:00:00,Thursday,0,0,,21,Night,0,HSR Layout,23.2,0.29
2026-09-11 00:00:00,Friday,0,0,,6,Morning,0,MG Road / Central,21.8,0.28
2026-09-11 00:00:00,Friday,0,0,,6,Morning,0,Indiranagar,21.8,0.29
2026-09-11 00:00:00,Friday,0,0,,6,Morning,0,Whitefield,24.9,0.14
2026-09-11 00:00:00,Friday,0,0,,6,Morning,0,Koramangala,22.9,0.28
2026-09-11 00:00:00,Friday,0,0,,6,Morning,0,Jayanagar,18.9,0.35
2026-09-11 00:00:00,Friday,0,0,,6,Morning,0,Hebbal,19.5,0.25
2026-09-11 00:00:00,Friday,0,0,,6,Morning,0,Electronic City,23.5,0.21
2026-09-11 00:00:00,Friday,0,0,,6,Morning,0,HSR Layout,10.8,0.56
2026-09-11 00:00:00,Friday,0,0,,7,Morning,0,MG Road / Central,14.7,0.58
2026-09-11 00:00:00,Friday,0,0,,7,Morning,0,Indiranagar,20.5,0.43
2026-09-11 00:00:00,Friday,0,0,,7,Morning,0,Whitefield,21.9,0.29
2026-09-11 00:00:00,Friday,0,0,,7,Morning,0,Koramangala,20.6,0.39
2026-09-11 00:00:00,Friday,0,0,,7,Morning,0,Jayanagar,17.3,0.38
2026-09-11 00:00:00,Friday,0,0,,7,Morning,0,Hebbal,26.8,0.09
2026-09-11 00:00:00,Friday,0,0,,7,Morning,0,Electronic City,25.3,0.15
2026-09-11 00:00:00,Friday,0,0,,7,Morning,0,HSR Layout,17.1,0.4
2026-09-11 00:00:00,Friday,0,0,,8,Morning,1,MG Road / Central,9.3,0.69
2026-09-11 00:00:00,Friday,0,0,,8,Morning,1,Indiranagar,5.0,0.8
2026-09-11 00:00:00,Friday,0,0,,8,Morning,1,Whitefield,16.1,0.48
2026-09-11 00:00:00,Friday,0,0,,8,Morning,1,Koramangala,5.0,0.84
2026-09-11 00:00:00,Friday,0,0,,8,Morning,1,Jayanagar,21.5,0.32
2026-09-11 00:00:00,Friday,0,0,,8,Morning,1,Hebbal,13.4,0.47
2026-09-11 00:00:00,Friday,0,0,,8,Morning,1,Electronic City,15.4,0.48
2026-09-11 00:00:00,Friday,0,0,,8,Morning,1,HSR Layout,11.3,0.48
2026-09-11 00:00:00,Friday,0,0,,9,Morning,1,MG Road / Central,8.3,0.81
2026-09-11 00:00:00,Friday,0,0,,9,Morning,1,Indiranagar,5.0,0.78
2026-09-11 00:00:00,Friday,0,0,,9,Morning,1,Whitefield,14.2,0.53
2026-09-11 00:00:00,Friday,0,0,,9,Morning,1,Koramangala,8.2,0.77
2026-09-11 00:00:00,Friday,0,0,,9,Morning,1,Jayanagar,16.3,0.46
2026-09-11 00:00:00,Friday,0,0,,9,Morning,1,Hebbal,14.8,0.6
2026-09-11 00:00:00,Friday,0,0,,9,Morning,1,Electronic City,12.5,0.63
2026-09-11 00:00:00,Friday,0,0,,9,Morning,1,HSR Layout,16.0,0.56
2026-09-11 00:00:00,Friday,0,0,,10,Morning,1,MG Road / Central,5.8,0.75
2026-09-11 00:00:00,Friday,0,0,,10,Morning,1,Indiranagar,5.3,0.87
2026-09-11 00:00:00,Friday,0,0,,10,Morning,1,Whitefield,14.1,0.5
2026-09-11 00:00:00,Friday,0,0,,10,Morning,1,Koramangala,8.9,0.74
2026-09-11 00:00:00,Friday,0,0,,10,Morning,1,Jayanagar,13.4,0.57
2026-09-11 00:00:00,Friday,0,0,,10,Morning,1,Hebbal,9.5,0.75
2026-09-11 00:00:00,Friday,0,0,,10,Morning,1,Electronic City,14.7,0.57
2026-09-11 00:00:00,Friday,0,0,,10,Morning,1,HSR Layout,18.0,0.43
2026-09-11 00:00:00,Friday,0,0,,11,Morning,1,MG Road / Central,11.1,0.62
2026-09-11 00:00:00,Friday,0,0,,11,Morning,1,Indiranagar,19.7,0.3
2026-09-11 00:00:00,Friday,0,0,,11,Morning,1,Whitefield,24.9,0.12
2026-09-11 00:00:00,Friday,0,0,,11,Morning,1,Koramangala,16.5,0.36
2026-09-11 00:00:00,Friday,0,0,,11,Morning,1,Jayanagar,24.2,0.25
2026-09-11 00:00:00,Friday,0,0,,11,Morning,1,Hebbal,28.8,0.14
2026-09-11 00:00:00,Friday,0,0,,11,Morning,1,Electronic City,22.7,0.31
2026-09-11 00:00:00,Friday,0,0,,11,Morning,1,HSR Layout,26.6,0.17
2026-09-11 00:00:00,Friday,0,0,,12,Afternoon,0,MG Road / Central,23.7,0.27
2026-09-11 00:00:00,Friday,0,0,,12,Afternoon,0,Indiranagar,18.5,0.42
2026-09-11 00:00:00,Friday,0,0,,12,Afternoon,0,Whitefield,24.9,0.11
2026-09-11 00:00:00,Friday,0,0,,12,Afternoon,0,Koramangala,14.0,0.47
2026-09-11 00:00:00,Friday,0,0,,12,Afternoon,0,Jayanagar,18.1,0.31
2026-09-11 00:00:00,Friday,0,0,,12,Afternoon,0,Hebbal,17.0,0.35
2026-09-11 00:00:00,Friday,0,0,,12,Afternoon,0,Electronic City,21.8,0.32
2026-09-11 00:00:00,Friday,0,0,,12,Afternoon,0,HSR Layout,26.2,0.17
2026-09-11 00:00:00,Friday,0,0,,13,Afternoon,0,MG Road / Central,16.0,0.43
2026-09-11 00:00:00,Friday,0,0,,13,Afternoon,0,Indiranagar,17.7,0.28
2026-09-11 00:00:00,Friday,0,0,,13,Afternoon,0,Whitefield,18.1,0.29
2026-09-11 00:00:00,Friday,0,0,,13,Afternoon,0,Koramangala,17.1,0.41
2026-09-11 00:00:00,Friday,0,0,,13,Afternoon,0,Jayanagar,19.5,0.33
2026-09-11 00:00:00,Friday,0,0,,13,Afternoon,0,Hebbal,25.1,0.21
2026-09-11 00:00:00,Friday,0,0,,13,Afternoon,0,Electronic City,21.9,0.29
2026-09-11 00:00:00,Friday,0,0,,13,Afternoon,0,HSR Layout,17.7,0.31
2026-09-11 00:00:00,Friday,0,0,,14,Afternoon,0,MG Road / Central,16.5,0.49
2026-09-11 00:00:00,Friday,0,0,,14,Afternoon,0,Indiranagar,21.2,0.28
2026-09-11 00:00:00,Friday,0,0,,14,Afternoon,0,Whitefield,22.4,0.25
2026-09-11 00:00:00,Friday,0,0,,14,Afternoon,0,Koramangala,19.7,0.44
2026-09-11 00:00:00,Friday,0,0,,14,Afternoon,0,Jayanagar,16.0,0.38
2026-09-11 00:00:00,Friday,0,0,,14,Afternoon,0,Hebbal,22.9,0.32
2026-09-11 00:00:00,Friday,0,0,,14,Afternoon,0,Electronic City,23.3,0.3
2026-09-11 00:00:00,Friday,0,0,,14,Afternoon,0,HSR Layout,17.3,0.49
2026-09-11 00:00:00,Friday,0,0,,15,Afternoon,0,MG Road / Central,19.2,0.43
2026-09-11 00:00:00,Friday,0,0,,15,Afternoon,0,Indiranagar,17.5,0.42
2026-09-11 00:00:00,Friday,0,0,,15,Afternoon,0,Whitefield,26.9,0.21
2026-09-11 00:00:00,Friday,0,0,,15,Afternoon,0,Koramangala,24.0,0.3
2026-09-11 00:00:00,Friday,0,0,,15,Afternoon,0,Jayanagar,17.9,0.31
2026-09-11 00:00:00,Friday,0,0,,15,Afternoon,0,Hebbal,17.0,0.29
2026-09-11 00:00:00,Friday,0,0,,15,Afternoon,0,Electronic City,22.0,0.33
2026-09-11 00:00:00,Friday,0,0,,15,Afternoon,0,HSR Layout,24.9,0.18
2026-09-11 00:00:00,Friday,0,0,,16,Afternoon,0,MG Road / Central,10.0,0.63
2026-09-11 00:00:00,Friday,0,0,,16,Afternoon,0,Indiranagar,24.8,0.27
2026-09-11 00:00:00,Friday,0,0,,16,Afternoon,0,Whitefield,15.4,0.49
2026-09-11 00:00:00,Friday,0,0,,16,Afternoon,0,Koramangala,17.0,0.52
2026-09-11 00:00:00,Friday,0,0,,16,Afternoon,0,Jayanagar,24.2,0.16
2026-09-11 00:00:00,Friday,0,0,,16,Afternoon,0,Hebbal,21.4,0.4
2026-09-11 00:00:00,Friday,0,0,,16,Afternoon,0,Electronic City,18.7,0.32
2026-09-11 00:00:00,Friday,0,0,,16,Afternoon,0,HSR Layout,14.3,0.49
2026-09-11 00:00:00,Friday,0,0,,17,Evening,1,MG Road / Central,10.9,0.66
2026-09-11 00:00:00,Friday,0,0,,17,Evening,1,Indiranagar,5.1,0.89
2026-09-11 00:00:00,Friday,0,0,,17,Evening,1,Whitefield,12.9,0.6
2026-09-11 00:00:00,Friday,0,0,,17,Evening,1,Koramangala,10.0,0.71
2026-09-11 00:00:00,Friday,0,0,,17,Evening,1,Jayanagar,22.0,0.25
2026-09-11 00:00:00,Friday,0,0,,17,Evening,1,Hebbal,10.3,0.58
2026-09-11 00:00:00,Friday,0,0,,17,Evening,1,Electronic City,11.7,0.6
2026-09-11 00:00:00,Friday,0,0,,17,Evening,1,HSR Layout,10.3,0.76
2026-09-11 00:00:00,Friday,0,0,,18,Evening,1,MG Road / Central,10.4,0.64
2026-09-11 00:00:00,Friday,0,0,,18,Evening,1,Indiranagar,8.4,0.69
2026-09-11 00:00:00,Friday,0,0,,18,Evening,1,Whitefield,11.3,0.57
2026-09-11 00:00:00,Friday,0,0,,18,Evening,1,Koramangala,14.3,0.56
2026-09-11 00:00:00,Friday,0,0,,18,Evening,1,Jayanagar,9.6,0.63
2026-09-11 00:00:00,Friday,0,0,,18,Evening,1,Hebbal,9.0,0.66
2026-09-11 00:00:00,Friday,0,0,,18,Evening,1,Electronic City,14.2,0.58
2026-09-11 00:00:00,Friday,0,0,,18,Evening,1,HSR Layout,14.5,0.55
2026-09-11 00:00:00,Friday,0,0,,19,Evening,1,MG Road / Central,10.5,0.64
2026-09-11 00:00:00,Friday,0,0,,19,Evening,1,Indiranagar,8.2,0.68
2026-09-11 00:00:00,Friday,0,0,,19,Evening,1,Whitefield,11.0,0.53
2026-09-11 00:00:00,Friday,0,0,,19,Evening,1,Koramangala,10.2,0.64
2026-09-11 00:00:00,Friday,0,0,,19,Evening,1,Jayanagar,13.9,0.52
2026-09-11 00:00:00,Friday,0,0,,19,Evening,1,Hebbal,14.7,0.54
2026-09-11 00:00:00,Friday,0,0,,19,Evening,1,Electronic City,9.1,0.65
2026-09-11 00:00:00,Friday,0,0,,19,Evening,1,HSR Layout,15.7,0.41
2026-09-11 00:00:00,Friday,0,0,,20,Evening,1,MG Road / Central,10.1,0.64
2026-09-11 00:00:00,Friday,0,0,,20,Evening,1,Indiranagar,9.2,0.61
2026-09-11 00:00:00,Friday,0,0,,20,Evening,1,Whitefield,15.5,0.5
2026-09-11 00:00:00,Friday,0,0,,20,Evening,1,Koramangala,5.7,0.77
2026-09-11 00:00:00,Friday,0,0,,20,Evening,1,Jayanagar,13.1,0.5
2026-09-11 00:00:00,Friday,0,0,,20,Evening,1,Hebbal,11.9,0.55
2026-09-11 00:00:00,Friday,0,0,,20,Evening,1,Electronic City,7.9,0.62
2026-09-11 00:00:00,Friday,0,0,,20,Evening,1,HSR Layout,15.4,0.51
2026-09-11 00:00:00,Friday,0,0,,21,Night,0,MG Road / Central,22.7,0.42
2026-09-11 00:00:00,Friday,0,0,,21,Night,0,Indiranagar,14.7,0.44
2026-09-11 00:00:00,Friday,0,0,,21,Night,0,Whitefield,19.3,0.24
2026-09-11 00:00:00,Friday,0,0,,21,Night,0,Koramangala,16.6,0.39
2026-09-11 00:00:00,Friday,0,0,,21,Night,0,Jayanagar,18.1,0.36
2026-09-11 00:00:00,Friday,0,0,,21,Night,0,Hebbal,21.6,0.24
2026-09-11 00:00:00,Friday,0,0,,21,Night,0,Electronic City,15.6,0.46
2026-09-11 00:00:00,Friday,0,0,,21,Night,0,HSR Layout,17.5,0.47
2026-09-12 00:00:00,Saturday,1,0,,6,Morning,0,MG Road / Central,17.0,0.46
2026-09-12 00:00:00,Saturday,1,0,,6,Morning,0,Indiranagar,12.7,0.45
2026-09-12 00:00:00,Saturday,1,0,,6,Morning,0,Whitefield,25.2,0.22
2026-09-12 00:00:00,Saturday,1,0,,6,Morning,0,Koramangala,15.4,0.39
2026-09-12 00:00:00,Saturday,1,0,,6,Morning,0,Jayanagar,26.1,0.24
2026-09-12 00:00:00,Saturday,1,0,,6,Morning,0,Hebbal,17.9,0.4
2026-09-12 00:00:00,Saturday,1,0,,6,Morning,0,Electronic City,18.3,0.36
2026-09-12 00:00:00,Saturday,1,0,,6,Morning,0,HSR Layout,26.7,0.05
2026-09-12 00:00:00,Saturday,1,0,,7,Morning,0,MG Road / Central,11.8,0.59
2026-09-12 00:00:00,Saturday,1,0,,7,Morning,0,Indiranagar,18.3,0.37
2026-09-12 00:00:00,Saturday,1,0,,7,Morning,0,Whitefield,18.9,0.48
2026-09-12 00:00:00,Saturday,1,0,,7,Morning,0,Koramangala,9.7,0.67
2026-09-12 00:00:00,Saturday,1,0,,7,Morning,0,Jayanagar,18.4,0.29
2026-09-12 00:00:00,Saturday,1,0,,7,Morning,0,Hebbal,14.8,0.43
2026-09-12 00:00:00,Saturday,1,0,,7,Morning,0,Electronic City,19.5,0.28
2026-09-12 00:00:00,Saturday,1,0,,7,Morning,0,HSR Layout,22.9,0.18
2026-09-12 00:00:00,Saturday,1,0,,8,Morning,1,MG Road / Central,10.1,0.63
2026-09-12 00:00:00,Saturday,1,0,,8,Morning,1,Indiranagar,12.6,0.63
2026-09-12 00:00:00,Saturday,1,0,,8,Morning,1,Whitefield,17.9,0.42
2026-09-12 00:00:00,Saturday,1,0,,8,Morning,1,Koramangala,5.0,0.85
2026-09-12 00:00:00,Saturday,1,0,,8,Morning,1,Jayanagar,15.6,0.46
2026-09-12 00:00:00,Saturday,1,0,,8,Morning,1,Hebbal,9.6,0.69
2026-09-12 00:00:00,Saturday,1,0,,8,Morning,1,Electronic City,16.4,0.49
2026-09-12 00:00:00,Saturday,1,0,,8,Morning,1,HSR Layout,18.8,0.42
2026-09-12 00:00:00,Saturday,1,0,,9,Morning,1,MG Road / Central,6.9,0.75
2026-09-12 00:00:00,Saturday,1,0,,9,Morning,1,Indiranagar,10.2,0.6
2026-09-12 00:00:00,Saturday,1,0,,9,Morning,1,Whitefield,14.0,0.61
2026-09-12 00:00:00,Saturday,1,0,,9,Morning,1,Koramangala,12.2,0.62
2026-09-12 00:00:00,Saturday,1,0,,9,Morning,1,Jayanagar,19.8,0.3
2026-09-12 00:00:00,Saturday,1,0,,9,Morning,1,Hebbal,11.8,0.55
2026-09-12 00:00:00,Saturday,1,0,,9,Morning,1,Electronic City,15.5,0.44
2026-09-12 00:00:00,Saturday,1,0,,9,Morning,1,HSR Layout,12.1,0.59
2026-09-12 00:00:00,Saturday,1,0,,10,Morning,1,MG Road / Central,12.8,0.43
2026-09-12 00:00:00,Saturday,1,0,,10,Morning,1,Indiranagar,12.1,0.63
2026-09-12 00:00:00,Saturday,1,0,,10,Morning,1,Whitefield,22.4,0.22
2026-09-12 00:00:00,Saturday,1,0,,10,Morning,1,Koramangala,13.7,0.64
2026-09-12 00:00:00,Saturday,1,0,,10,Morning,1,Jayanagar,15.7,0.5
2026-09-12 00:00:00,Saturday,1,0,,10,Morning,1,Hebbal,8.7,0.57
2026-09-12 00:00:00,Saturday,1,0,,10,Morning,1,Electronic City,11.2,0.64
2026-09-12 00:00:00,Saturday,1,0,,10,Morning,1,HSR Layout,19.5,0.61
2026-09-12 00:00:00,Saturday,1,0,,11,Morning,1,MG Road / Central,29.0,0.15
2026-09-12 00:00:00,Saturday,1,0,,11,Morning,1,Indiranagar,19.6,0.37
2026-09-12 00:00:00,Saturday,1,0,,11,Morning,1,Whitefield,21.8,0.24
2026-09-12 00:00:00,Saturday,1,0,,11,Morning,1,Koramangala,20.7,0.33
2026-09-12 00:00:00,Saturday,1,0,,11,Morning,1,Jayanagar,29.5,0.07
2026-09-12 00:00:00,Saturday,1,0,,11,Morning,1,Hebbal,21.7,0.2
2026-09-12 00:00:00,Saturday,1,0,,11,Morning,1,Electronic City,26.6,0.2
2026-09-12 00:00:00,Saturday,1,0,,11,Morning,1,HSR Layout,25.1,0.19
2026-09-12 00:00:00,Saturday,1,0,,12,Afternoon,0,MG Road / Central,22.1,0.31
2026-09-12 00:00:00,Saturday,1,0,,12,Afternoon,0,Indiranagar,19.2,0.48
2026-09-12 00:00:00,Saturday,1,0,,12,Afternoon,0,Whitefield,24.5,0.23
2026-09-12 00:00:00,Saturday,1,0,,12,Afternoon,0,Koramangala,20.2,0.41
2026-09-12 00:00:00,Saturday,1,0,,12,Afternoon,0,Jayanagar,26.6,0.16
2026-09-12 00:00:00,Saturday,1,0,,12,Afternoon,0,Hebbal,23.1,0.23
2026-09-12 00:00:00,Saturday,1,0,,12,Afternoon,0,Electronic City,22.7,0.26
2026-09-12 00:00:00,Saturday,1,0,,12,Afternoon,0,HSR Layout,23.3,0.24
2026-09-12 00:00:00,Saturday,1,0,,13,Afternoon,0,MG Road / Central,14.3,0.59
2026-09-12 00:00:00,Saturday,1,0,,13,Afternoon,0,Indiranagar,14.0,0.5
2026-09-12 00:00:00,Saturday,1,0,,13,Afternoon,0,Whitefield,27.6,0.14
2026-09-12 00:00:00,Saturday,1,0,,13,Afternoon,0,Koramangala,17.8,0.51
2026-09-12 00:00:00,Saturday,1,0,,13,Afternoon,0,Jayanagar,24.2,0.18
2026-09-12 00:00:00,Saturday,1,0,,13,Afternoon,0,Hebbal,27.6,0.05
2026-09-12 00:00:00,Saturday,1,0,,13,Afternoon,0,Electronic City,18.0,0.37
2026-09-12 00:00:00,Saturday,1,0,,13,Afternoon,0,HSR Layout,19.8,0.33
2026-09-12 00:00:00,Saturday,1,0,,14,Afternoon,0,MG Road / Central,14.5,0.44
2026-09-12 00:00:00,Saturday,1,0,,14,Afternoon,0,Indiranagar,11.7,0.41
2026-09-12 00:00:00,Saturday,1,0,,14,Afternoon,0,Whitefield,19.9,0.23
2026-09-12 00:00:00,Saturday,1,0,,14,Afternoon,0,Koramangala,15.2,0.54
2026-09-12 00:00:00,Saturday,1,0,,14,Afternoon,0,Jayanagar,23.9,0.31
2026-09-12 00:00:00,Saturday,1,0,,14,Afternoon,0,Hebbal,29.4,0.14
2026-09-12 00:00:00,Saturday,1,0,,14,Afternoon,0,Electronic City,18.7,0.36
2026-09-12 00:00:00,Saturday,1,0,,14,Afternoon,0,HSR Layout,16.2,0.39
2026-09-12 00:00:00,Saturday,1,0,,15,Afternoon,0,MG Road / Central,19.8,0.3
2026-09-12 00:00:00,Saturday,1,0,,15,Afternoon,0,Indiranagar,17.8,0.34
2026-09-12 00:00:00,Saturday,1,0,,15,Afternoon,0,Whitefield,17.6,0.4
2026-09-12 00:00:00,Saturday,1,0,,15,Afternoon,0,Koramangala,15.6,0.44
2026-09-12 00:00:00,Saturday,1,0,,15,Afternoon,0,Jayanagar,29.0,0.05
2026-09-12 00:00:00,Saturday,1,0,,15,Afternoon,0,Hebbal,28.4,0.05
2026-09-12 00:00:00,Saturday,1,0,,15,Afternoon,0,Electronic City,31.4,0.09
2026-09-12 00:00:00,Saturday,1,0,,15,Afternoon,0,HSR Layout,19.4,0.36
2026-09-12 00:00:00,Saturday,1,0,,16,Afternoon,0,MG Road / Central,11.8,0.55
2026-09-12 00:00:00,Saturday,1,0,,16,Afternoon,0,Indiranagar,16.4,0.47
2026-09-12 00:00:00,Saturday,1,0,,16,Afternoon,0,Whitefield,24.1,0.28
2026-09-12 00:00:00,Saturday,1,0,,16,Afternoon,0,Koramangala,15.9,0.49
2026-09-12 00:00:00,Saturday,1,0,,16,Afternoon,0,Jayanagar,26.5,0.05
2026-09-12 00:00:00,Saturday,1,0,,16,Afternoon,0,Hebbal,23.1,0.24
2026-09-12 00:00:00,Saturday,1,0,,16,Afternoon,0,Electronic City,31.4,0.11
2026-09-12 00:00:00,Saturday,1,0,,16,Afternoon,0,HSR Layout,18.2,0.43
2026-09-12 00:00:00,Saturday,1,0,,17,Evening,1,MG Road / Central,8.3,0.71
2026-09-12 00:00:00,Saturday,1,0,,17,Evening,1,Indiranagar,12.6,0.59
2026-09-12 00:00:00,Saturday,1,0,,17,Evening,1,Whitefield,10.1,0.58
2026-09-12 00:00:00,Saturday,1,0,,17,Evening,1,Koramangala,7.5,0.74
2026-09-12 00:00:00,Saturday,1,0,,17,Evening,1,Jayanagar,18.6,0.32
2026-09-12 00:00:00,Saturday,1,0,,17,Evening,1,Hebbal,18.8,0.5
2026-09-12 00:00:00,Saturday,1,0,,17,Evening,1,Electronic City,8.8,0.62
2026-09-12 00:00:00,Saturday,1,0,,17,Evening,1,HSR Layout,8.7,0.61
2026-09-12 00:00:00,Saturday,1,0,,18,Evening,1,MG Road / Central,5.0,0.83
2026-09-12 00:00:00,Saturday,1,0,,18,Evening,1,Indiranagar,12.0,0.69
2026-09-12 00:00:00,Saturday,1,0,,18,Evening,1,Whitefield,15.3,0.4
2026-09-12 00:00:00,Saturday,1,0,,18,Evening,1,Koramangala,13.2,0.63
2026-09-12 00:00:00,Saturday,1,0,,18,Evening,1,Jayanagar,13.3,0.37
2026-09-12 00:00:00,Saturday,1,0,,18,Evening,1,Hebbal,16.2,0.5
2026-09-12 00:00:00,Saturday,1,0,,18,Evening,1,Electronic City,8.3,0.69
2026-09-12 00:00:00,Saturday,1,0,,18,Evening,1,HSR Layout,17.3,0.5
2026-09-12 00:00:00,Saturday,1,0,,19,Evening,1,MG Road / Central,15.0,0.48
2026-09-12 00:00:00,Saturday,1,0,,19,Evening,1,Indiranagar,9.2,0.72
2026-09-12 00:00:00,Saturday,1,0,,19,Evening,1,Whitefield,15.4,0.49
2026-09-12 00:00:00,Saturday,1,0,,19,Evening,1,Koramangala,16.6,0.4
2026-09-12 00:00:00,Saturday,1,0,,19,Evening,1,Jayanagar,9.9,0.6
2026-09-12 00:00:00,Saturday,1,0,,19,Evening,1,Hebbal,14.2,0.56
2026-09-12 00:00:00,Saturday,1,0,,19,Evening,1,Electronic City,15.1,0.51
2026-09-12 00:00:00,Saturday,1,0,,19,Evening,1,HSR Layout,16.6,0.43
2026-09-12 00:00:00,Saturday,1,0,,20,Evening,1,MG Road / Central,7.1,0.77
2026-09-12 00:00:00,Saturday,1,0,,20,Evening,1,Indiranagar,11.6,0.63
2026-09-12 00:00:00,Saturday,1,0,,20,Evening,1,Whitefield,6.8,0.64
2026-09-12 00:00:00,Saturday,1,0,,20,Evening,1,Koramangala,5.0,0.84
2026-09-12 00:00:00,Saturday,1,0,,20,Evening,1,Jayanagar,14.4,0.6
2026-09-12 00:00:00,Saturday,1,0,,20,Evening,1,Hebbal,17.0,0.39
2026-09-12 00:00:00,Saturday,1,0,,20,Evening,1,Electronic City,13.0,0.52
2026-09-12 00:00:00,Saturday,1,0,,20,Evening,1,HSR Layout,5.5,0.76
2026-09-12 00:00:00,Saturday,1,0,,21,Night,0,MG Road / Central,20.4,0.33
2026-09-12 00:00:00,Saturday,1,0,,21,Night,0,Indiranagar,21.5,0.26
2026-09-12 00:00:00,Saturday,1,0,,21,Night,0,Whitefield,20.7,0.29
2026-09-12 00:00:00,Saturday,1,0,,21,Night,0,Koramangala,17.3,0.39
2026-09-12 00:00:00,Saturday,1,0,,21,Night,0,Jayanagar,28.6,0.07
2026-09-12 00:00:00,Saturday,1,0,,21,Night,0,Hebbal,16.2,0.46
2026-09-12 00:00:00,Saturday,1,0,,21,Night,0,Electronic City,23.1,0.28
2026-09-12 00:00:00,Saturday,1,0,,21,Night,0,HSR Layout,30.5,0.1
2026-09-13 00:00:00,Sunday,1,0,,6,Morning,0,MG Road / Central,20.5,0.42
2026-09-13 00:00:00,Sunday,1,0,,6,Morning,0,Indiranagar,24.3,0.31
2026-09-13 00:00:00,Sunday,1,0,,6,Morning,0,Whitefield,20.8,0.34
2026-09-13 00:00:00,Sunday,1,0,,6,Morning,0,Koramangala,16.7,0.43
2026-09-13 00:00:00,Sunday,1,0,,6,Morning,0,Jayanagar,18.5,0.39
2026-09-13 00:00:00,Sunday,1,0,,6,Morning,0,Hebbal,26.3,0.05
2026-09-13 00:00:00,Sunday,1,0,,6,Morning,0,Electronic City,23.8,0.23
2026-09-13 00:00:00,Sunday,1,0,,6,Morning,0,HSR Layout,25.1,0.24
2026-09-13 00:00:00,Sunday,1,0,,7,Morning,0,MG Road / Central,25.3,0.17
2026-09-13 00:00:00,Sunday,1,0,,7,Morning,0,Indiranagar,26.1,0.18
2026-09-13 00:00:00,Sunday,1,0,,7,Morning,0,Whitefield,23.7,0.24
2026-09-13 00:00:00,Sunday,1,0,,7,Morning,0,Koramangala,23.7,0.3
2026-09-13 00:00:00,Sunday,1,0,,7,Morning,0,Jayanagar,19.9,0.38
2026-09-13 00:00:00,Sunday,1,0,,7,Morning,0,Hebbal,24.1,0.23
2026-09-13 00:00:00,Sunday,1,0,,7,Morning,0,Electronic City,26.8,0.17
2026-09-13 00:00:00,Sunday,1,0,,7,Morning,0,HSR Layout,18.7,0.45
2026-09-13 00:00:00,Sunday,1,0,,8,Morning,1,MG Road / Central,12.3,0.61
2026-09-13 00:00:00,Sunday,1,0,,8,Morning,1,Indiranagar,14.8,0.54
2026-09-13 00:00:00,Sunday,1,0,,8,Morning,1,Whitefield,8.1,0.6
2026-09-13 00:00:00,Sunday,1,0,,8,Morning,1,Koramangala,12.6,0.56
2026-09-13 00:00:00,Sunday,1,0,,8,Morning,1,Jayanagar,12.2,0.51
2026-09-13 00:00:00,Sunday,1,0,,8,Morning,1,Hebbal,12.6,0.6
2026-09-13 00:00:00,Sunday,1,0,,8,Morning,1,Electronic City,12.7,0.53
2026-09-13 00:00:00,Sunday,1,0,,8,Morning,1,HSR Layout,13.0,0.68
2026-09-13 00:00:00,Sunday,1,0,,9,Morning,1,MG Road / Central,9.5,0.64
2026-09-13 00:00:00,Sunday,1,0,,9,Morning,1,Indiranagar,6.5,0.76
2026-09-13 00:00:00,Sunday,1,0,,9,Morning,1,Whitefield,15.5,0.53
2026-09-13 00:00:00,Sunday,1,0,,9,Morning,1,Koramangala,18.5,0.47
2026-09-13 00:00:00,Sunday,1,0,,9,Morning,1,Jayanagar,12.4,0.56
2026-09-13 00:00:00,Sunday,1,0,,9,Morning,1,Hebbal,13.7,0.54
2026-09-13 00:00:00,Sunday,1,0,,9,Morning,1,Electronic City,22.7,0.34
2026-09-13 00:00:00,Sunday,1,0,,9,Morning,1,HSR Layout,14.2,0.55
2026-09-13 00:00:00,Sunday,1,0,,10,Morning,1,MG Road / Central,5.0,0.81
2026-09-13 00:00:00,Sunday,1,0,,10,Morning,1,Indiranagar,6.8,0.76
2026-09-13 00:00:00,Sunday,1,0,,10,Morning,1,Whitefield,6.2,0.65
2026-09-13 00:00:00,Sunday,1,0,,10,Morning,1,Koramangala,8.2,0.69
2026-09-13 00:00:00,Sunday,1,0,,10,Morning,1,Jayanagar,12.9,0.6
2026-09-13 00:00:00,Sunday,1,0,,10,Morning,1,Hebbal,14.6,0.47
2026-09-13 00:00:00,Sunday,1,0,,10,Morning,1,Electronic City,12.1,0.54
2026-09-13 00:00:00,Sunday,1,0,,10,Morning,1,HSR Layout,9.7,0.65
2026-09-13 00:00:00,Sunday,1,0,,11,Morning,1,MG Road / Central,27.7,0.05
2026-09-13 00:00:00,Sunday,1,0,,11,Morning,1,Indiranagar,18.5,0.28
2026-09-13 00:00:00,Sunday,1,0,,11,Morning,1,Whitefield,27.2,0.1
2026-09-13 00:00:00,Sunday,1,0,,11,Morning,1,Koramangala,13.8,0.56
2026-09-13 00:00:00,Sunday,1,0,,11,Morning,1,Jayanagar,25.6,0.18
2026-09-13 00:00:00,Sunday,1,0,,11,Morning,1,Hebbal,22.8,0.19
2026-09-13 00:00:00,Sunday,1,0,,11,Morning,1,Electronic City,23.2,0.11
2026-09-13 00:00:00,Sunday,1,0,,11,Morning,1,HSR Layout,24.2,0.2
2026-09-13 00:00:00,Sunday,1,0,,12,Afternoon,0,MG Road / Central,17.5,0.39
2026-09-13 00:00:00,Sunday,1,0,,12,Afternoon,0,Indiranagar,22.6,0.29
2026-09-13 00:00:00,Sunday,1,0,,12,Afternoon,0,Whitefield,28.8,0.09
2026-09-13 00:00:00,Sunday,1,0,,12,Afternoon,0,Koramangala,20.1,0.28
2026-09-13 00:00:00,Sunday,1,0,,12,Afternoon,0,Jayanagar,26.8,0.07
2026-09-13 00:00:00,Sunday,1,0,,12,Afternoon,0,Hebbal,20.0,0.37
2026-09-13 00:00:00,Sunday,1,0,,12,Afternoon,0,Electronic City,20.0,0.37
2026-09-13 00:00:00,Sunday,1,0,,12,Afternoon,0,HSR Layout,25.8,0.12
2026-09-13 00:00:00,Sunday,1,0,,13,Afternoon,0,MG Road / Central,23.5,0.31
2026-09-13 00:00:00,Sunday,1,0,,13,Afternoon,0,Indiranagar,24.1,0.26
2026-09-13 00:00:00,Sunday,1,0,,13,Afternoon,0,Whitefield,22.9,0.36
2026-09-13 00:00:00,Sunday,1,0,,13,Afternoon,0,Koramangala,20.9,0.35
2026-09-13 00:00:00,Sunday,1,0,,13,Afternoon,0,Jayanagar,13.1,0.52
2026-09-13 00:00:00,Sunday,1,0,,13,Afternoon,0,Hebbal,24.3,0.07
2026-09-13 00:00:00,Sunday,1,0,,13,Afternoon,0,Electronic City,16.2,0.34
2026-09-13 00:00:00,Sunday,1,0,,13,Afternoon,0,HSR Layout,24.7,0.21
2026-09-13 00:00:00,Sunday,1,0,,14,Afternoon,0,MG Road / Central,18.2,0.42
2026-09-13 00:00:00,Sunday,1,0,,14,Afternoon,0,Indiranagar,19.8,0.43
2026-09-13 00:00:00,Sunday,1,0,,14,Afternoon,0,Whitefield,24.6,0.14
2026-09-13 00:00:00,Sunday,1,0,,14,Afternoon,0,Koramangala,22.4,0.31
2026-09-13 00:00:00,Sunday,1,0,,14,Afternoon,0,Jayanagar,20.2,0.36
2026-09-13 00:00:00,Sunday,1,0,,14,Afternoon,0,Hebbal,15.9,0.39
2026-09-13 00:00:00,Sunday,1,0,,14,Afternoon,0,Electronic City,19.5,0.45
2026-09-13 00:00:00,Sunday,1,0,,14,Afternoon,0,HSR Layout,23.4,0.34
2026-09-13 00:00:00,Sunday,1,0,,15,Afternoon,0,MG Road / Central,22.9,0.2
2026-09-13 00:00:00,Sunday,1,0,,15,Afternoon,0,Indiranagar,22.1,0.31
2026-09-13 00:00:00,Sunday,1,0,,15,Afternoon,0,Whitefield,27.8,0.12
2026-09-13 00:00:00,Sunday,1,0,,15,Afternoon,0,Koramangala,14.5,0.56
2026-09-13 00:00:00,Sunday,1,0,,15,Afternoon,0,Jayanagar,19.5,0.28
2026-09-13 00:00:00,Sunday,1,0,,15,Afternoon,0,Hebbal,28.0,0.15
2026-09-13 00:00:00,Sunday,1,0,,15,Afternoon,0,Electronic City,19.6,0.34
2026-09-13 00:00:00,Sunday,1,0,,15,Afternoon,0,HSR Layout,20.0,0.2
2026-09-13 00:00:00,Sunday,1,0,,16,Afternoon,0,MG Road / Central,25.7,0.27
2026-09-13 00:00:00,Sunday,1,0,,16,Afternoon,0,Indiranagar,23.0,0.25
2026-09-13 00:00:00,Sunday,1,0,,16,Afternoon,0,Whitefield,16.4,0.37
2026-09-13 00:00:00,Sunday,1,0,,16,Afternoon,0,Koramangala,19.2,0.42
2026-09-13 00:00:00,Sunday,1,0,,16,Afternoon,0,Jayanagar,28.2,0.25
2026-09-13 00:00:00,Sunday,1,0,,16,Afternoon,0,Hebbal,30.6,0.05
2026-09-13 00:00:00,Sunday,1,0,,16,Afternoon,0,Electronic City,24.7,0.23
2026-09-13 00:00:00,Sunday,1,0,,16,Afternoon,0,HSR Layout,19.4,0.3
2026-09-13 00:00:00,Sunday,1,0,,17,Evening,1,MG Road / Central,5.0,0.73
2026-09-13 00:00:00,Sunday,1,0,,17,Evening,1,Indiranagar,7.4,0.77
2026-09-13 00:00:00,Sunday,1,0,,17,Evening,1,Whitefield,13.3,0.63
2026-09-13 00:00:00,Sunday,1,0,,17,Evening,1,Koramangala,8.0,0.74
2026-09-13 00:00:00,Sunday,1,0,,17,Evening,1,Jayanagar,15.2,0.44
2026-09-13 00:00:00,Sunday,1,0,,17,Evening,1,Hebbal,12.1,0.69
2026-09-13 00:00:00,Sunday,1,0,,17,Evening,1,Electronic City,14.4,0.52
2026-09-13 00:00:00,Sunday,1,0,,17,Evening,1,HSR Layout,19.1,0.44
2026-09-13 00:00:00,Sunday,1,0,,18,Evening,1,MG Road / Central,10.5,0.78
2026-09-13 00:00:00,Sunday,1,0,,18,Evening,1,Indiranagar,11.4,0.59
2026-09-13 00:00:00,Sunday,1,0,,18,Evening,1,Whitefield,14.0,0.58
2026-09-13 00:00:00,Sunday,1,0,,18,Evening,1,Koramangala,8.0,0.67
2026-09-13 00:00:00,Sunday,1,0,,18,Evening,1,Jayanagar,11.8,0.66
2026-09-13 00:00:00,Sunday,1,0,,18,Evening,1,Hebbal,19.5,0.44
2026-09-13 00:00:00,Sunday,1,0,,18,Evening,1,Electronic City,9.6,0.69
2026-09-13 00:00:00,Sunday,1,0,,18,Evening,1,HSR Layout,14.3,0.56
2026-09-13 00:00:00,Sunday,1,0,,19,Evening,1,MG Road / Central,12.2,0.6
2026-09-13 00:00:00,Sunday,1,0,,19,Evening,1,Indiranagar,18.5,0.44
2026-09-13 00:00:00,Sunday,1,0,,19,Evening,1,Whitefield,22.1,0.36
2026-09-13 00:00:00,Sunday,1,0,,19,Evening,1,Koramangala,9.8,0.66
2026-09-13 00:00:00,Sunday,1,0,,19,Evening,1,Jayanagar,15.2,0.47
2026-09-13 00:00:00,Sunday,1,0,,19,Evening,1,Hebbal,5.0,0.72
2026-09-13 00:00:00,Sunday,1,0,,19,Evening,1,Electronic City,9.6,0.7
2026-09-13 00:00:00,Sunday,1,0,,19,Evening,1,HSR Layout,15.7,0.41
2026-09-13 00:00:00,Sunday,1,0,,20,Evening,1,MG Road / Central,5.0,0.9
2026-09-13 00:00:00,Sunday,1,0,,20,Evening,1,Indiranagar,15.4,0.56
2026-09-13 00:00:00,Sunday,1,0,,20,Evening,1,Whitefield,10.4,0.59
2026-09-13 00:00:00,Sunday,1,0,,20,Evening,1,Koramangala,6.2,0.73
2026-09-13 00:00:00,Sunday,1,0,,20,Evening,1,Jayanagar,11.7,0.68
2026-09-13 00:00:00,Sunday,1,0,,20,Evening,1,Hebbal,12.3,0.61
2026-09-13 00:00:00,Sunday,1,0,,20,Evening,1,Electronic City,7.2,0.76
2026-09-13 00:00:00,Sunday,1,0,,20,Evening,1,HSR Layout,18.7,0.41
2026-09-13 00:00:00,Sunday,1,0,,21,Night,0,MG Road / Central,8.5,0.65
2026-09-13 00:00:00,Sunday,1,0,,21,Night,0,Indiranagar,20.1,0.36
2026-09-13 00:00:00,Sunday,1,0,,21,Night,0,Whitefield,20.7,0.24
2026-09-13 00:00:00,Sunday,1,0,,21,Night,0,Koramangala,18.6,0.53
2026-09-13 00:00:00,Sunday,1,0,,21,Night,0,Jayanagar,20.0,0.27
2026-09-13 00:00:00,Sunday,1,0,,21,Night,0,Hebbal,28.6,0.06
2026-09-13 00:00:00,Sunday,1,0,,21,Night,0,Electronic City,19.5,0.38
2026-09-13 00:00:00,Sunday,1,0,,21,Night,0,HSR Layout,21.3,0.25
2026-09-14 00:00:00,Monday,0,0,,6,Morning,0,MG Road / Central,23.6,0.27
2026-09-14 00:00:00,Monday,0,0,,6,Morning,0,Indiranagar,11.6,0.51
2026-09-14 00:00:00,Monday,0,0,,6,Morning,0,Whitefield,17.9,0.44
2026-09-14 00:00:00,Monday,0,0,,6,Morning,0,Koramangala,10.3,0.57
2026-09-14 00:00:00,Monday,0,0,,6,Morning,0,Jayanagar,27.1,0.09
2026-09-14 00:00:00,Monday,0,0,,6,Morning,0,Hebbal,24.3,0.31
2026-09-14 00:00:00,Monday,0,0,,6,Morning,0,Electronic City,19.5,0.33
2026-09-14 00:00:00,Monday,0,0,,6,Morning,0,HSR Layout,28.7,0.13
2026-09-14 00:00:00,Monday,0,0,,7,Morning,0,MG Road / Central,24.7,0.28
2026-09-14 00:00:00,Monday,0,0,,7,Morning,0,Indiranagar,22.2,0.37
2026-09-14 00:00:00,Monday,0,0,,7,Morning,0,Whitefield,19.8,0.33
2026-09-14 00:00:00,Monday,0,0,,7,Morning,0,Koramangala,19.2,0.34
2026-09-14 00:00:00,Monday,0,0,,7,Morning,0,Jayanagar,21.1,0.3
2026-09-14 00:00:00,Monday,0,0,,7,Morning,0,Hebbal,24.3,0.18
2026-09-14 00:00:00,Monday,0,0,,7,Morning,0,Electronic City,18.0,0.26
2026-09-14 00:00:00,Monday,0,0,,7,Morning,0,HSR Layout,18.9,0.3
2026-09-14 00:00:00,Monday,0,0,,8,Morning,1,MG Road / Central,9.8,0.56
2026-09-14 00:00:00,Monday,0,0,,8,Morning,1,Indiranagar,12.7,0.48
2026-09-14 00:00:00,Monday,0,0,,8,Morning,1,Whitefield,20.0,0.46
2026-09-14 00:00:00,Monday,0,0,,8,Morning,1,Koramangala,11.2,0.64
2026-09-14 00:00:00,Monday,0,0,,8,Morning,1,Jayanagar,12.3,0.6
2026-09-14 00:00:00,Monday,0,0,,8,Morning,1,Hebbal,11.4,0.54
2026-09-14 00:00:00,Monday,0,0,,8,Morning,1,Electronic City,11.9,0.72
2026-09-14 00:00:00,Monday,0,0,,8,Morning,1,HSR Layout,17.5,0.35
2026-09-14 00:00:00,Monday,0,0,,9,Morning,1,MG Road / Central,8.1,0.67
2026-09-14 00:00:00,Monday,0,0,,9,Morning,1,Indiranagar,5.7,0.76
2026-09-14 00:00:00,Monday,0,0,,9,Morning,1,Whitefield,8.1,0.81
2026-09-14 00:00:00,Monday,0,0,,9,Morning,1,Koramangala,10.3,0.73
2026-09-14 00:00:00,Monday,0,0,,9,Morning,1,Jayanagar,8.4,0.68
2026-09-14 00:00:00,Monday,0,0,,9,Morning,1,Hebbal,16.6,0.45
2026-09-14 00:00:00,Monday,0,0,,9,Morning,1,Electronic City,10.7,0.65
2026-09-14 00:00:00,Monday,0,0,,9,Morning,1,HSR Layout,17.6,0.36
2026-09-14 00:00:00,Monday,0,0,,10,Morning,1,MG Road / Central,9.1,0.69
2026-09-14 00:00:00,Monday,0,0,,10,Morning,1,Indiranagar,5.0,0.94
2026-09-14 00:00:00,Monday,0,0,,10,Morning,1,Whitefield,14.7,0.61
2026-09-14 00:00:00,Monday,0,0,,10,Morning,1,Koramangala,5.0,0.97
2026-09-14 00:00:00,Monday,0,0,,10,Morning,1,Jayanagar,12.9,0.61
2026-09-14 00:00:00,Monday,0,0,,10,Morning,1,Hebbal,12.6,0.57
2026-09-14 00:00:00,Monday,0,0,,10,Morning,1,Electronic City,6.9,0.6
2026-09-14 00:00:00,Monday,0,0,,10,Morning,1,HSR Layout,11.3,0.63
2026-09-14 00:00:00,Monday,0,0,,11,Morning,1,MG Road / Central,22.9,0.37
2026-09-14 00:00:00,Monday,0,0,,11,Morning,1,Indiranagar,19.6,0.32
2026-09-14 00:00:00,Monday,0,0,,11,Morning,1,Whitefield,13.7,0.49
2026-09-14 00:00:00,Monday,0,0,,11,Morning,1,Koramangala,19.7,0.33
2026-09-14 00:00:00,Monday,0,0,,11,Morning,1,Jayanagar,19.9,0.35
2026-09-14 00:00:00,Monday,0,0,,11,Morning,1,Hebbal,26.1,0.09
2026-09-14 00:00:00,Monday,0,0,,11,Morning,1,Electronic City,24.5,0.18
2026-09-14 00:00:00,Monday,0,0,,11,Morning,1,HSR Layout,21.8,0.3
2026-09-14 00:00:00,Monday,0,0,,12,Afternoon,0,MG Road / Central,26.5,0.19
2026-09-14 00:00:00,Monday,0,0,,12,Afternoon,0,Indiranagar,19.9,0.43
2026-09-14 00:00:00,Monday,0,0,,12,Afternoon,0,Whitefield,23.1,0.3
2026-09-14 00:00:00,Monday,0,0,,12,Afternoon,0,Koramangala,19.0,0.46
2026-09-14 00:00:00,Monday,0,0,,12,Afternoon,0,Jayanagar,20.4,0.31
2026-09-14 00:00:00,Monday,0,0,,12,Afternoon,0,Hebbal,16.1,0.52
2026-09-14 00:00:00,Monday,0,0,,12,Afternoon,0,Electronic City,17.9,0.32
2026-09-14 00:00:00,Monday,0,0,,12,Afternoon,0,HSR Layout,27.7,0.1
2026-09-14 00:00:00,Monday,0,0,,13,Afternoon,0,MG Road / Central,16.2,0.42
2026-09-14 00:00:00,Monday,0,0,,13,Afternoon,0,Indiranagar,20.7,0.42
2026-09-14 00:00:00,Monday,0,0,,13,Afternoon,0,Whitefield,17.7,0.33
2026-09-14 00:00:00,Monday,0,0,,13,Afternoon,0,Koramangala,16.8,0.39
2026-09-14 00:00:00,Monday,0,0,,13,Afternoon,0,Jayanagar,23.1,0.2
2026-09-14 00:00:00,Monday,0,0,,13,Afternoon,0,Hebbal,21.7,0.19
2026-09-14 00:00:00,Monday,0,0,,13,Afternoon,0,Electronic City,21.8,0.23
2026-09-14 00:00:00,Monday,0,0,,13,Afternoon,0,HSR Layout,32.6,0.05
2026-09-14 00:00:00,Monday,0,0,,14,Afternoon,0,MG Road / Central,13.3,0.53
2026-09-14 00:00:00,Monday,0,0,,14,Afternoon,0,Indiranagar,15.6,0.4
2026-09-14 00:00:00,Monday,0,0,,14,Afternoon,0,Whitefield,20.2,0.45
2026-09-14 00:00:00,Monday,0,0,,14,Afternoon,0,Koramangala,19.5,0.42
2026-09-14 00:00:00,Monday,0,0,,14,Afternoon,0,Jayanagar,19.2,0.27
2026-09-14 00:00:00,Monday,0,0,,14,Afternoon,0,Hebbal,24.2,0.2
2026-09-14 00:00:00,Monday,0,0,,14,Afternoon,0,Electronic City,23.7,0.2
2026-09-14 00:00:00,Monday,0,0,,14,Afternoon,0,HSR Layout,22.7,0.24
2026-09-14 00:00:00,Monday,0,0,,15,Afternoon,0,MG Road / Central,15.7,0.41
2026-09-14 00:00:00,Monday,0,0,,15,Afternoon,0,Indiranagar,18.0,0.31
2026-09-14 00:00:00,Monday,0,0,,15,Afternoon,0,Whitefield,14.8,0.37
2026-09-14 00:00:00,Monday,0,0,,15,Afternoon,0,Koramangala,16.6,0.54
2026-09-14 00:00:00,Monday,0,0,,15,Afternoon,0,Jayanagar,18.4,0.21
2026-09-14 00:00:00,Monday,0,0,,15,Afternoon,0,Hebbal,23.7,0.21
2026-09-14 00:00:00,Monday,0,0,,15,Afternoon,0,Electronic City,25.1,0.13
2026-09-14 00:00:00,Monday,0,0,,15,Afternoon,0,HSR Layout,18.3,0.43
2026-09-14 00:00:00,Monday,0,0,,16,Afternoon,0,MG Road / Central,18.1,0.29
2026-09-14 00:00:00,Monday,0,0,,16,Afternoon,0,Indiranagar,18.8,0.36
2026-09-14 00:00:00,Monday,0,0,,16,Afternoon,0,Whitefield,19.6,0.31
2026-09-14 00:00:00,Monday,0,0,,16,Afternoon,0,Koramangala,20.0,0.46
2026-09-14 00:00:00,Monday,0,0,,16,Afternoon,0,Jayanagar,19.5,0.35
2026-09-14 00:00:00,Monday,0,0,,16,Afternoon,0,Hebbal,22.4,0.23
2026-09-14 00:00:00,Monday,0,0,,16,Afternoon,0,Electronic City,17.0,0.39
2026-09-14 00:00:00,Monday,0,0,,16,Afternoon,0,HSR Layout,22.4,0.26
2026-09-14 00:00:00,Monday,0,0,,17,Evening,1,MG Road / Central,8.1,0.64
2026-09-14 00:00:00,Monday,0,0,,17,Evening,1,Indiranagar,7.7,0.74
2026-09-14 00:00:00,Monday,0,0,,17,Evening,1,Whitefield,10.6,0.61
2026-09-14 00:00:00,Monday,0,0,,17,Evening,1,Koramangala,5.0,0.85
2026-09-14 00:00:00,Monday,0,0,,17,Evening,1,Jayanagar,5.0,0.76
2026-09-14 00:00:00,Monday,0,0,,17,Evening,1,Hebbal,12.9,0.6
2026-09-14 00:00:00,Monday,0,0,,17,Evening,1,Electronic City,17.2,0.45
2026-09-14 00:00:00,Monday,0,0,,17,Evening,1,HSR Layout,5.0,0.7
2026-09-14 00:00:00,Monday,0,0,,18,Evening,1,MG Road / Central,5.0,0.76
2026-09-14 00:00:00,Monday,0,0,,18,Evening,1,Indiranagar,15.7,0.58
2026-09-14 00:00:00,Monday,0,0,,18,Evening,1,Whitefield,13.2,0.48
2026-09-14 00:00:00,Monday,0,0,,18,Evening,1,Koramangala,13.8,0.68
2026-09-14 00:00:00,Monday,0,0,,18,Evening,1,Jayanagar,18.0,0.33
2026-09-14 00:00:00,Monday,0,0,,18,Evening,1,Hebbal,11.8,0.73
2026-09-14 00:00:00,Monday,0,0,,18,Evening,1,Electronic City,11.4,0.54
2026-09-14 00:00:00,Monday,0,0,,18,Evening,1,HSR Layout,9.1,0.8
2026-09-14 00:00:00,Monday,0,0,,19,Evening,1,MG Road / Central,5.0,0.78
2026-09-14 00:00:00,Monday,0,0,,19,Evening,1,Indiranagar,8.9,0.69
2026-09-14 00:00:00,Monday,0,0,,19,Evening,1,Whitefield,15.2,0.59
2026-09-14 00:00:00,Monday,0,0,,19,Evening,1,Koramangala,5.0,0.81
2026-09-14 00:00:00,Monday,0,0,,19,Evening,1,Jayanagar,9.2,0.72
2026-09-14 00:00:00,Monday,0,0,,19,Evening,1,Hebbal,14.0,0.63
2026-09-14 00:00:00,Monday,0,0,,19,Evening,1,Electronic City,17.4,0.42
2026-09-14 00:00:00,Monday,0,0,,19,Evening,1,HSR Layout,12.3,0.49
2026-09-14 00:00:00,Monday,0,0,,20,Evening,1,MG Road / Central,12.8,0.74
2026-09-14 00:00:00,Monday,0,0,,20,Evening,1,Indiranagar,15.6,0.48
2026-09-14 00:00:00,Monday,0,0,,20,Evening,1,Whitefield,11.4,0.63
2026-09-14 00:00:00,Monday,0,0,,20,Evening,1,Koramangala,6.8,0.69
2026-09-14 00:00:00,Monday,0,0,,20,Evening,1,Jayanagar,11.1,0.58
2026-09-14 00:00:00,Monday,0,0,,20,Evening,1,Hebbal,23.8,0.29
2026-09-14 00:00:00,Monday,0,0,,20,Evening,1,Electronic City,10.2,0.67
2026-09-14 00:00:00,Monday,0,0,,20,Evening,1,HSR Layout,14.8,0.58
2026-09-14 00:00:00,Monday,0,0,,21,Night,0,MG Road / Central,19.0,0.43
2026-09-14 00:00:00,Monday,0,0,,21,Night,0,Indiranagar,21.7,0.36
2026-09-14 00:00:00,Monday,0,0,,21,Night,0,Whitefield,21.7,0.29
2026-09-14 00:00:00,Monday,0,0,,21,Night,0,Koramangala,23.1,0.25
2026-09-14 00:00:00,Monday,0,0,,21,Night,0,Jayanagar,24.2,0.15
2026-09-14 00:00:00,Monday,0,0,,21,Night,0,Hebbal,23.3,0.15
2026-09-14 00:00:00,Monday,0,0,,21,Night,0,Electronic City,17.5,0.5
2026-09-14 00:00:00,Monday,0,0,,21,Night,0,HSR Layout,13.1,0.48
2026-09-15 00:00:00,Tuesday,0,1,Ganesh Chaturthi,6,Morning,0,MG Road / Central,15.2,0.41
2026-09-15 00:00:00,Tuesday,0,1,Ganesh Chaturthi,6,Morning,0,Indiranagar,18.7,0.32
2026-09-15 00:00:00,Tuesday,0,1,Ganesh Chaturthi,6,Morning,0,Whitefield,17.2,0.4
2026-09-15 00:00:00,Tuesday,0,1,Ganesh Chaturthi,6,Morning,0,Koramangala,15.4,0.53
2026-09-15 00:00:00,Tuesday,0,1,Ganesh Chaturthi,6,Morning,0,Jayanagar,11.2,0.53
2026-09-15 00:00:00,Tuesday,0,1,Ganesh Chaturthi,6,Morning,0,Hebbal,20.3,0.4
2026-09-15 00:00:00,Tuesday,0,1,Ganesh Chaturthi,6,Morning,0,Electronic City,28.0,0.13
2026-09-15 00:00:00,Tuesday,0,1,Ganesh Chaturthi,6,Morning,0,HSR Layout,20.8,0.29
2026-09-15 00:00:00,Tuesday,0,1,Ganesh Chaturthi,7,Morning,0,MG Road / Central,19.5,0.3
2026-09-15 00:00:00,Tuesday,0,1,Ganesh Chaturthi,7,Morning,0,Indiranagar,10.6,0.65
2026-09-15 00:00:00,Tuesday,0,1,Ganesh Chaturthi,7,Morning,0,Whitefield,18.1,0.34
2026-09-15 00:00:00,Tuesday,0,1,Ganesh Chaturthi,7,Morning,0,Koramangala,23.0,0.31
2026-09-15 00:00:00,Tuesday,0,1,Ganesh Chaturthi,7,Morning,0,Jayanagar,26.5,0.09
2026-09-15 00:00:00,Tuesday,0,1,Ganesh Chaturthi,7,Morning,0,Hebbal,22.6,0.25
2026-09-15 00:00:00,Tuesday,0,1,Ganesh Chaturthi,7,Morning,0,Electronic City,23.9,0.23
2026-09-15 00:00:00,Tuesday,0,1,Ganesh Chaturthi,7,Morning,0,HSR Layout,21.5,0.33
2026-09-15 00:00:00,Tuesday,0,1,Ganesh Chaturthi,8,Morning,1,MG Road / Central,12.0,0.58
2026-09-15 00:00:00,Tuesday,0,1,Ganesh Chaturthi,8,Morning,1,Indiranagar,6.5,0.84
2026-09-15 00:00:00,Tuesday,0,1,Ganesh Chaturthi,8,Morning,1,Whitefield,19.1,0.39
2026-09-15 00:00:00,Tuesday,0,1,Ganesh Chaturthi,8,Morning,1,Koramangala,16.2,0.46
2026-09-15 00:00:00,Tuesday,0,1,Ganesh Chaturthi,8,Morning,1,Jayanagar,5.0,0.78
2026-09-15 00:00:00,Tuesday,0,1,Ganesh Chaturthi,8,Morning,1,Hebbal,18.0,0.45
2026-09-15 00:00:00,Tuesday,0,1,Ganesh Chaturthi,8,Morning,1,Electronic City,17.8,0.36
2026-09-15 00:00:00,Tuesday,0,1,Ganesh Chaturthi,8,Morning,1,HSR Layout,10.1,0.62
2026-09-15 00:00:00,Tuesday,0,1,Ganesh Chaturthi,9,Morning,1,MG Road / Central,11.3,0.67
2026-09-15 00:00:00,Tuesday,0,1,Ganesh Chaturthi,9,Morning,1,Indiranagar,8.0,0.75
2026-09-15 00:00:00,Tuesday,0,1,Ganesh Chaturthi,9,Morning,1,Whitefield,15.5,0.51
2026-09-15 00:00:00,Tuesday,0,1,Ganesh Chaturthi,9,Morning,1,Koramangala,10.4,0.69
2026-09-15 00:00:00,Tuesday,0,1,Ganesh Chaturthi,9,Morning,1,Jayanagar,14.9,0.49
2026-09-15 00:00:00,Tuesday,0,1,Ganesh Chaturthi,9,Morning,1,Hebbal,17.0,0.43
2026-09-15 00:00:00,Tuesday,0,1,Ganesh Chaturthi,9,Morning,1,Electronic City,14.2,0.45
2026-09-15 00:00:00,Tuesday,0,1,Ganesh Chaturthi,9,Morning,1,HSR Layout,13.0,0.58
2026-09-15 00:00:00,Tuesday,0,1,Ganesh Chaturthi,10,Morning,1,MG Road / Central,5.3,0.79
2026-09-15 00:00:00,Tuesday,0,1,Ganesh Chaturthi,10,Morning,1,Indiranagar,8.6,0.75
2026-09-15 00:00:00,Tuesday,0,1,Ganesh Chaturthi,10,Morning,1,Whitefield,10.2,0.6
2026-09-15 00:00:00,Tuesday,0,1,Ganesh Chaturthi,10,Morning,1,Koramangala,9.2,0.72
2026-09-15 00:00:00,Tuesday,0,1,Ganesh Chaturthi,10,Morning,1,Jayanagar,9.3,0.55
2026-09-15 00:00:00,Tuesday,0,1,Ganesh Chaturthi,10,Morning,1,Hebbal,17.3,0.57
2026-09-15 00:00:00,Tuesday,0,1,Ganesh Chaturthi,10,Morning,1,Electronic City,13.3,0.51
2026-09-15 00:00:00,Tuesday,0,1,Ganesh Chaturthi,10,Morning,1,HSR Layout,12.8,0.59
2026-09-15 00:00:00,Tuesday,0,1,Ganesh Chaturthi,11,Morning,1,MG Road / Central,11.2,0.54
2026-09-15 00:00:00,Tuesday,0,1,Ganesh Chaturthi,11,Morning,1,Indiranagar,16.5,0.49
2026-09-15 00:00:00,Tuesday,0,1,Ganesh Chaturthi,11,Morning,1,Whitefield,23.7,0.23
2026-09-15 00:00:00,Tuesday,0,1,Ganesh Chaturthi,11,Morning,1,Koramangala,16.0,0.52
2026-09-15 00:00:00,Tuesday,0,1,Ganesh Chaturthi,11,Morning,1,Jayanagar,28.3,0.11
2026-09-15 00:00:00,Tuesday,0,1,Ganesh Chaturthi,11,Morning,1,Hebbal,22.9,0.24
2026-09-15 00:00:00,Tuesday,0,1,Ganesh Chaturthi,11,Morning,1,Electronic City,21.9,0.26
2026-09-15 00:00:00,Tuesday,0,1,Ganesh Chaturthi,11,Morning,1,HSR Layout,18.0,0.39
2026-09-15 00:00:00,Tuesday,0,1,Ganesh Chaturthi,12,Afternoon,0,MG Road / Central,21.2,0.27
2026-09-15 00:00:00,Tuesday,0,1,Ganesh Chaturthi,12,Afternoon,0,Indiranagar,19.8,0.42
2026-09-15 00:00:00,Tuesday,0,1,Ganesh Chaturthi,12,Afternoon,0,Whitefield,18.6,0.32
2026-09-15 00:00:00,Tuesday,0,1,Ganesh Chaturthi,12,Afternoon,0,Koramangala,9.6,0.7
2026-09-15 00:00:00,Tuesday,0,1,Ganesh Chaturthi,12,Afternoon,0,Jayanagar,17.6,0.4
2026-09-15 00:00:00,Tuesday,0,1,Ganesh Chaturthi,12,Afternoon,0,Hebbal,22.3,0.31
2026-09-15 00:00:00,Tuesday,0,1,Ganesh Chaturthi,12,Afternoon,0,Electronic City,20.2,0.4
2026-09-15 00:00:00,Tuesday,0,1,Ganesh Chaturthi,12,Afternoon,0,HSR Layout,18.7,0.35
2026-09-15 00:00:00,Tuesday,0,1,Ganesh Chaturthi,13,Afternoon,0,MG Road / Central,20.7,0.33
2026-09-15 00:00:00,Tuesday,0,1,Ganesh Chaturthi,13,Afternoon,0,Indiranagar,14.2,0.51
2026-09-15 00:00:00,Tuesday,0,1,Ganesh Chaturthi,13,Afternoon,0,Whitefield,21.6,0.38
2026-09-15 00:00:00,Tuesday,0,1,Ganesh Chaturthi,13,Afternoon,0,Koramangala,19.6,0.29
2026-09-15 00:00:00,Tuesday,0,1,Ganesh Chaturthi,13,Afternoon,0,Jayanagar,23.6,0.23
2026-09-15 00:00:00,Tuesday,0,1,Ganesh Chaturthi,13,Afternoon,0,Hebbal,27.1,0.19
2026-09-15 00:00:00,Tuesday,0,1,Ganesh Chaturthi,13,Afternoon,0,Electronic City,21.1,0.3
2026-09-15 00:00:00,Tuesday,0,1,Ganesh Chaturthi,13,Afternoon,0,HSR Layout,25.0,0.08
2026-09-15 00:00:00,Tuesday,0,1,Ganesh Chaturthi,14,Afternoon,0,MG Road / Central,12.7,0.43
2026-09-15 00:00:00,Tuesday,0,1,Ganesh Chaturthi,14,Afternoon,0,Indiranagar,14.0,0.52
2026-09-15 00:00:00,Tuesday,0,1,Ganesh Chaturthi,14,Afternoon,0,Whitefield,15.4,0.64
2026-09-15 00:00:00,Tuesday,0,1,Ganesh Chaturthi,14,Afternoon,0,Koramangala,18.4,0.38
2026-09-15 00:00:00,Tuesday,0,1,Ganesh Chaturthi,14,Afternoon,0,Jayanagar,22.3,0.37
2026-09-15 00:00:00,Tuesday,0,1,Ganesh Chaturthi,14,Afternoon,0,Hebbal,24.8,0.05
2026-09-15 00:00:00,Tuesday,0,1,Ganesh Chaturthi,14,Afternoon,0,Electronic City,25.9,0.18
2026-09-15 00:00:00,Tuesday,0,1,Ganesh Chaturthi,14,Afternoon,0,HSR Layout,22.9,0.31
2026-09-15 00:00:00,Tuesday,0,1,Ganesh Chaturthi,15,Afternoon,0,MG Road / Central,17.7,0.26
2026-09-15 00:00:00,Tuesday,0,1,Ganesh Chaturthi,15,Afternoon,0,Indiranagar,13.3,0.5
2026-09-15 00:00:00,Tuesday,0,1,Ganesh Chaturthi,15,Afternoon,0,Whitefield,28.8,0.05
2026-09-15 00:00:00,Tuesday,0,1,Ganesh Chaturthi,15,Afternoon,0,Koramangala,14.9,0.5
2026-09-15 00:00:00,Tuesday,0,1,Ganesh Chaturthi,15,Afternoon,0,Jayanagar,23.8,0.2
2026-09-15 00:00:00,Tuesday,0,1,Ganesh Chaturthi,15,Afternoon,0,Hebbal,21.1,0.21
2026-09-15 00:00:00,Tuesday,0,1,Ganesh Chaturthi,15,Afternoon,0,Electronic City,26.1,0.16
2026-09-15 00:00:00,Tuesday,0,1,Ganesh Chaturthi,15,Afternoon,0,HSR Layout,21.7,0.29
2026-09-15 00:00:00,Tuesday,0,1,Ganesh Chaturthi,16,Afternoon,0,MG Road / Central,21.2,0.28
2026-09-15 00:00:00,Tuesday,0,1,Ganesh Chaturthi,16,Afternoon,0,Indiranagar,26.2,0.14
2026-09-15 00:00:00,Tuesday,0,1,Ganesh Chaturthi,16,Afternoon,0,Whitefield,14.4,0.42
2026-09-15 00:00:00,Tuesday,0,1,Ganesh Chaturthi,16,Afternoon,0,Koramangala,20.8,0.33
2026-09-15 00:00:00,Tuesday,0,1,Ganesh Chaturthi,16,Afternoon,0,Jayanagar,17.1,0.4
2026-09-15 00:00:00,Tuesday,0,1,Ganesh Chaturthi,16,Afternoon,0,Hebbal,21.1,0.17
2026-09-15 00:00:00,Tuesday,0,1,Ganesh Chaturthi,16,Afternoon,0,Electronic City,26.2,0.26
2026-09-15 00:00:00,Tuesday,0,1,Ganesh Chaturthi,16,Afternoon,0,HSR Layout,21.5,0.28
2026-09-15 00:00:00,Tuesday,0,1,Ganesh Chaturthi,17,Evening,1,MG Road / Central,7.8,0.74
2026-09-15 00:00:00,Tuesday,0,1,Ganesh Chaturthi,17,Evening,1,Indiranagar,13.6,0.6
2026-09-15 00:00:00,Tuesday,0,1,Ganesh Chaturthi,17,Evening,1,Whitefield,12.7,0.58
2026-09-15 00:00:00,Tuesday,0,1,Ganesh Chaturthi,17,Evening,1,Koramangala,15.1,0.58
2026-09-15 00:00:00,Tuesday,0,1,Ganesh Chaturthi,17,Evening,1,Jayanagar,10.0,0.63
2026-09-15 00:00:00,Tuesday,0,1,Ganesh Chaturthi,17,Evening,1,Hebbal,8.9,0.67
2026-09-15 00:00:00,Tuesday,0,1,Ganesh Chaturthi,17,Evening,1,Electronic City,14.8,0.46
2026-09-15 00:00:00,Tuesday,0,1,Ganesh Chaturthi,17,Evening,1,HSR Layout,20.8,0.34
2026-09-15 00:00:00,Tuesday,0,1,Ganesh Chaturthi,18,Evening,1,MG Road / Central,13.1,0.48
2026-09-15 00:00:00,Tuesday,0,1,Ganesh Chaturthi,18,Evening,1,Indiranagar,16.3,0.45
2026-09-15 00:00:00,Tuesday,0,1,Ganesh Chaturthi,18,Evening,1,Whitefield,13.4,0.53
2026-09-15 00:00:00,Tuesday,0,1,Ganesh Chaturthi,18,Evening,1,Koramangala,10.4,0.57
2026-09-15 00:00:00,Tuesday,0,1,Ganesh Chaturthi,18,Evening,1,Jayanagar,10.7,0.61
2026-09-15 00:00:00,Tuesday,0,1,Ganesh Chaturthi,18,Evening,1,Hebbal,10.6,0.59
2026-09-15 00:00:00,Tuesday,0,1,Ganesh Chaturthi,18,Evening,1,Electronic City,15.5,0.57
2026-09-15 00:00:00,Tuesday,0,1,Ganesh Chaturthi,18,Evening,1,HSR Layout,10.6,0.62
2026-09-15 00:00:00,Tuesday,0,1,Ganesh Chaturthi,19,Evening,1,MG Road / Central,7.6,0.73
2026-09-15 00:00:00,Tuesday,0,1,Ganesh Chaturthi,19,Evening,1,Indiranagar,8.3,0.7
2026-09-15 00:00:00,Tuesday,0,1,Ganesh Chaturthi,19,Evening,1,Whitefield,14.5,0.53
2026-09-15 00:00:00,Tuesday,0,1,Ganesh Chaturthi,19,Evening,1,Koramangala,10.5,0.58
2026-09-15 00:00:00,Tuesday,0,1,Ganesh Chaturthi,19,Evening,1,Jayanagar,15.3,0.38
2026-09-15 00:00:00,Tuesday,0,1,Ganesh Chaturthi,19,Evening,1,Hebbal,18.2,0.4
2026-09-15 00:00:00,Tuesday,0,1,Ganesh Chaturthi,19,Evening,1,Electronic City,17.7,0.44
2026-09-15 00:00:00,Tuesday,0,1,Ganesh Chaturthi,19,Evening,1,HSR Layout,9.4,0.55
2026-09-15 00:00:00,Tuesday,0,1,Ganesh Chaturthi,20,Evening,1,MG Road / Central,8.3,0.78
2026-09-15 00:00:00,Tuesday,0,1,Ganesh Chaturthi,20,Evening,1,Indiranagar,13.4,0.58
2026-09-15 00:00:00,Tuesday,0,1,Ganesh Chaturthi,20,Evening,1,Whitefield,16.8,0.45
2026-09-15 00:00:00,Tuesday,0,1,Ganesh Chaturthi,20,Evening,1,Koramangala,10.0,0.55
2026-09-15 00:00:00,Tuesday,0,1,Ganesh Chaturthi,20,Evening,1,Jayanagar,14.6,0.5
2026-09-15 00:00:00,Tuesday,0,1,Ganesh Chaturthi,20,Evening,1,Hebbal,12.6,0.5
2026-09-15 00:00:00,Tuesday,0,1,Ganesh Chaturthi,20,Evening,1,Electronic City,15.5,0.5
2026-09-15 00:00:00,Tuesday,0,1,Ganesh Chaturthi,20,Evening,1,HSR Layout,14.0,0.54
2026-09-15 00:00:00,Tuesday,0,1,Ganesh Chaturthi,21,Night,0,MG Road / Central,22.8,0.32
2026-09-15 00:00:00,Tuesday,0,1,Ganesh Chaturthi,21,Night,0,Indiranagar,23.2,0.26
2026-09-15 00:00:00,Tuesday,0,1,Ganesh Chaturthi,21,Night,0,Whitefield,19.2,0.39
2026-09-15 00:00:00,Tuesday,0,1,Ganesh Chaturthi,21,Night,0,Koramangala,17.7,0.38
2026-09-15 00:00:00,Tuesday,0,1,Ganesh Chaturthi,21,Night,0,Jayanagar,15.9,0.37
2026-09-15 00:00:00,Tuesday,0,1,Ganesh Chaturthi,21,Night,0,Hebbal,25.2,0.13
2026-09-15 00:00:00,Tuesday,0,1,Ganesh Chaturthi,21,Night,0,Electronic City,18.8,0.4
2026-09-15 00:00:00,Tuesday,0,1,Ganesh Chaturthi,21,Night,0,HSR Layout,25.4,0.13
2026-09-16 00:00:00,Wednesday,0,0,,6,Morning,0,MG Road / Central,18.8,0.33
2026-09-16 00:00:00,Wednesday,0,0,,6,Morning,0,Indiranagar,11.7,0.52
2026-09-16 00:00:00,Wednesday,0,0,,6,Morning,0,Whitefield,18.4,0.44
2026-09-16 00:00:00,Wednesday,0,0,,6,Morning,0,Koramangala,13.1,0.53
2026-09-16 00:00:00,Wednesday,0,0,,6,Morning,0,Jayanagar,20.2,0.23
2026-09-16 00:00:00,Wednesday,0,0,,6,Morning,0,Hebbal,25.4,0.19
2026-09-16 00:00:00,Wednesday,0,0,,6,Morning,0,Electronic City,15.6,0.41
2026-09-16 00:00:00,Wednesday,0,0,,6,Morning,0,HSR Layout,23.5,0.21
2026-09-16 00:00:00,Wednesday,0,0,,7,Morning,0,MG Road / Central,24.2,0.23
2026-09-16 00:00:00,Wednesday,0,0,,7,Morning,0,Indiranagar,20.2,0.31
2026-09-16 00:00:00,Wednesday,0,0,,7,Morning,0,Whitefield,22.5,0.2
2026-09-16 00:00:00,Wednesday,0,0,,7,Morning,0,Koramangala,17.6,0.4
2026-09-16 00:00:00,Wednesday,0,0,,7,Morning,0,Jayanagar,22.4,0.21
2026-09-16 00:00:00,Wednesday,0,0,,7,Morning,0,Hebbal,24.7,0.29
2026-09-16 00:00:00,Wednesday,0,0,,7,Morning,0,Electronic City,24.0,0.27
2026-09-16 00:00:00,Wednesday,0,0,,7,Morning,0,HSR Layout,27.8,0.08
2026-09-16 00:00:00,Wednesday,0,0,,8,Morning,1,MG Road / Central,10.0,0.57
2026-09-16 00:00:00,Wednesday,0,0,,8,Morning,1,Indiranagar,14.0,0.61
2026-09-16 00:00:00,Wednesday,0,0,,8,Morning,1,Whitefield,10.6,0.66
2026-09-16 00:00:00,Wednesday,0,0,,8,Morning,1,Koramangala,14.1,0.52
2026-09-16 00:00:00,Wednesday,0,0,,8,Morning,1,Jayanagar,12.8,0.59
2026-09-16 00:00:00,Wednesday,0,0,,8,Morning,1,Hebbal,18.4,0.33
2026-09-16 00:00:00,Wednesday,0,0,,8,Morning,1,Electronic City,14.8,0.54
2026-09-16 00:00:00,Wednesday,0,0,,8,Morning,1,HSR Layout,21.1,0.29
2026-09-16 00:00:00,Wednesday,0,0,,9,Morning,1,MG Road / Central,10.2,0.72
2026-09-16 00:00:00,Wednesday,0,0,,9,Morning,1,Indiranagar,7.7,0.78
2026-09-16 00:00:00,Wednesday,0,0,,9,Morning,1,Whitefield,12.6,0.45
2026-09-16 00:00:00,Wednesday,0,0,,9,Morning,1,Koramangala,12.4,0.65
2026-09-16 00:00:00,Wednesday,0,0,,9,Morning,1,Jayanagar,9.9,0.72
2026-09-16 00:00:00,Wednesday,0,0,,9,Morning,1,Hebbal,12.7,0.6
2026-09-16 00:00:00,Wednesday,0,0,,9,Morning,1,Electronic City,15.2,0.48
2026-09-16 00:00:00,Wednesday,0,0,,9,Morning,1,HSR Layout,5.6,0.75
2026-09-16 00:00:00,Wednesday,0,0,,10,Morning,1,MG Road / Central,5.0,0.89
2026-09-16 00:00:00,Wednesday,0,0,,10,Morning,1,Indiranagar,5.0,0.86
2026-09-16 00:00:00,Wednesday,0,0,,10,Morning,1,Whitefield,9.9,0.62
2026-09-16 00:00:00,Wednesday,0,0,,10,Morning,1,Koramangala,14.5,0.53
2026-09-16 00:00:00,Wednesday,0,0,,10,Morning,1,Jayanagar,8.2,0.67
2026-09-16 00:00:00,Wednesday,0,0,,10,Morning,1,Hebbal,18.7,0.37
2026-09-16 00:00:00,Wednesday,0,0,,10,Morning,1,Electronic City,14.9,0.54
2026-09-16 00:00:00,Wednesday,0,0,,10,Morning,1,HSR Layout,10.0,0.66
2026-09-16 00:00:00,Wednesday,0,0,,11,Morning,1,MG Road / Central,11.8,0.62
2026-09-16 00:00:00,Wednesday,0,0,,11,Morning,1,Indiranagar,16.0,0.36
2026-09-16 00:00:00,Wednesday,0,0,,11,Morning,1,Whitefield,22.8,0.22
2026-09-16 00:00:00,Wednesday,0,0,,11,Morning,1,Koramangala,15.5,0.52
2026-09-16 00:00:00,Wednesday,0,0,,11,Morning,1,Jayanagar,27.1,0.11
2026-09-16 00:00:00,Wednesday,0,0,,11,Morning,1,Hebbal,23.1,0.33
2026-09-16 00:00:00,Wednesday,0,0,,11,Morning,1,Electronic City,20.8,0.36
2026-09-16 00:00:00,Wednesday,0,0,,11,Morning,1,HSR Layout,23.1,0.26
2026-09-16 00:00:00,Wednesday,0,0,,12,Afternoon,0,MG Road / Central,10.8,0.55
2026-09-16 00:00:00,Wednesday,0,0,,12,Afternoon,0,Indiranagar,17.7,0.36
2026-09-16 00:00:00,Wednesday,0,0,,12,Afternoon,0,Whitefield,23.6,0.3
2026-09-16 00:00:00,Wednesday,0,0,,12,Afternoon,0,Koramangala,15.4,0.33
2026-09-16 00:00:00,Wednesday,0,0,,12,Afternoon,0,Jayanagar,25.8,0.2
2026-09-16 00:00:00,Wednesday,0,0,,12,Afternoon,0,Hebbal,21.4,0.31
2026-09-16 00:00:00,Wednesday,0,0,,12,Afternoon,0,Electronic City,20.9,0.22
2026-09-16 00:00:00,Wednesday,0,0,,12,Afternoon,0,HSR Layout,19.0,0.31
2026-09-16 00:00:00,Wednesday,0,0,,13,Afternoon,0,MG Road / Central,11.3,0.66
2026-09-16 00:00:00,Wednesday,0,0,,13,Afternoon,0,Indiranagar,18.9,0.33
2026-09-16 00:00:00,Wednesday,0,0,,13,Afternoon,0,Whitefield,22.4,0.24
2026-09-16 00:00:00,Wednesday,0,0,,13,Afternoon,0,Koramangala,14.4,0.53
2026-09-16 00:00:00,Wednesday,0,0,,13,Afternoon,0,Jayanagar,28.9,0.16
2026-09-16 00:00:00,Wednesday,0,0,,13,Afternoon,0,Hebbal,23.9,0.26
2026-09-16 00:00:00,Wednesday,0,0,,13,Afternoon,0,Electronic City,25.4,0.18
2026-09-16 00:00:00,Wednesday,0,0,,13,Afternoon,0,HSR Layout,17.6,0.29
2026-09-16 00:00:00,Wednesday,0,0,,14,Afternoon,0,MG Road / Central,13.3,0.64
2026-09-16 00:00:00,Wednesday,0,0,,14,Afternoon,0,Indiranagar,17.2,0.35
2026-09-16 00:00:00,Wednesday,0,0,,14,Afternoon,0,Whitefield,21.4,0.29
2026-09-16 00:00:00,Wednesday,0,0,,14,Afternoon,0,Koramangala,17.1,0.44
2026-09-16 00:00:00,Wednesday,0,0,,14,Afternoon,0,Jayanagar,23.6,0.31
2026-09-16 00:00:00,Wednesday,0,0,,14,Afternoon,0,Hebbal,18.4,0.32
2026-09-16 00:00:00,Wednesday,0,0,,14,Afternoon,0,Electronic City,20.9,0.41
2026-09-16 00:00:00,Wednesday,0,0,,14,Afternoon,0,HSR Layout,8.9,0.63
2026-09-16 00:00:00,Wednesday,0,0,,15,Afternoon,0,MG Road / Central,13.0,0.43
2026-09-16 00:00:00,Wednesday,0,0,,15,Afternoon,0,Indiranagar,14.9,0.47
2026-09-16 00:00:00,Wednesday,0,0,,15,Afternoon,0,Whitefield,14.0,0.48
2026-09-16 00:00:00,Wednesday,0,0,,15,Afternoon,0,Koramangala,23.1,0.2
2026-09-16 00:00:00,Wednesday,0,0,,15,Afternoon,0,Jayanagar,30.0,0.05
2026-09-16 00:00:00,Wednesday,0,0,,15,Afternoon,0,Hebbal,28.6,0.05
2026-09-16 00:00:00,Wednesday,0,0,,15,Afternoon,0,Electronic City,27.9,0.05
2026-09-16 00:00:00,Wednesday,0,0,,15,Afternoon,0,HSR Layout,17.3,0.45
2026-09-16 00:00:00,Wednesday,0,0,,16,Afternoon,0,MG Road / Central,21.0,0.3
2026-09-16 00:00:00,Wednesday,0,0,,16,Afternoon,0,Indiranagar,18.9,0.4
2026-09-16 00:00:00,Wednesday,0,0,,16,Afternoon,0,Whitefield,28.6,0.09
2026-09-16 00:00:00,Wednesday,0,0,,16,Afternoon,0,Koramangala,26.5,0.08
2026-09-16 00:00:00,Wednesday,0,0,,16,Afternoon,0,Jayanagar,25.5,0.19
2026-09-16 00:00:00,Wednesday,0,0,,16,Afternoon,0,Hebbal,19.6,0.25
2026-09-16 00:00:00,Wednesday,0,0,,16,Afternoon,0,Electronic City,26.4,0.13
2026-09-16 00:00:00,Wednesday,0,0,,16,Afternoon,0,HSR Layout,21.6,0.24
2026-09-16 00:00:00,Wednesday,0,0,,17,Evening,1,MG Road / Central,12.1,0.64
2026-09-16 00:00:00,Wednesday,0,0,,17,Evening,1,Indiranagar,10.7,0.64
2026-09-16 00:00:00,Wednesday,0,0,,17,Evening,1,Whitefield,5.0,0.81
2026-09-16 00:00:00,Wednesday,0,0,,17,Evening,1,Koramangala,17.2,0.48
2026-09-16 00:00:00,Wednesday,0,0,,17,Evening,1,Jayanagar,15.3,0.47
2026-09-16 00:00:00,Wednesday,0,0,,17,Evening,1,Hebbal,15.8,0.46
2026-09-16 00:00:00,Wednesday,0,0,,17,Evening,1,Electronic City,9.3,0.74
2026-09-16 00:00:00,Wednesday,0,0,,17,Evening,1,HSR Layout,7.6,0.65
2026-09-16 00:00:00,Wednesday,0,0,,18,Evening,1,MG Road / Central,7.5,0.56
2026-09-16 00:00:00,Wednesday,0,0,,18,Evening,1,Indiranagar,13.8,0.6
2026-09-16 00:00:00,Wednesday,0,0,,18,Evening,1,Whitefield,11.2,0.61
2026-09-16 00:00:00,Wednesday,0,0,,18,Evening,1,Koramangala,7.7,0.7
2026-09-16 00:00:00,Wednesday,0,0,,18,Evening,1,Jayanagar,14.3,0.57
2026-09-16 00:00:00,Wednesday,0,0,,18,Evening,1,Hebbal,19.9,0.36
2026-09-16 00:00:00,Wednesday,0,0,,18,Evening,1,Electronic City,9.3,0.66
2026-09-16 00:00:00,Wednesday,0,0,,18,Evening,1,HSR Layout,16.6,0.63
2026-09-16 00:00:00,Wednesday,0,0,,19,Evening,1,MG Road / Central,10.2,0.69
2026-09-16 00:00:00,Wednesday,0,0,,19,Evening,1,Indiranagar,12.0,0.61
2026-09-16 00:00:00,Wednesday,0,0,,19,Evening,1,Whitefield,12.2,0.61
2026-09-16 00:00:00,Wednesday,0,0,,19,Evening,1,Koramangala,13.1,0.58
2026-09-16 00:00:00,Wednesday,0,0,,19,Evening,1,Jayanagar,9.1,0.73
2026-09-16 00:00:00,Wednesday,0,0,,19,Evening,1,Hebbal,9.6,0.67
2026-09-16 00:00:00,Wednesday,0,0,,19,Evening,1,Electronic City,11.4,0.64
2026-09-16 00:00:00,Wednesday,0,0,,19,Evening,1,HSR Layout,17.6,0.44
2026-09-16 00:00:00,Wednesday,0,0,,20,Evening,1,MG Road / Central,11.3,0.58
2026-09-16 00:00:00,Wednesday,0,0,,20,Evening,1,Indiranagar,8.9,0.72
2026-09-16 00:00:00,Wednesday,0,0,,20,Evening,1,Whitefield,19.9,0.41
2026-09-16 00:00:00,Wednesday,0,0,,20,Evening,1,Koramangala,5.5,0.77
2026-09-16 00:00:00,Wednesday,0,0,,20,Evening,1,Jayanagar,18.7,0.37
2026-09-16 00:00:00,Wednesday,0,0,,20,Evening,1,Hebbal,15.3,0.5
2026-09-16 00:00:00,Wednesday,0,0,,20,Evening,1,Electronic City,10.8,0.51
2026-09-16 00:00:00,Wednesday,0,0,,20,Evening,1,HSR Layout,14.3,0.5
2026-09-16 00:00:00,Wednesday,0,0,,21,Night,0,MG Road / Central,14.3,0.48
2026-09-16 00:00:00,Wednesday,0,0,,21,Night,0,Indiranagar,8.1,0.6
2026-09-16 00:00:00,Wednesday,0,0,,21,Night,0,Whitefield,17.3,0.41
2026-09-16 00:00:00,Wednesday,0,0,,21,Night,0,Koramangala,15.1,0.5
2026-09-16 00:00:00,Wednesday,0,0,,21,Night,0,Jayanagar,17.6,0.39
2026-09-16 00:00:00,Wednesday,0,0,,21,Night,0,Hebbal,29.3,0.12
2026-09-16 00:00:00,Wednesday,0,0,,21,Night,0,Electronic City,23.4,0.24
2026-09-16 00:00:00,Wednesday,0,0,,21,Night,0,HSR Layout,16.0,0.4
2026-09-17 00:00:00,Thursday,0,0,,6,Morning,0,MG Road / Central,14.7,0.47
2026-09-17 00:00:00,Thursday,0,0,,6,Morning,0,Indiranagar,18.6,0.38
2026-09-17 00:00:00,Thursday,0,0,,6,Morning,0,Whitefield,26.3,0.07
2026-09-17 00:00:00,Thursday,0,0,,6,Morning,0,Koramangala,14.9,0.56
2026-09-17 00:00:00,Thursday,0,0,,6,Morning,0,Jayanagar,23.2,0.24
2026-09-17 00:00:00,Thursday,0,0,,6,Morning,0,Hebbal,26.3,0.21
2026-09-17 00:00:00,Thursday,0,0,,6,Morning,0,Electronic City,23.7,0.23
2026-09-17 00:00:00,Thursday,0,0,,6,Morning,0,HSR Layout,16.8,0.39
2026-09-17 00:00:00,Thursday,0,0,,7,Morning,0,MG Road / Central,9.3,0.59
2026-09-17 00:00:00,Thursday,0,0,,7,Morning,0,Indiranagar,11.4,0.6
2026-09-17 00:00:00,Thursday,0,0,,7,Morning,0,Whitefield,19.6,0.22
2026-09-17 00:00:00,Thursday,0,0,,7,Morning,0,Koramangala,17.6,0.35
2026-09-17 00:00:00,Thursday,0,0,,7,Morning,0,Jayanagar,24.4,0.18
2026-09-17 00:00:00,Thursday,0,0,,7,Morning,0,Hebbal,19.5,0.36
2026-09-17 00:00:00,Thursday,0,0,,7,Morning,0,Electronic City,19.2,0.29
2026-09-17 00:00:00,Thursday,0,0,,7,Morning,0,HSR Layout,29.3,0.14
2026-09-17 00:00:00,Thursday,0,0,,8,Morning,1,MG Road / Central,15.0,0.61
2026-09-17 00:00:00,Thursday,0,0,,8,Morning,1,Indiranagar,9.9,0.67
2026-09-17 00:00:00,Thursday,0,0,,8,Morning,1,Whitefield,12.2,0.68
2026-09-17 00:00:00,Thursday,0,0,,8,Morning,1,Koramangala,8.6,0.69
2026-09-17 00:00:00,Thursday,0,0,,8,Morning,1,Jayanagar,14.4,0.54
2026-09-17 00:00:00,Thursday,0,0,,8,Morning,1,Hebbal,10.3,0.66
2026-09-17 00:00:00,Thursday,0,0,,8,Morning,1,Electronic City,14.5,0.62
2026-09-17 00:00:00,Thursday,0,0,,8,Morning,1,HSR Layout,12.8,0.6
2026-09-17 00:00:00,Thursday,0,0,,9,Morning,1,MG Road / Central,9.2,0.52
2026-09-17 00:00:00,Thursday,0,0,,9,Morning,1,Indiranagar,7.4,0.75
2026-09-17 00:00:00,Thursday,0,0,,9,Morning,1,Whitefield,15.8,0.49
2026-09-17 00:00:00,Thursday,0,0,,9,Morning,1,Koramangala,11.5,0.69
2026-09-17 00:00:00,Thursday,0,0,,9,Morning,1,Jayanagar,11.7,0.56
2026-09-17 00:00:00,Thursday,0,0,,9,Morning,1,Hebbal,9.5,0.67
2026-09-17 00:00:00,Thursday,0,0,,9,Morning,1,Electronic City,10.6,0.61
2026-09-17 00:00:00,Thursday,0,0,,9,Morning,1,HSR Layout,16.0,0.47
2026-09-17 00:00:00,Thursday,0,0,,10,Morning,1,MG Road / Central,9.9,0.7
2026-09-17 00:00:00,Thursday,0,0,,10,Morning,1,Indiranagar,6.3,0.67
2026-09-17 00:00:00,Thursday,0,0,,10,Morning,1,Whitefield,16.6,0.5
2026-09-17 00:00:00,Thursday,0,0,,10,Morning,1,Koramangala,9.6,0.66
2026-09-17 00:00:00,Thursday,0,0,,10,Morning,1,Jayanagar,8.5,0.67
2026-09-17 00:00:00,Thursday,0,0,,10,Morning,1,Hebbal,18.7,0.36
2026-09-17 00:00:00,Thursday,0,0,,10,Morning,1,Electronic City,13.3,0.49
2026-09-17 00:00:00,Thursday,0,0,,10,Morning,1,HSR Layout,15.1,0.53
2026-09-17 00:00:00,Thursday,0,0,,11,Morning,1,MG Road / Central,18.6,0.4
2026-09-17 00:00:00,Thursday,0,0,,11,Morning,1,Indiranagar,10.8,0.62
2026-09-17 00:00:00,Thursday,0,0,,11,Morning,1,Whitefield,20.5,0.28
2026-09-17 00:00:00,Thursday,0,0,,11,Morning,1,Koramangala,19.9,0.3
2026-09-17 00:00:00,Thursday,0,0,,11,Morning,1,Jayanagar,24.9,0.19
2026-09-17 00:00:00,Thursday,0,0,,11,Morning,1,Hebbal,12.6,0.53
2026-09-17 00:00:00,Thursday,0,0,,11,Morning,1,Electronic City,23.9,0.2
2026-09-17 00:00:00,Thursday,0,0,,11,Morning,1,HSR Layout,21.6,0.3
2026-09-17 00:00:00,Thursday,0,0,,12,Afternoon,0,MG Road / Central,8.5,0.55
2026-09-17 00:00:00,Thursday,0,0,,12,Afternoon,0,Indiranagar,25.6,0.11
2026-09-17 00:00:00,Thursday,0,0,,12,Afternoon,0,Whitefield,15.4,0.38
2026-09-17 00:00:00,Thursday,0,0,,12,Afternoon,0,Koramangala,29.6,0.05
2026-09-17 00:00:00,Thursday,0,0,,12,Afternoon,0,Jayanagar,19.4,0.28
2026-09-17 00:00:00,Thursday,0,0,,12,Afternoon,0,Hebbal,24.1,0.13
2026-09-17 00:00:00,Thursday,0,0,,12,Afternoon,0,Electronic City,20.8,0.26
2026-09-17 00:00:00,Thursday,0,0,,12,Afternoon,0,HSR Layout,15.0,0.31
2026-09-17 00:00:00,Thursday,0,0,,13,Afternoon,0,MG Road / Central,18.8,0.3
2026-09-17 00:00:00,Thursday,0,0,,13,Afternoon,0,Indiranagar,17.8,0.37
2026-09-17 00:00:00,Thursday,0,0,,13,Afternoon,0,Whitefield,15.9,0.35
2026-09-17 00:00:00,Thursday,0,0,,13,Afternoon,0,Koramangala,19.0,0.41
2026-09-17 00:00:00,Thursday,0,0,,13,Afternoon,0,Jayanagar,14.9,0.47
2026-09-17 00:00:00,Thursday,0,0,,13,Afternoon,0,Hebbal,17.7,0.29
2026-09-17 00:00:00,Thursday,0,0,,13,Afternoon,0,Electronic City,30.2,0.05
2026-09-17 00:00:00,Thursday,0,0,,13,Afternoon,0,HSR Layout,24.9,0.25
2026-09-17 00:00:00,Thursday,0,0,,14,Afternoon,0,MG Road / Central,24.0,0.24
2026-09-17 00:00:00,Thursday,0,0,,14,Afternoon,0,Indiranagar,12.1,0.62
2026-09-17 00:00:00,Thursday,0,0,,14,Afternoon,0,Whitefield,21.5,0.28
2026-09-17 00:00:00,Thursday,0,0,,14,Afternoon,0,Koramangala,26.4,0.21
2026-09-17 00:00:00,Thursday,0,0,,14,Afternoon,0,Jayanagar,25.7,0.18
2026-09-17 00:00:00,Thursday,0,0,,14,Afternoon,0,Hebbal,25.8,0.06
2026-09-17 00:00:00,Thursday,0,0,,14,Afternoon,0,Electronic City,16.6,0.42
2026-09-17 00:00:00,Thursday,0,0,,14,Afternoon,0,HSR Layout,17.1,0.42
2026-09-17 00:00:00,Thursday,0,0,,15,Afternoon,0,MG Road / Central,26.4,0.18
2026-09-17 00:00:00,Thursday,0,0,,15,Afternoon,0,Indiranagar,21.5,0.33
2026-09-17 00:00:00,Thursday,0,0,,15,Afternoon,0,Whitefield,19.3,0.25
2026-09-17 00:00:00,Thursday,0,0,,15,Afternoon,0,Koramangala,21.8,0.42
2026-09-17 00:00:00,Thursday,0,0,,15,Afternoon,0,Jayanagar,20.6,0.31
2026-09-17 00:00:00,Thursday,0,0,,15,Afternoon,0,Hebbal,19.1,0.38
2026-09-17 00:00:00,Thursday,0,0,,15,Afternoon,0,Electronic City,19.6,0.28
2026-09-17 00:00:00,Thursday,0,0,,15,Afternoon,0,HSR Layout,23.7,0.28
2026-09-17 00:00:00,Thursday,0,0,,16,Afternoon,0,MG Road / Central,23.9,0.3
2026-09-17 00:00:00,Thursday,0,0,,16,Afternoon,0,Indiranagar,16.6,0.39
2026-09-17 00:00:00,Thursday,0,0,,16,Afternoon,0,Whitefield,18.3,0.37
2026-09-17 00:00:00,Thursday,0,0,,16,Afternoon,0,Koramangala,14.7,0.49
2026-09-17 00:00:00,Thursday,0,0,,16,Afternoon,0,Jayanagar,23.7,0.24
2026-09-17 00:00:00,Thursday,0,0,,16,Afternoon,0,Hebbal,17.5,0.28
2026-09-17 00:00:00,Thursday,0,0,,16,Afternoon,0,Electronic City,28.4,0.12
2026-09-17 00:00:00,Thursday,0,0,,16,Afternoon,0,HSR Layout,21.9,0.23
2026-09-17 00:00:00,Thursday,0,0,,17,Evening,1,MG Road / Central,11.7,0.54
2026-09-17 00:00:00,Thursday,0,0,,17,Evening,1,Indiranagar,16.1,0.46
2026-09-17 00:00:00,Thursday,0,0,,17,Evening,1,Whitefield,13.7,0.48
2026-09-17 00:00:00,Thursday,0,0,,17,Evening,1,Koramangala,10.0,0.69
2026-09-17 00:00:00,Thursday,0,0,,17,Evening,1,Jayanagar,5.0,0.8
2026-09-17 00:00:00,Thursday,0,0,,17,Evening,1,Hebbal,11.3,0.69
2026-09-17 00:00:00,Thursday,0,0,,17,Evening,1,Electronic City,16.7,0.46
2026-09-17 00:00:00,Thursday,0,0,,17,Evening,1,HSR Layout,15.5,0.5
2026-09-17 00:00:00,Thursday,0,0,,18,Evening,1,MG Road / Central,5.0,0.88
2026-09-17 00:00:00,Thursday,0,0,,18,Evening,1,Indiranagar,6.3,0.76
2026-09-17 00:00:00,Thursday,0,0,,18,Evening,1,Whitefield,18.4,0.37
2026-09-17 00:00:00,Thursday,0,0,,18,Evening,1,Koramangala,5.0,0.84
2026-09-17 00:00:00,Thursday,0,0,,18,Evening,1,Jayanagar,17.6,0.42
2026-09-17 00:00:00,Thursday,0,0,,18,Evening,1,Hebbal,15.5,0.43
2026-09-17 00:00:00,Thursday,0,0,,18,Evening,1,Electronic City,12.3,0.5
2026-09-17 00:00:00,Thursday,0,0,,18,Evening,1,HSR Layout,18.4,0.43
2026-09-17 00:00:00,Thursday,0,0,,19,Evening,1,MG Road / Central,10.5,0.54
2026-09-17 00:00:00,Thursday,0,0,,19,Evening,1,Indiranagar,12.7,0.62
2026-09-17 00:00:00,Thursday,0,0,,19,Evening,1,Whitefield,13.3,0.53
2026-09-17 00:00:00,Thursday,0,0,,19,Evening,1,Koramangala,5.3,0.71
2026-09-17 00:00:00,Thursday,0,0,,19,Evening,1,Jayanagar,12.5,0.61
2026-09-17 00:00:00,Thursday,0,0,,19,Evening,1,Hebbal,17.0,0.5
2026-09-17 00:00:00,Thursday,0,0,,19,Evening,1,Electronic City,19.8,0.41
2026-09-17 00:00:00,Thursday,0,0,,19,Evening,1,HSR Layout,12.3,0.57
2026-09-17 00:00:00,Thursday,0,0,,20,Evening,1,MG Road / Central,8.9,0.7
2026-09-17 00:00:00,Thursday,0,0,,20,Evening,1,Indiranagar,5.0,0.85
2026-09-17 00:00:00,Thursday,0,0,,20,Evening,1,Whitefield,18.3,0.46
2026-09-17 00:00:00,Thursday,0,0,,20,Evening,1,Koramangala,12.9,0.63
2026-09-17 00:00:00,Thursday,0,0,,20,Evening,1,Jayanagar,6.6,0.75
2026-09-17 00:00:00,Thursday,0,0,,20,Evening,1,Hebbal,8.7,0.63
2026-09-17 00:00:00,Thursday,0,0,,20,Evening,1,Electronic City,11.2,0.64
2026-09-17 00:00:00,Thursday,0,0,,20,Evening,1,HSR Layout,10.5,0.61
2026-09-17 00:00:00,Thursday,0,0,,21,Night,0,MG Road / Central,25.0,0.2
2026-09-17 00:00:00,Thursday,0,0,,21,Night,0,Indiranagar,24.8,0.15
2026-09-17 00:00:00,Thursday,0,0,,21,Night,0,Whitefield,19.5,0.36
2026-09-17 00:00:00,Thursday,0,0,,21,Night,0,Koramangala,13.0,0.63
2026-09-17 00:00:00,Thursday,0,0,,21,Night,0,Jayanagar,24.9,0.17
2026-09-17 00:00:00,Thursday,0,0,,21,Night,0,Hebbal,19.5,0.24
2026-09-17 00:00:00,Thursday,0,0,,21,Night,0,Electronic City,24.8,0.14
2026-09-17 00:00:00,Thursday,0,0,,21,Night,0,HSR Layout,28.6,0.05
2026-09-18 00:00:00,Friday,0,0,,6,Morning,0,MG Road / Central,15.6,0.37
2026-09-18 00:00:00,Friday,0,0,,6,Morning,0,Indiranagar,18.0,0.45
2026-09-18 00:00:00,Friday,0,0,,6,Morning,0,Whitefield,21.0,0.28
2026-09-18 00:00:00,Friday,0,0,,6,Morning,0,Koramangala,17.2,0.47
2026-09-18 00:00:00,Friday,0,0,,6,Morning,0,Jayanagar,19.7,0.29
2026-09-18 00:00:00,Friday,0,0,,6,Morning,0,Hebbal,23.9,0.28
2026-09-18 00:00:00,Friday,0,0,,6,Morning,0,Electronic City,28.8,0.18
2026-09-18 00:00:00,Friday,0,0,,6,Morning,0,HSR Layout,24.5,0.19
2026-09-18 00:00:00,Friday,0,0,,7,Morning,0,MG Road / Central,20.9,0.32
2026-09-18 00:00:00,Friday,0,0,,7,Morning,0,Indiranagar,23.2,0.19
2026-09-18 00:00:00,Friday,0,0,,7,Morning,0,Whitefield,26.7,0.12
2026-09-18 00:00:00,Friday,0,0,,7,Morning,0,Koramangala,15.7,0.52
2026-09-18 00:00:00,Friday,0,0,,7,Morning,0,Jayanagar,32.6,0.05
2026-09-18 00:00:00,Friday,0,0,,7,Morning,0,Hebbal,19.9,0.29
2026-09-18 00:00:00,Friday,0,0,,7,Morning,0,Electronic City,22.3,0.27
2026-09-18 00:00:00,Friday,0,0,,7,Morning,0,HSR Layout,25.3,0.17
2026-09-18 00:00:00,Friday,0,0,,8,Morning,1,MG Road / Central,10.4,0.63
2026-09-18 00:00:00,Friday,0,0,,8,Morning,1,Indiranagar,8.6,0.62
2026-09-18 00:00:00,Friday,0,0,,8,Morning,1,Whitefield,14.1,0.57
2026-09-18 00:00:00,Friday,0,0,,8,Morning,1,Koramangala,8.8,0.76
2026-09-18 00:00:00,Friday,0,0,,8,Morning,1,Jayanagar,11.3,0.59
2026-09-18 00:00:00,Friday,0,0,,8,Morning,1,Hebbal,7.8,0.65
2026-09-18 00:00:00,Friday,0,0,,8,Morning,1,Electronic City,14.8,0.44
2026-09-18 00:00:00,Friday,0,0,,8,Morning,1,HSR Layout,11.5,0.68
2026-09-18 00:00:00,Friday,0,0,,9,Morning,1,MG Road / Central,9.4,0.76
2026-09-18 00:00:00,Friday,0,0,,9,Morning,1,Indiranagar,12.9,0.59
2026-09-18 00:00:00,Friday,0,0,,9,Morning,1,Whitefield,15.6,0.53
2026-09-18 00:00:00,Friday,0,0,,9,Morning,1,Koramangala,8.6,0.69
2026-09-18 00:00:00,Friday,0,0,,9,Morning,1,Jayanagar,13.3,0.61
2026-09-18 00:00:00,Friday,0,0,,9,Morning,1,Hebbal,15.8,0.47
2026-09-18 00:00:00,Friday,0,0,,9,Morning,1,Electronic City,12.3,0.42
2026-09-18 00:00:00,Friday,0,0,,9,Morning,1,HSR Layout,14.0,0.57
2026-09-18 00:00:00,Friday,0,0,,10,Morning,1,MG Road / Central,5.0,0.73
2026-09-18 00:00:00,Friday,0,0,,10,Morning,1,Indiranagar,5.8,0.66
2026-09-18 00:00:00,Friday,0,0,,10,Morning,1,Whitefield,6.4,0.71
2026-09-18 00:00:00,Friday,0,0,,10,Morning,1,Koramangala,6.4,0.85
2026-09-18 00:00:00,Friday,0,0,,10,Morning,1,Jayanagar,14.5,0.44
2026-09-18 00:00:00,Friday,0,0,,10,Morning,1,Hebbal,10.6,0.59
2026-09-18 00:00:00,Friday,0,0,,10,Morning,1,Electronic City,12.2,0.56
2026-09-18 00:00:00,Friday,0,0,,10,Morning,1,HSR Layout,15.5,0.34
2026-09-18 00:00:00,Friday,0,0,,11,Morning,1,MG Road / Central,16.1,0.43
2026-09-18 00:00:00,Friday,0,0,,11,Morning,1,Indiranagar,21.4,0.33
2026-09-18 00:00:00,Friday,0,0,,11,Morning,1,Whitefield,17.7,0.39
2026-09-18 00:00:00,Friday,0,0,,11,Morning,1,Koramangala,20.2,0.36
2026-09-18 00:00:00,Friday,0,0,,11,Morning,1,Jayanagar,27.8,0.09
2026-09-18 00:00:00,Friday,0,0,,11,Morning,1,Hebbal,21.9,0.32
2026-09-18 00:00:00,Friday,0,0,,11,Morning,1,Electronic City,27.0,0.05
2026-09-18 00:00:00,Friday,0,0,,11,Morning,1,HSR Layout,25.9,0.14
2026-09-18 00:00:00,Friday,0,0,,12,Afternoon,0,MG Road / Central,19.3,0.46
2026-09-18 00:00:00,Friday,0,0,,12,Afternoon,0,Indiranagar,18.8,0.34
2026-09-18 00:00:00,Friday,0,0,,12,Afternoon,0,Whitefield,19.0,0.39
2026-09-18 00:00:00,Friday,0,0,,12,Afternoon,0,Koramangala,14.0,0.55
2026-09-18 00:00:00,Friday,0,0,,12,Afternoon,0,Jayanagar,24.0,0.11
2026-09-18 00:00:00,Friday,0,0,,12,Afternoon,0,Hebbal,29.4,0.06
2026-09-18 00:00:00,Friday,0,0,,12,Afternoon,0,Electronic City,21.9,0.39
2026-09-18 00:00:00,Friday,0,0,,12,Afternoon,0,HSR Layout,21.8,0.35
2026-09-18 00:00:00,Friday,0,0,,13,Afternoon,0,MG Road / Central,17.8,0.33
2026-09-18 00:00:00,Friday,0,0,,13,Afternoon,0,Indiranagar,15.8,0.5
2026-09-18 00:00:00,Friday,0,0,,13,Afternoon,0,Whitefield,22.9,0.26
2026-09-18 00:00:00,Friday,0,0,,13,Afternoon,0,Koramangala,19.4,0.44
2026-09-18 00:00:00,Friday,0,0,,13,Afternoon,0,Jayanagar,18.9,0.41
2026-09-18 00:00:00,Friday,0,0,,13,Afternoon,0,Hebbal,20.5,0.35
2026-09-18 00:00:00,Friday,0,0,,13,Afternoon,0,Electronic City,25.7,0.19
2026-09-18 00:00:00,Friday,0,0,,13,Afternoon,0,HSR Layout,29.6,0.08
2026-09-18 00:00:00,Friday,0,0,,14,Afternoon,0,MG Road / Central,22.9,0.26
2026-09-18 00:00:00,Friday,0,0,,14,Afternoon,0,Indiranagar,22.1,0.3
2026-09-18 00:00:00,Friday,0,0,,14,Afternoon,0,Whitefield,19.4,0.25
2026-09-18 00:00:00,Friday,0,0,,14,Afternoon,0,Koramangala,15.3,0.45
2026-09-18 00:00:00,Friday,0,0,,14,Afternoon,0,Jayanagar,19.3,0.36
2026-09-18 00:00:00,Friday,0,0,,14,Afternoon,0,Hebbal,19.2,0.3
2026-09-18 00:00:00,Friday,0,0,,14,Afternoon,0,Electronic City,23.7,0.18
2026-09-18 00:00:00,Friday,0,0,,14,Afternoon,0,HSR Layout,22.8,0.35
2026-09-18 00:00:00,Friday,0,0,,15,Afternoon,0,MG Road / Central,23.1,0.3
2026-09-18 00:00:00,Friday,0,0,,15,Afternoon,0,Indiranagar,23.4,0.14
2026-09-18 00:00:00,Friday,0,0,,15,Afternoon,0,Whitefield,23.2,0.13
2026-09-18 00:00:00,Friday,0,0,,15,Afternoon,0,Koramangala,24.5,0.21
2026-09-18 00:00:00,Friday,0,0,,15,Afternoon,0,Jayanagar,24.0,0.22
2026-09-18 00:00:00,Friday,0,0,,15,Afternoon,0,Hebbal,20.5,0.33
2026-09-18 00:00:00,Friday,0,0,,15,Afternoon,0,Electronic City,20.0,0.33
2026-09-18 00:00:00,Friday,0,0,,15,Afternoon,0,HSR Layout,28.9,0.11
2026-09-18 00:00:00,Friday,0,0,,16,Afternoon,0,MG Road / Central,18.2,0.33
2026-09-18 00:00:00,Friday,0,0,,16,Afternoon,0,Indiranagar,16.8,0.38
2026-09-18 00:00:00,Friday,0,0,,16,Afternoon,0,Whitefield,24.7,0.2
2026-09-18 00:00:00,Friday,0,0,,16,Afternoon,0,Koramangala,15.0,0.44
2026-09-18 00:00:00,Friday,0,0,,16,Afternoon,0,Jayanagar,26.4,0.19
2026-09-18 00:00:00,Friday,0,0,,16,Afternoon,0,Hebbal,24.9,0.31
2026-09-18 00:00:00,Friday,0,0,,16,Afternoon,0,Electronic City,20.5,0.39
2026-09-18 00:00:00,Friday,0,0,,16,Afternoon,0,HSR Layout,29.0,0.08
2026-09-18 00:00:00,Friday,0,0,,17,Evening,1,MG Road / Central,8.1,0.69
2026-09-18 00:00:00,Friday,0,0,,17,Evening,1,Indiranagar,10.3,0.72
2026-09-18 00:00:00,Friday,0,0,,17,Evening,1,Whitefield,9.9,0.61
2026-09-18 00:00:00,Friday,0,0,,17,Evening,1,Koramangala,5.1,0.79
2026-09-18 00:00:00,Friday,0,0,,17,Evening,1,Jayanagar,12.1,0.58
2026-09-18 00:00:00,Friday,0,0,,17,Evening,1,Hebbal,15.8,0.52
2026-09-18 00:00:00,Friday,0,0,,17,Evening,1,Electronic City,21.1,0.43
2026-09-18 00:00:00,Friday,0,0,,17,Evening,1,HSR Layout,18.9,0.33
2026-09-18 00:00:00,Friday,0,0,,18,Evening,1,MG Road / Central,8.8,0.74
2026-09-18 00:00:00,Friday,0,0,,18,Evening,1,Indiranagar,9.2,0.69
2026-09-18 00:00:00,Friday,0,0,,18,Evening,1,Whitefield,11.6,0.6
2026-09-18 00:00:00,Friday,0,0,,18,Evening,1,Koramangala,5.7,0.87
2026-09-18 00:00:00,Friday,0,0,,18,Evening,1,Jayanagar,8.4,0.65
2026-09-18 00:00:00,Friday,0,0,,18,Evening,1,Hebbal,13.2,0.54
2026-09-18 00:00:00,Friday,0,0,,18,Evening,1,Electronic City,17.8,0.43
2026-09-18 00:00:00,Friday,0,0,,18,Evening,1,HSR Layout,16.7,0.49
2026-09-18 00:00:00,Friday,0,0,,19,Evening,1,MG Road / Central,16.3,0.57
2026-09-18 00:00:00,Friday,0,0,,19,Evening,1,Indiranagar,12.7,0.59
2026-09-18 00:00:00,Friday,0,0,,19,Evening,1,Whitefield,9.5,0.65
2026-09-18 00:00:00,Friday,0,0,,19,Evening,1,Koramangala,5.0,0.8
2026-09-18 00:00:00,Friday,0,0,,19,Evening,1,Jayanagar,8.3,0.72
2026-09-18 00:00:00,Friday,0,0,,19,Evening,1,Hebbal,15.0,0.48
2026-09-18 00:00:00,Friday,0,0,,19,Evening,1,Electronic City,9.4,0.65
2026-09-18 00:00:00,Friday,0,0,,19,Evening,1,HSR Layout,15.8,0.46
2026-09-18 00:00:00,Friday,0,0,,20,Evening,1,MG Road / Central,16.9,0.56
2026-09-18 00:00:00,Friday,0,0,,20,Evening,1,Indiranagar,12.7,0.63
2026-09-18 00:00:00,Friday,0,0,,20,Evening,1,Whitefield,10.8,0.58
2026-09-18 00:00:00,Friday,0,0,,20,Evening,1,Koramangala,10.6,0.7
2026-09-18 00:00:00,Friday,0,0,,20,Evening,1,Jayanagar,16.6,0.53
2026-09-18 00:00:00,Friday,0,0,,20,Evening,1,Hebbal,11.7,0.67
2026-09-18 00:00:00,Friday,0,0,,20,Evening,1,Electronic City,13.0,0.49
2026-09-18 00:00:00,Friday,0,0,,20,Evening,1,HSR Layout,16.1,0.48
2026-09-18 00:00:00,Friday,0,0,,21,Night,0,MG Road / Central,11.7,0.47
2026-09-18 00:00:00,Friday,0,0,,21,Night,0,Indiranagar,18.3,0.4
2026-09-18 00:00:00,Friday,0,0,,21,Night,0,Whitefield,26.1,0.22
2026-09-18 00:00:00,Friday,0,0,,21,Night,0,Koramangala,19.1,0.45
2026-09-18 00:00:00,Friday,0,0,,21,Night,0,Jayanagar,25.2,0.22
2026-09-18 00:00:00,Friday,0,0,,21,Night,0,Hebbal,19.2,0.45
2026-09-18 00:00:00,Friday,0,0,,21,Night,0,Electronic City,25.9,0.12
2026-09-18 00:00:00,Friday,0,0,,21,Night,0,HSR Layout,24.7,0.21
2026-09-19 00:00:00,Saturday,1,0,,6,Morning,0,MG Road / Central,13.9,0.48
2026-09-19 00:00:00,Saturday,1,0,,6,Morning,0,Indiranagar,13.7,0.41
2026-09-19 00:00:00,Saturday,1,0,,6,Morning,0,Whitefield,16.3,0.42
2026-09-19 00:00:00,Saturday,1,0,,6,Morning,0,Koramangala,17.2,0.41
2026-09-19 00:00:00,Saturday,1,0,,6,Morning,0,Jayanagar,12.7,0.39
2026-09-19 00:00:00,Saturday,1,0,,6,Morning,0,Hebbal,22.3,0.25
2026-09-19 00:00:00,Saturday,1,0,,6,Morning,0,Electronic City,27.6,0.2
2026-09-19 00:00:00,Saturday,1,0,,6,Morning,0,HSR Layout,27.2,0.14
2026-09-19 00:00:00,Saturday,1,0,,7,Morning,0,MG Road / Central,19.2,0.44
2026-09-19 00:00:00,Saturday,1,0,,7,Morning,0,Indiranagar,18.9,0.32
2026-09-19 00:00:00,Saturday,1,0,,7,Morning,0,Whitefield,19.4,0.38
2026-09-19 00:00:00,Saturday,1,0,,7,Morning,0,Koramangala,22.5,0.21
2026-09-19 00:00:00,Saturday,1,0,,7,Morning,0,Jayanagar,22.8,0.3
2026-09-19 00:00:00,Saturday,1,0,,7,Morning,0,Hebbal,19.1,0.17
2026-09-19 00:00:00,Saturday,1,0,,7,Morning,0,Electronic City,18.2,0.31
2026-09-19 00:00:00,Saturday,1,0,,7,Morning,0,HSR Layout,22.8,0.05
2026-09-19 00:00:00,Saturday,1,0,,8,Morning,1,MG Road / Central,6.3,0.8
2026-09-19 00:00:00,Saturday,1,0,,8,Morning,1,Indiranagar,12.6,0.67
2026-09-19 00:00:00,Saturday,1,0,,8,Morning,1,Whitefield,14.4,0.63
2026-09-19 00:00:00,Saturday,1,0,,8,Morning,1,Koramangala,13.9,0.53
2026-09-19 00:00:00,Saturday,1,0,,8,Morning,1,Jayanagar,18.9,0.36
2026-09-19 00:00:00,Saturday,1,0,,8,Morning,1,Hebbal,15.6,0.52
2026-09-19 00:00:00,Saturday,1,0,,8,Morning,1,Electronic City,14.6,0.56
2026-09-19 00:00:00,Saturday,1,0,,8,Morning,1,HSR Layout,15.3,0.63
2026-09-19 00:00:00,Saturday,1,0,,9,Morning,1,MG Road / Central,8.3,0.66
2026-09-19 00:00:00,Saturday,1,0,,9,Morning,1,Indiranagar,6.5,0.73
2026-09-19 00:00:00,Saturday,1,0,,9,Morning,1,Whitefield,7.6,0.73
2026-09-19 00:00:00,Saturday,1,0,,9,Morning,1,Koramangala,10.1,0.63
2026-09-19 00:00:00,Saturday,1,0,,9,Morning,1,Jayanagar,10.6,0.64
2026-09-19 00:00:00,Saturday,1,0,,9,Morning,1,Hebbal,19.1,0.47
2026-09-19 00:00:00,Saturday,1,0,,9,Morning,1,Electronic City,16.7,0.45
2026-09-19 00:00:00,Saturday,1,0,,9,Morning,1,HSR Layout,7.9,0.63
2026-09-19 00:00:00,Saturday,1,0,,10,Morning,1,MG Road / Central,5.2,0.76
2026-09-19 00:00:00,Saturday,1,0,,10,Morning,1,Indiranagar,5.0,0.8
2026-09-19 00:00:00,Saturday,1,0,,10,Morning,1,Whitefield,13.2,0.63
2026-09-19 00:00:00,Saturday,1,0,,10,Morning,1,Koramangala,6.4,0.8
2026-09-19 00:00:00,Saturday,1,0,,10,Morning,1,Jayanagar,13.2,0.52
2026-09-19 00:00:00,Saturday,1,0,,10,Morning,1,Hebbal,6.8,0.73
2026-09-19 00:00:00,Saturday,1,0,,10,Morning,1,Electronic City,18.6,0.43
2026-09-19 00:00:00,Saturday,1,0,,10,Morning,1,HSR Layout,14.5,0.45
2026-09-19 00:00:00,Saturday,1,0,,11,Morning,1,MG Road / Central,22.2,0.23
2026-09-19 00:00:00,Saturday,1,0,,11,Morning,1,Indiranagar,18.8,0.39
2026-09-19 00:00:00,Saturday,1,0,,11,Morning,1,Whitefield,20.1,0.36
2026-09-19 00:00:00,Saturday,1,0,,11,Morning,1,Koramangala,18.3,0.38
2026-09-19 00:00:00,Saturday,1,0,,11,Morning,1,Jayanagar,23.2,0.31
2026-09-19 00:00:00,Saturday,1,0,,11,Morning,1,Hebbal,21.1,0.27
2026-09-19 00:00:00,Saturday,1,0,,11,Morning,1,Electronic City,23.2,0.13
2026-09-19 00:00:00,Saturday,1,0,,11,Morning,1,HSR Layout,21.3,0.33
2026-09-19 00:00:00,Saturday,1,0,,12,Afternoon,0,MG Road / Central,15.7,0.47
2026-09-19 00:00:00,Saturday,1,0,,12,Afternoon,0,Indiranagar,12.0,0.57
2026-09-19 00:00:00,Saturday,1,0,,12,Afternoon,0,Whitefield,19.0,0.36
2026-09-19 00:00:00,Saturday,1,0,,12,Afternoon,0,Koramangala,21.4,0.33
2026-09-19 00:00:00,Saturday,1,0,,12,Afternoon,0,Jayanagar,21.7,0.3
2026-09-19 00:00:00,Saturday,1,0,,12,Afternoon,0,Hebbal,22.1,0.26
2026-09-19 00:00:00,Saturday,1,0,,12,Afternoon,0,Electronic City,16.3,0.54
2026-09-19 00:00:00,Saturday,1,0,,12,Afternoon,0,HSR Layout,20.1,0.34
2026-09-19 00:00:00,Saturday,1,0,,13,Afternoon,0,MG Road / Central,15.4,0.52
2026-09-19 00:00:00,Saturday,1,0,,13,Afternoon,0,Indiranagar,17.3,0.4
2026-09-19 00:00:00,Saturday,1,0,,13,Afternoon,0,Whitefield,16.5,0.24
2026-09-19 00:00:00,Saturday,1,0,,13,Afternoon,0,Koramangala,16.3,0.43
2026-09-19 00:00:00,Saturday,1,0,,13,Afternoon,0,Jayanagar,16.8,0.44
2026-09-19 00:00:00,Saturday,1,0,,13,Afternoon,0,Hebbal,26.7,0.11
2026-09-19 00:00:00,Saturday,1,0,,13,Afternoon,0,Electronic City,27.2,0.12
2026-09-19 00:00:00,Saturday,1,0,,13,Afternoon,0,HSR Layout,23.4,0.28
2026-09-19 00:00:00,Saturday,1,0,,14,Afternoon,0,MG Road / Central,20.9,0.31
2026-09-19 00:00:00,Saturday,1,0,,14,Afternoon,0,Indiranagar,24.3,0.24
2026-09-19 00:00:00,Saturday,1,0,,14,Afternoon,0,Whitefield,21.6,0.31
2026-09-19 00:00:00,Saturday,1,0,,14,Afternoon,0,Koramangala,18.8,0.4
2026-09-19 00:00:00,Saturday,1,0,,14,Afternoon,0,Jayanagar,16.2,0.44
2026-09-19 00:00:00,Saturday,1,0,,14,Afternoon,0,Hebbal,19.8,0.27
2026-09-19 00:00:00,Saturday,1,0,,14,Afternoon,0,Electronic City,25.8,0.15
2026-09-19 00:00:00,Saturday,1,0,,14,Afternoon,0,HSR Layout,18.0,0.38
2026-09-19 00:00:00,Saturday,1,0,,15,Afternoon,0,MG Road / Central,18.0,0.37
2026-09-19 00:00:00,Saturday,1,0,,15,Afternoon,0,Indiranagar,20.5,0.34
2026-09-19 00:00:00,Saturday,1,0,,15,Afternoon,0,Whitefield,30.5,0.07
2026-09-19 00:00:00,Saturday,1,0,,15,Afternoon,0,Koramangala,21.8,0.32
2026-09-19 00:00:00,Saturday,1,0,,15,Afternoon,0,Jayanagar,28.4,0.1
2026-09-19 00:00:00,Saturday,1,0,,15,Afternoon,0,Hebbal,20.8,0.33
2026-09-19 00:00:00,Saturday,1,0,,15,Afternoon,0,Electronic City,26.6,0.13
2026-09-19 00:00:00,Saturday,1,0,,15,Afternoon,0,HSR Layout,26.3,0.11
2026-09-19 00:00:00,Saturday,1,0,,16,Afternoon,0,MG Road / Central,15.9,0.52
2026-09-19 00:00:00,Saturday,1,0,,16,Afternoon,0,Indiranagar,16.0,0.4
2026-09-19 00:00:00,Saturday,1,0,,16,Afternoon,0,Whitefield,20.2,0.33
2026-09-19 00:00:00,Saturday,1,0,,16,Afternoon,0,Koramangala,27.9,0.12
2026-09-19 00:00:00,Saturday,1,0,,16,Afternoon,0,Jayanagar,25.0,0.25
2026-09-19 00:00:00,Saturday,1,0,,16,Afternoon,0,Hebbal,20.1,0.12
2026-09-19 00:00:00,Saturday,1,0,,16,Afternoon,0,Electronic City,22.1,0.28
2026-09-19 00:00:00,Saturday,1,0,,16,Afternoon,0,HSR Layout,26.5,0.05
2026-09-19 00:00:00,Saturday,1,0,,17,Evening,1,MG Road / Central,5.0,0.98
2026-09-19 00:00:00,Saturday,1,0,,17,Evening,1,Indiranagar,5.1,0.79
2026-09-19 00:00:00,Saturday,1,0,,17,Evening,1,Whitefield,20.7,0.3
2026-09-19 00:00:00,Saturday,1,0,,17,Evening,1,Koramangala,9.2,0.67
2026-09-19 00:00:00,Saturday,1,0,,17,Evening,1,Jayanagar,14.4,0.54
2026-09-19 00:00:00,Saturday,1,0,,17,Evening,1,Hebbal,11.5,0.53
2026-09-19 00:00:00,Saturday,1,0,,17,Evening,1,Electronic City,7.9,0.61
2026-09-19 00:00:00,Saturday,1,0,,17,Evening,1,HSR Layout,22.4,0.3
2026-09-19 00:00:00,Saturday,1,0,,18,Evening,1,MG Road / Central,7.1,0.76
2026-09-19 00:00:00,Saturday,1,0,,18,Evening,1,Indiranagar,12.6,0.53
2026-09-19 00:00:00,Saturday,1,0,,18,Evening,1,Whitefield,11.3,0.52
2026-09-19 00:00:00,Saturday,1,0,,18,Evening,1,Koramangala,13.0,0.61
2026-09-19 00:00:00,Saturday,1,0,,18,Evening,1,Jayanagar,7.5,0.72
2026-09-19 00:00:00,Saturday,1,0,,18,Evening,1,Hebbal,6.9,0.64
2026-09-19 00:00:00,Saturday,1,0,,18,Evening,1,Electronic City,9.5,0.63
2026-09-19 00:00:00,Saturday,1,0,,18,Evening,1,HSR Layout,11.9,0.59
2026-09-19 00:00:00,Saturday,1,0,,19,Evening,1,MG Road / Central,5.0,0.86
2026-09-19 00:00:00,Saturday,1,0,,19,Evening,1,Indiranagar,6.2,0.78
2026-09-19 00:00:00,Saturday,1,0,,19,Evening,1,Whitefield,13.7,0.53
2026-09-19 00:00:00,Saturday,1,0,,19,Evening,1,Koramangala,12.0,0.6
2026-09-19 00:00:00,Saturday,1,0,,19,Evening,1,Jayanagar,14.2,0.54
2026-09-19 00:00:00,Saturday,1,0,,19,Evening,1,Hebbal,14.8,0.56
2026-09-19 00:00:00,Saturday,1,0,,19,Evening,1,Electronic City,8.1,0.66
2026-09-19 00:00:00,Saturday,1,0,,19,Evening,1,HSR Layout,8.0,0.65
2026-09-19 00:00:00,Saturday,1,0,,20,Evening,1,MG Road / Central,8.1,0.77
2026-09-19 00:00:00,Saturday,1,0,,20,Evening,1,Indiranagar,16.1,0.47
2026-09-19 00:00:00,Saturday,1,0,,20,Evening,1,Whitefield,13.7,0.49
2026-09-19 00:00:00,Saturday,1,0,,20,Evening,1,Koramangala,5.0,0.86
2026-09-19 00:00:00,Saturday,1,0,,20,Evening,1,Jayanagar,16.6,0.45
2026-09-19 00:00:00,Saturday,1,0,,20,Evening,1,Hebbal,10.7,0.63
2026-09-19 00:00:00,Saturday,1,0,,20,Evening,1,Electronic City,10.4,0.69
2026-09-19 00:00:00,Saturday,1,0,,20,Evening,1,HSR Layout,20.3,0.29
2026-09-19 00:00:00,Saturday,1,0,,21,Night,0,MG Road / Central,21.0,0.33
2026-09-19 00:00:00,Saturday,1,0,,21,Night,0,Indiranagar,32.5,0.09
2026-09-19 00:00:00,Saturday,1,0,,21,Night,0,Whitefield,20.9,0.31
2026-09-19 00:00:00,Saturday,1,0,,21,Night,0,Koramangala,18.4,0.54
2026-09-19 00:00:00,Saturday,1,0,,21,Night,0,Jayanagar,21.3,0.35
2026-09-19 00:00:00,Saturday,1,0,,21,Night,0,Hebbal,21.7,0.27
2026-09-19 00:00:00,Saturday,1,0,,21,Night,0,Electronic City,22.6,0.19
2026-09-19 00:00:00,Saturday,1,0,,21,Night,0,HSR Layout,22.3,0.17
2026-09-20 00:00:00,Sunday,1,0,,6,Morning,0,MG Road / Central,14.9,0.39
2026-09-20 00:00:00,Sunday,1,0,,6,Morning,0,Indiranagar,17.2,0.42
2026-09-20 00:00:00,Sunday,1,0,,6,Morning,0,Whitefield,20.9,0.27
2026-09-20 00:00:00,Sunday,1,0,,6,Morning,0,Koramangala,9.6,0.77
2026-09-20 00:00:00,Sunday,1,0,,6,Morning,0,Jayanagar,27.4,0.1
2026-09-20 00:00:00,Sunday,1,0,,6,Morning,0,Hebbal,22.7,0.18
2026-09-20 00:00:00,Sunday,1,0,,6,Morning,0,Electronic City,28.2,0.09
2026-09-20 00:00:00,Sunday,1,0,,6,Morning,0,HSR Layout,26.9,0.17
2026-09-20 00:00:00,Sunday,1,0,,7,Morning,0,MG Road / Central,17.2,0.52
2026-09-20 00:00:00,Sunday,1,0,,7,Morning,0,Indiranagar,22.0,0.3
2026-09-20 00:00:00,Sunday,1,0,,7,Morning,0,Whitefield,19.3,0.33
2026-09-20 00:00:00,Sunday,1,0,,7,Morning,0,Koramangala,24.0,0.31
2026-09-20 00:00:00,Sunday,1,0,,7,Morning,0,Jayanagar,23.0,0.28
2026-09-20 00:00:00,Sunday,1,0,,7,Morning,0,Hebbal,23.0,0.15
2026-09-20 00:00:00,Sunday,1,0,,7,Morning,0,Electronic City,24.3,0.18
2026-09-20 00:00:00,Sunday,1,0,,7,Morning,0,HSR Layout,26.3,0.12
2026-09-20 00:00:00,Sunday,1,0,,8,Morning,1,MG Road / Central,12.8,0.5
2026-09-20 00:00:00,Sunday,1,0,,8,Morning,1,Indiranagar,7.8,0.78
2026-09-20 00:00:00,Sunday,1,0,,8,Morning,1,Whitefield,12.9,0.5
2026-09-20 00:00:00,Sunday,1,0,,8,Morning,1,Koramangala,12.0,0.58
2026-09-20 00:00:00,Sunday,1,0,,8,Morning,1,Jayanagar,13.0,0.63
2026-09-20 00:00:00,Sunday,1,0,,8,Morning,1,Hebbal,13.0,0.49
2026-09-20 00:00:00,Sunday,1,0,,8,Morning,1,Electronic City,10.9,0.58
2026-09-20 00:00:00,Sunday,1,0,,8,Morning,1,HSR Layout,18.0,0.49
2026-09-20 00:00:00,Sunday,1,0,,9,Morning,1,MG Road / Central,6.3,0.8
2026-09-20 00:00:00,Sunday,1,0,,9,Morning,1,Indiranagar,14.0,0.55
2026-09-20 00:00:00,Sunday,1,0,,9,Morning,1,Whitefield,8.9,0.68
2026-09-20 00:00:00,Sunday,1,0,,9,Morning,1,Koramangala,6.7,0.86
2026-09-20 00:00:00,Sunday,1,0,,9,Morning,1,Jayanagar,8.1,0.75
2026-09-20 00:00:00,Sunday,1,0,,9,Morning,1,Hebbal,14.2,0.62
2026-09-20 00:00:00,Sunday,1,0,,9,Morning,1,Electronic City,10.9,0.6
2026-09-20 00:00:00,Sunday,1,0,,9,Morning,1,HSR Layout,15.6,0.5
2026-09-20 00:00:00,Sunday,1,0,,10,Morning,1,MG Road / Central,13.4,0.55
2026-09-20 00:00:00,Sunday,1,0,,10,Morning,1,Indiranagar,5.0,0.83
2026-09-20 00:00:00,Sunday,1,0,,10,Morning,1,Whitefield,10.2,0.73
2026-09-20 00:00:00,Sunday,1,0,,10,Morning,1,Koramangala,11.7,0.64
2026-09-20 00:00:00,Sunday,1,0,,10,Morning,1,Jayanagar,15.9,0.55
2026-09-20 00:00:00,Sunday,1,0,,10,Morning,1,Hebbal,7.2,0.67
2026-09-20 00:00:00,Sunday,1,0,,10,Morning,1,Electronic City,11.0,0.62
2026-09-20 00:00:00,Sunday,1,0,,10,Morning,1,HSR Layout,11.7,0.56
2026-09-20 00:00:00,Sunday,1,0,,11,Morning,1,MG Road / Central,13.8,0.61
2026-09-20 00:00:00,Sunday,1,0,,11,Morning,1,Indiranagar,18.0,0.31
2026-09-20 00:00:00,Sunday,1,0,,11,Morning,1,Whitefield,24.8,0.2
2026-09-20 00:00:00,Sunday,1,0,,11,Morning,1,Koramangala,19.6,0.43
2026-09-20 00:00:00,Sunday,1,0,,11,Morning,1,Jayanagar,21.6,0.34
2026-09-20 00:00:00,Sunday,1,0,,11,Morning,1,Hebbal,18.5,0.29
2026-09-20 00:00:00,Sunday,1,0,,11,Morning,1,Electronic City,25.3,0.23
2026-09-20 00:00:00,Sunday,1,0,,11,Morning,1,HSR Layout,23.7,0.24
2026-09-20 00:00:00,Sunday,1,0,,12,Afternoon,0,MG Road / Central,17.1,0.36
2026-09-20 00:00:00,Sunday,1,0,,12,Afternoon,0,Indiranagar,19.1,0.39
2026-09-20 00:00:00,Sunday,1,0,,12,Afternoon,0,Whitefield,24.4,0.17
2026-09-20 00:00:00,Sunday,1,0,,12,Afternoon,0,Koramangala,23.6,0.29
2026-09-20 00:00:00,Sunday,1,0,,12,Afternoon,0,Jayanagar,26.5,0.21
2026-09-20 00:00:00,Sunday,1,0,,12,Afternoon,0,Hebbal,16.8,0.43
2026-09-20 00:00:00,Sunday,1,0,,12,Afternoon,0,Electronic City,22.0,0.13
2026-09-20 00:00:00,Sunday,1,0,,12,Afternoon,0,HSR Layout,25.1,0.07
2026-09-20 00:00:00,Sunday,1,0,,13,Afternoon,0,MG Road / Central,13.3,0.57
2026-09-20 00:00:00,Sunday,1,0,,13,Afternoon,0,Indiranagar,12.2,0.45
2026-09-20 00:00:00,Sunday,1,0,,13,Afternoon,0,Whitefield,28.6,0.11
2026-09-20 00:00:00,Sunday,1,0,,13,Afternoon,0,Koramangala,16.7,0.43
2026-09-20 00:00:00,Sunday,1,0,,13,Afternoon,0,Jayanagar,23.7,0.32
2026-09-20 00:00:00,Sunday,1,0,,13,Afternoon,0,Hebbal,23.4,0.22
2026-09-20 00:00:00,Sunday,1,0,,13,Afternoon,0,Electronic City,26.6,0.27
2026-09-20 00:00:00,Sunday,1,0,,13,Afternoon,0,HSR Layout,29.9,0.05
2026-09-20 00:00:00,Sunday,1,0,,14,Afternoon,0,MG Road / Central,19.5,0.39
2026-09-20 00:00:00,Sunday,1,0,,14,Afternoon,0,Indiranagar,20.3,0.32
2026-09-20 00:00:00,Sunday,1,0,,14,Afternoon,0,Whitefield,26.2,0.34
2026-09-20 00:00:00,Sunday,1,0,,14,Afternoon,0,Koramangala,13.4,0.5
2026-09-20 00:00:00,Sunday,1,0,,14,Afternoon,0,Jayanagar,23.1,0.2
2026-09-20 00:00:00,Sunday,1,0,,14,Afternoon,0,Hebbal,27.8,0.05
2026-09-20 00:00:00,Sunday,1,0,,14,Afternoon,0,Electronic City,17.3,0.34
2026-09-20 00:00:00,Sunday,1,0,,14,Afternoon,0,HSR Layout,19.7,0.38
2026-09-20 00:00:00,Sunday,1,0,,15,Afternoon,0,MG Road / Central,20.4,0.31
2026-09-20 00:00:00,Sunday,1,0,,15,Afternoon,0,Indiranagar,13.7,0.59
2026-09-20 00:00:00,Sunday,1,0,,15,Afternoon,0,Whitefield,22.0,0.25
2026-09-20 00:00:00,Sunday,1,0,,15,Afternoon,0,Koramangala,16.7,0.41
2026-09-20 00:00:00,Sunday,1,0,,15,Afternoon,0,Jayanagar,32.6,0.05
2026-09-20 00:00:00,Sunday,1,0,,15,Afternoon,0,Hebbal,22.7,0.27
2026-09-20 00:00:00,Sunday,1,0,,15,Afternoon,0,Electronic City,21.2,0.24
2026-09-20 00:00:00,Sunday,1,0,,15,Afternoon,0,HSR Layout,20.0,0.23
2026-09-20 00:00:00,Sunday,1,0,,16,Afternoon,0,MG Road / Central,7.3,0.67
2026-09-20 00:00:00,Sunday,1,0,,16,Afternoon,0,Indiranagar,20.8,0.28
2026-09-20 00:00:00,Sunday,1,0,,16,Afternoon,0,Whitefield,17.9,0.4
2026-09-20 00:00:00,Sunday,1,0,,16,Afternoon,0,Koramangala,25.0,0.25
2026-09-20 00:00:00,Sunday,1,0,,16,Afternoon,0,Jayanagar,20.9,0.34
2026-09-20 00:00:00,Sunday,1,0,,16,Afternoon,0,Hebbal,24.7,0.34
2026-09-20 00:00:00,Sunday,1,0,,16,Afternoon,0,Electronic City,13.3,0.51
2026-09-20 00:00:00,Sunday,1,0,,16,Afternoon,0,HSR Layout,17.4,0.44
2026-09-20 00:00:00,Sunday,1,0,,17,Evening,1,MG Road / Central,5.0,0.76
2026-09-20 00:00:00,Sunday,1,0,,17,Evening,1,Indiranagar,8.0,0.68
2026-09-20 00:00:00,Sunday,1,0,,17,Evening,1,Whitefield,12.7,0.65
2026-09-20 00:00:00,Sunday,1,0,,17,Evening,1,Koramangala,16.4,0.45
2026-09-20 00:00:00,Sunday,1,0,,17,Evening,1,Jayanagar,9.1,0.68
2026-09-20 00:00:00,Sunday,1,0,,17,Evening,1,Hebbal,11.6,0.64
2026-09-20 00:00:00,Sunday,1,0,,17,Evening,1,Electronic City,11.7,0.59
2026-09-20 00:00:00,Sunday,1,0,,17,Evening,1,HSR Layout,15.6,0.4
2026-09-20 00:00:00,Sunday,1,0,,18,Evening,1,MG Road / Central,6.5,0.79
2026-09-20 00:00:00,Sunday,1,0,,18,Evening,1,Indiranagar,8.7,0.68
2026-09-20 00:00:00,Sunday,1,0,,18,Evening,1,Whitefield,16.7,0.51
2026-09-20 00:00:00,Sunday,1,0,,18,Evening,1,Koramangala,7.5,0.66
2026-09-20 00:00:00,Sunday,1,0,,18,Evening,1,Jayanagar,10.4,0.64
2026-09-20 00:00:00,Sunday,1,0,,18,Evening,1,Hebbal,16.6,0.55
2026-09-20 00:00:00,Sunday,1,0,,18,Evening,1,Electronic City,14.2,0.55
2026-09-20 00:00:00,Sunday,1,0,,18,Evening,1,HSR Layout,17.3,0.41
2026-09-20 00:00:00,Sunday,1,0,,19,Evening,1,MG Road / Central,5.0,0.77
2026-09-20 00:00:00,Sunday,1,0,,19,Evening,1,Indiranagar,8.5,0.72
2026-09-20 00:00:00,Sunday,1,0,,19,Evening,1,Whitefield,15.4,0.55
2026-09-20 00:00:00,Sunday,1,0,,19,Evening,1,Koramangala,10.8,0.74
2026-09-20 00:00:00,Sunday,1,0,,19,Evening,1,Jayanagar,17.3,0.43
2026-09-20 00:00:00,Sunday,1,0,,19,Evening,1,Hebbal,11.1,0.56
2026-09-20 00:00:00,Sunday,1,0,,19,Evening,1,Electronic City,14.7,0.66
2026-09-20 00:00:00,Sunday,1,0,,19,Evening,1,HSR Layout,14.6,0.55
2026-09-20 00:00:00,Sunday,1,0,,20,Evening,1,MG Road / Central,7.3,0.71
2026-09-20 00:00:00,Sunday,1,0,,20,Evening,1,Indiranagar,14.1,0.48
2026-09-20 00:00:00,Sunday,1,0,,20,Evening,1,Whitefield,21.9,0.38
2026-09-20 00:00:00,Sunday,1,0,,20,Evening,1,Koramangala,8.7,0.69
2026-09-20 00:00:00,Sunday,1,0,,20,Evening,1,Jayanagar,8.1,0.66
2026-09-20 00:00:00,Sunday,1,0,,20,Evening,1,Hebbal,16.4,0.46
2026-09-20 00:00:00,Sunday,1,0,,20,Evening,1,Electronic City,10.8,0.67
2026-09-20 00:00:00,Sunday,1,0,,20,Evening,1,HSR Layout,12.8,0.58
2026-09-20 00:00:00,Sunday,1,0,,21,Night,0,MG Road / Central,17.0,0.45
2026-09-20 00:00:00,Sunday,1,0,,21,Night,0,Indiranagar,21.8,0.28
2026-09-20 00:00:00,Sunday,1,0,,21,Night,0,Whitefield,26.5,0.12
2026-09-20 00:00:00,Sunday,1,0,,21,Night,0,Koramangala,24.8,0.34
2026-09-20 00:00:00,Sunday,1,0,,21,Night,0,Jayanagar,19.8,0.25
2026-09-20 00:00:00,Sunday,1,0,,21,Night,0,Hebbal,24.0,0.23
2026-09-20 00:00:00,Sunday,1,0,,21,Night,0,Electronic City,15.3,0.45
2026-09-20 00:00:00,Sunday,1,0,,21,Night,0,HSR Layout,29.8,0.06
2026-09-21 00:00:00,Monday,0,0,,6,Morning,0,MG Road / Central,22.1,0.23
2026-09-21 00:00:00,Monday,0,0,,6,Morning,0,Indiranagar,18.8,0.37
2026-09-21 00:00:00,Monday,0,0,,6,Morning,0,Whitefield,18.7,0.33
2026-09-21 00:00:00,Monday,0,0,,6,Morning,0,Koramangala,19.0,0.37
2026-09-21 00:00:00,Monday,0,0,,6,Morning,0,Jayanagar,22.2,0.27
2026-09-21 00:00:00,Monday,0,0,,6,Morning,0,Hebbal,22.6,0.3
2026-09-21 00:00:00,Monday,0,0,,6,Morning,0,Electronic City,22.0,0.3
2026-09-21 00:00:00,Monday,0,0,,6,Morning,0,HSR Layout,28.3,0.06
2026-09-21 00:00:00,Monday,0,0,,7,Morning,0,MG Road / Central,17.7,0.46
2026-09-21 00:00:00,Monday,0,0,,7,Morning,0,Indiranagar,19.2,0.32
2026-09-21 00:00:00,Monday,0,0,,7,Morning,0,Whitefield,25.6,0.18
2026-09-21 00:00:00,Monday,0,0,,7,Morning,0,Koramangala,13.5,0.52
2026-09-21 00:00:00,Monday,0,0,,7,Morning,0,Jayanagar,19.5,0.36
2026-09-21 00:00:00,Monday,0,0,,7,Morning,0,Hebbal,22.5,0.24
2026-09-21 00:00:00,Monday,0,0,,7,Morning,0,Electronic City,20.5,0.34
2026-09-21 00:00:00,Monday,0,0,,7,Morning,0,HSR Layout,12.6,0.52
2026-09-21 00:00:00,Monday,0,0,,8,Morning,1,MG Road / Central,6.1,0.76
2026-09-21 00:00:00,Monday,0,0,,8,Morning,1,Indiranagar,12.1,0.6
2026-09-21 00:00:00,Monday,0,0,,8,Morning,1,Whitefield,18.8,0.57
2026-09-21 00:00:00,Monday,0,0,,8,Morning,1,Koramangala,7.4,0.68
2026-09-21 00:00:00,Monday,0,0,,8,Morning,1,Jayanagar,8.4,0.58
2026-09-21 00:00:00,Monday,0,0,,8,Morning,1,Hebbal,13.9,0.54
2026-09-21 00:00:00,Monday,0,0,,8,Morning,1,Electronic City,12.6,0.65
2026-09-21 00:00:00,Monday,0,0,,8,Morning,1,HSR Layout,15.0,0.49
2026-09-21 00:00:00,Monday,0,0,,9,Morning,1,MG Road / Central,9.5,0.61
2026-09-21 00:00:00,Monday,0,0,,9,Morning,1,Indiranagar,5.3,0.74
2026-09-21 00:00:00,Monday,0,0,,9,Morning,1,Whitefield,13.0,0.5
2026-09-21 00:00:00,Monday,0,0,,9,Morning,1,Koramangala,10.6,0.77
2026-09-21 00:00:00,Monday,0,0,,9,Morning,1,Jayanagar,14.5,0.39
2026-09-21 00:00:00,Monday,0,0,,9,Morning,1,Hebbal,14.0,0.54
2026-09-21 00:00:00,Monday,0,0,,9,Morning,1,Electronic City,11.8,0.58
2026-09-21 00:00:00,Monday,0,0,,9,Morning,1,HSR Layout,15.0,0.53
2026-09-21 00:00:00,Monday,0,0,,10,Morning,1,MG Road / Central,5.0,0.82
2026-09-21 00:00:00,Monday,0,0,,10,Morning,1,Indiranagar,10.8,0.66
2026-09-21 00:00:00,Monday,0,0,,10,Morning,1,Whitefield,20.3,0.44
2026-09-21 00:00:00,Monday,0,0,,10,Morning,1,Koramangala,11.2,0.62
2026-09-21 00:00:00,Monday,0,0,,10,Morning,1,Jayanagar,10.3,0.62
2026-09-21 00:00:00,Monday,0,0,,10,Morning,1,Hebbal,19.3,0.33
2026-09-21 00:00:00,Monday,0,0,,10,Morning,1,Electronic City,9.1,0.67
2026-09-21 00:00:00,Monday,0,0,,10,Morning,1,HSR Layout,18.4,0.45
2026-09-21 00:00:00,Monday,0,0,,11,Morning,1,MG Road / Central,18.2,0.36
2026-09-21 00:00:00,Monday,0,0,,11,Morning,1,Indiranagar,19.0,0.42
2026-09-21 00:00:00,Monday,0,0,,11,Morning,1,Whitefield,15.6,0.54
2026-09-21 00:00:00,Monday,0,0,,11,Morning,1,Koramangala,12.8,0.54
2026-09-21 00:00:00,Monday,0,0,,11,Morning,1,Jayanagar,26.3,0.13
2026-09-21 00:00:00,Monday,0,0,,11,Morning,1,Hebbal,20.0,0.26
2026-09-21 00:00:00,Monday,0,0,,11,Morning,1,Electronic City,23.9,0.23
2026-09-21 00:00:00,Monday,0,0,,11,Morning,1,HSR Layout,22.2,0.29
2026-09-21 00:00:00,Monday,0,0,,12,Afternoon,0,MG Road / Central,15.9,0.43
2026-09-21 00:00:00,Monday,0,0,,12,Afternoon,0,Indiranagar,17.5,0.34
2026-09-21 00:00:00,Monday,0,0,,12,Afternoon,0,Whitefield,16.1,0.46
2026-09-21 00:00:00,Monday,0,0,,12,Afternoon,0,Koramangala,17.0,0.37
2026-09-21 00:00:00,Monday,0,0,,12,Afternoon,0,Jayanagar,9.8,0.6
2026-09-21 00:00:00,Monday,0,0,,12,Afternoon,0,Hebbal,24.9,0.2
2026-09-21 00:00:00,Monday,0,0,,12,Afternoon,0,Electronic City,22.3,0.32
2026-09-21 00:00:00,Monday,0,0,,12,Afternoon,0,HSR Layout,17.0,0.47
2026-09-21 00:00:00,Monday,0,0,,13,Afternoon,0,MG Road / Central,21.3,0.27
2026-09-21 00:00:00,Monday,0,0,,13,Afternoon,0,Indiranagar,21.0,0.44
2026-09-21 00:00:00,Monday,0,0,,13,Afternoon,0,Whitefield,29.9,0.08
2026-09-21 00:00:00,Monday,0,0,,13,Afternoon,0,Koramangala,19.0,0.42
2026-09-21 00:00:00,Monday,0,0,,13,Afternoon,0,Jayanagar,21.2,0.24
2026-09-21 00:00:00,Monday,0,0,,13,Afternoon,0,Hebbal,21.1,0.34
2026-09-21 00:00:00,Monday,0,0,,13,Afternoon,0,Electronic City,19.0,0.37
2026-09-21 00:00:00,Monday,0,0,,13,Afternoon,0,HSR Layout,21.5,0.18
2026-09-21 00:00:00,Monday,0,0,,14,Afternoon,0,MG Road / Central,15.9,0.5
2026-09-21 00:00:00,Monday,0,0,,14,Afternoon,0,Indiranagar,20.4,0.28
2026-09-21 00:00:00,Monday,0,0,,14,Afternoon,0,Whitefield,21.2,0.19
2026-09-21 00:00:00,Monday,0,0,,14,Afternoon,0,Koramangala,18.7,0.3
2026-09-21 00:00:00,Monday,0,0,,14,Afternoon,0,Jayanagar,22.5,0.2
2026-09-21 00:00:00,Monday,0,0,,14,Afternoon,0,Hebbal,32.4,0.05
2026-09-21 00:00:00,Monday,0,0,,14,Afternoon,0,Electronic City,16.4,0.4
2026-09-21 00:00:00,Monday,0,0,,14,Afternoon,0,HSR Layout,22.4,0.28
2026-09-21 00:00:00,Monday,0,0,,15,Afternoon,0,MG Road / Central,12.1,0.54
2026-09-21 00:00:00,Monday,0,0,,15,Afternoon,0,Indiranagar,13.0,0.53
2026-09-21 00:00:00,Monday,0,0,,15,Afternoon,0,Whitefield,28.8,0.09
2026-09-21 00:00:00,Monday,0,0,,15,Afternoon,0,Koramangala,18.5,0.55
2026-09-21 00:00:00,Monday,0,0,,15,Afternoon,0,Jayanagar,28.2,0.11
2026-09-21 00:00:00,Monday,0,0,,15,Afternoon,0,Hebbal,25.5,0.2
2026-09-21 00:00:00,Monday,0,0,,15,Afternoon,0,Electronic City,25.3,0.07
2026-09-21 00:00:00,Monday,0,0,,15,Afternoon,0,HSR Layout,25.5,0.16
2026-09-21 00:00:00,Monday,0,0,,16,Afternoon,0,MG Road / Central,21.6,0.32
2026-09-21 00:00:00,Monday,0,0,,16,Afternoon,0,Indiranagar,15.5,0.52
2026-09-21 00:00:00,Monday,0,0,,16,Afternoon,0,Whitefield,17.5,0.44
2026-09-21 00:00:00,Monday,0,0,,16,Afternoon,0,Koramangala,25.1,0.25
2026-09-21 00:00:00,Monday,0,0,,16,Afternoon,0,Jayanagar,26.5,0.18
2026-09-21 00:00:00,Monday,0,0,,16,Afternoon,0,Hebbal,17.7,0.44
2026-09-21 00:00:00,Monday,0,0,,16,Afternoon,0,Electronic City,26.0,0.07
2026-09-21 00:00:00,Monday,0,0,,16,Afternoon,0,HSR Layout,17.4,0.41
2026-09-21 00:00:00,Monday,0,0,,17,Evening,1,MG Road / Central,10.2,0.71
2026-09-21 00:00:00,Monday,0,0,,17,Evening,1,Indiranagar,7.1,0.78
2026-09-21 00:00:00,Monday,0,0,,17,Evening,1,Whitefield,13.6,0.52
2026-09-21 00:00:00,Monday,0,0,,17,Evening,1,Koramangala,7.0,0.8
2026-09-21 00:00:00,Monday,0,0,,17,Evening,1,Jayanagar,16.6,0.52
2026-09-21 00:00:00,Monday,0,0,,17,Evening,1,Hebbal,12.3,0.53
2026-09-21 00:00:00,Monday,0,0,,17,Evening,1,Electronic City,14.3,0.46
2026-09-21 00:00:00,Monday,0,0,,17,Evening,1,HSR Layout,16.9,0.52
2026-09-21 00:00:00,Monday,0,0,,18,Evening,1,MG Road / Central,12.3,0.6
2026-09-21 00:00:00,Monday,0,0,,18,Evening,1,Indiranagar,10.8,0.62
2026-09-21 00:00:00,Monday,0,0,,18,Evening,1,Whitefield,18.5,0.37
2026-09-21 00:00:00,Monday,0,0,,18,Evening,1,Koramangala,10.8,0.68
2026-09-21 00:00:00,Monday,0,0,,18,Evening,1,Jayanagar,10.3,0.58
2026-09-21 00:00:00,Monday,0,0,,18,Evening,1,Hebbal,10.0,0.68
2026-09-21 00:00:00,Monday,0,0,,18,Evening,1,Electronic City,12.8,0.57
2026-09-21 00:00:00,Monday,0,0,,18,Evening,1,HSR Layout,15.8,0.49
2026-09-21 00:00:00,Monday,0,0,,19,Evening,1,MG Road / Central,5.0,0.76
2026-09-21 00:00:00,Monday,0,0,,19,Evening,1,Indiranagar,10.4,0.64
2026-09-21 00:00:00,Monday,0,0,,19,Evening,1,Whitefield,15.0,0.58
2026-09-21 00:00:00,Monday,0,0,,19,Evening,1,Koramangala,10.8,0.61
2026-09-21 00:00:00,Monday,0,0,,19,Evening,1,Jayanagar,13.7,0.49
2026-09-21 00:00:00,Monday,0,0,,19,Evening,1,Hebbal,16.3,0.51
2026-09-21 00:00:00,Monday,0,0,,19,Evening,1,Electronic City,18.1,0.42
2026-09-21 00:00:00,Monday,0,0,,19,Evening,1,HSR Layout,18.5,0.35
2026-09-21 00:00:00,Monday,0,0,,20,Evening,1,MG Road / Central,13.5,0.66
2026-09-21 00:00:00,Monday,0,0,,20,Evening,1,Indiranagar,5.6,0.67
2026-09-21 00:00:00,Monday,0,0,,20,Evening,1,Whitefield,20.8,0.31
2026-09-21 00:00:00,Monday,0,0,,20,Evening,1,Koramangala,7.5,0.77
2026-09-21 00:00:00,Monday,0,0,,20,Evening,1,Jayanagar,15.2,0.57
2026-09-21 00:00:00,Monday,0,0,,20,Evening,1,Hebbal,17.2,0.49
2026-09-21 00:00:00,Monday,0,0,,20,Evening,1,Electronic City,17.6,0.35
2026-09-21 00:00:00,Monday,0,0,,20,Evening,1,HSR Layout,19.5,0.33
2026-09-21 00:00:00,Monday,0,0,,21,Night,0,MG Road / Central,18.4,0.39
2026-09-21 00:00:00,Monday,0,0,,21,Night,0,Indiranagar,15.9,0.41
2026-09-21 00:00:00,Monday,0,0,,21,Night,0,Whitefield,20.2,0.23
2026-09-21 00:00:00,Monday,0,0,,21,Night,0,Koramangala,12.5,0.56
2026-09-21 00:00:00,Monday,0,0,,21,Night,0,Jayanagar,27.4,0.19
2026-09-21 00:00:00,Monday,0,0,,21,Night,0,Hebbal,24.7,0.1
2026-09-21 00:00:00,Monday,0,0,,21,Night,0,Electronic City,26.3,0.12
2026-09-21 00:00:00,Monday,0,0,,21,Night,0,HSR Layout,22.4,0.3
2026-09-22 00:00:00,Tuesday,0,0,,6,Morning,0,MG Road / Central,5.0,0.71
2026-09-22 00:00:00,Tuesday,0,0,,6,Morning,0,Indiranagar,14.7,0.47
2026-09-22 00:00:00,Tuesday,0,0,,6,Morning,0,Whitefield,23.4,0.18
2026-09-22 00:00:00,Tuesday,0,0,,6,Morning,0,Koramangala,24.6,0.29
2026-09-22 00:00:00,Tuesday,0,0,,6,Morning,0,Jayanagar,19.5,0.35
2026-09-22 00:00:00,Tuesday,0,0,,6,Morning,0,Hebbal,14.6,0.41
2026-09-22 00:00:00,Tuesday,0,0,,6,Morning,0,Electronic City,22.9,0.09
2026-09-22 00:00:00,Tuesday,0,0,,6,Morning,0,HSR Layout,25.3,0.17
2026-09-22 00:00:00,Tuesday,0,0,,7,Morning,0,MG Road / Central,17.9,0.41
2026-09-22 00:00:00,Tuesday,0,0,,7,Morning,0,Indiranagar,24.7,0.23
2026-09-22 00:00:00,Tuesday,0,0,,7,Morning,0,Whitefield,23.1,0.28
2026-09-22 00:00:00,Tuesday,0,0,,7,Morning,0,Koramangala,25.4,0.17
2026-09-22 00:00:00,Tuesday,0,0,,7,Morning,0,Jayanagar,26.0,0.11
2026-09-22 00:00:00,Tuesday,0,0,,7,Morning,0,Hebbal,20.8,0.31
2026-09-22 00:00:00,Tuesday,0,0,,7,Morning,0,Electronic City,25.6,0.15
2026-09-22 00:00:00,Tuesday,0,0,,7,Morning,0,HSR Layout,30.3,0.07
2026-09-22 00:00:00,Tuesday,0,0,,8,Morning,1,MG Road / Central,12.0,0.68
2026-09-22 00:00:00,Tuesday,0,0,,8,Morning,1,Indiranagar,9.8,0.64
2026-09-22 00:00:00,Tuesday,0,0,,8,Morning,1,Whitefield,18.0,0.46
2026-09-22 00:00:00,Tuesday,0,0,,8,Morning,1,Koramangala,12.8,0.61
2026-09-22 00:00:00,Tuesday,0,0,,8,Morning,1,Jayanagar,10.9,0.5
2026-09-22 00:00:00,Tuesday,0,0,,8,Morning,1,Hebbal,13.2,0.48
2026-09-22 00:00:00,Tuesday,0,0,,8,Morning,1,Electronic City,11.0,0.55
2026-09-22 00:00:00,Tuesday,0,0,,8,Morning,1,HSR Layout,10.0,0.66
2026-09-22 00:00:00,Tuesday,0,0,,9,Morning,1,MG Road / Central,11.0,0.68
2026-09-22 00:00:00,Tuesday,0,0,,9,Morning,1,Indiranagar,5.5,0.82
2026-09-22 00:00:00,Tuesday,0,0,,9,Morning,1,Whitefield,12.7,0.46
2026-09-22 00:00:00,Tuesday,0,0,,9,Morning,1,Koramangala,10.2,0.62
2026-09-22 00:00:00,Tuesday,0,0,,9,Morning,1,Jayanagar,12.4,0.56
2026-09-22 00:00:00,Tuesday,0,0,,9,Morning,1,Hebbal,9.8,0.63
2026-09-22 00:00:00,Tuesday,0,0,,9,Morning,1,Electronic City,16.1,0.54
2026-09-22 00:00:00,Tuesday,0,0,,9,Morning,1,HSR Layout,12.1,0.59
2026-09-22 00:00:00,Tuesday,0,0,,10,Morning,1,MG Road / Central,9.9,0.63
2026-09-22 00:00:00,Tuesday,0,0,,10,Morning,1,Indiranagar,11.0,0.6
2026-09-22 00:00:00,Tuesday,0,0,,10,Morning,1,Whitefield,10.3,0.64
2026-09-22 00:00:00,Tuesday,0,0,,10,Morning,1,Koramangala,17.4,0.54
2026-09-22 00:00:00,Tuesday,0,0,,10,Morning,1,Jayanagar,9.5,0.59
2026-09-22 00:00:00,Tuesday,0,0,,10,Morning,1,Hebbal,15.3,0.5
2026-09-22 00:00:00,Tuesday,0,0,,10,Morning,1,Electronic City,5.1,0.75
2026-09-22 00:00:00,Tuesday,0,0,,10,Morning,1,HSR Layout,12.8,0.67
2026-09-22 00:00:00,Tuesday,0,0,,11,Morning,1,MG Road / Central,19.7,0.32
2026-09-22 00:00:00,Tuesday,0,0,,11,Morning,1,Indiranagar,21.3,0.28
2026-09-22 00:00:00,Tuesday,0,0,,11,Morning,1,Whitefield,24.0,0.25
2026-09-22 00:00:00,Tuesday,0,0,,11,Morning,1,Koramangala,12.6,0.53
2026-09-22 00:00:00,Tuesday,0,0,,11,Morning,1,Jayanagar,28.5,0.05
2026-09-22 00:00:00,Tuesday,0,0,,11,Morning,1,Hebbal,21.9,0.29
2026-09-22 00:00:00,Tuesday,0,0,,11,Morning,1,Electronic City,23.9,0.21
2026-09-22 00:00:00,Tuesday,0,0,,11,Morning,1,HSR Layout,17.8,0.43
2026-09-22 00:00:00,Tuesday,0,0,,12,Afternoon,0,MG Road / Central,18.3,0.36
2026-09-22 00:00:00,Tuesday,0,0,,12,Afternoon,0,Indiranagar,21.9,0.38
2026-09-22 00:00:00,Tuesday,0,0,,12,Afternoon,0,Whitefield,23.1,0.23
2026-09-22 00:00:00,Tuesday,0,0,,12,Afternoon,0,Koramangala,21.9,0.34
2026-09-22 00:00:00,Tuesday,0,0,,12,Afternoon,0,Jayanagar,16.3,0.49
2026-09-22 00:00:00,Tuesday,0,0,,12,Afternoon,0,Hebbal,22.3,0.26
2026-09-22 00:00:00,Tuesday,0,0,,12,Afternoon,0,Electronic City,30.0,0.05
2026-09-22 00:00:00,Tuesday,0,0,,12,Afternoon,0,HSR Layout,22.9,0.27
2026-09-22 00:00:00,Tuesday,0,0,,13,Afternoon,0,MG Road / Central,19.8,0.31
2026-09-22 00:00:00,Tuesday,0,0,,13,Afternoon,0,Indiranagar,21.5,0.35
2026-09-22 00:00:00,Tuesday,0,0,,13,Afternoon,0,Whitefield,28.0,0.2
2026-09-22 00:00:00,Tuesday,0,0,,13,Afternoon,0,Koramangala,13.9,0.45
2026-09-22 00:00:00,Tuesday,0,0,,13,Afternoon,0,Jayanagar,21.7,0.23
2026-09-22 00:00:00,Tuesday,0,0,,13,Afternoon,0,Hebbal,31.7,0.05
2026-09-22 00:00:00,Tuesday,0,0,,13,Afternoon,0,Electronic City,21.0,0.33
2026-09-22 00:00:00,Tuesday,0,0,,13,Afternoon,0,HSR Layout,19.1,0.27
2026-09-22 00:00:00,Tuesday,0,0,,14,Afternoon,0,MG Road / Central,21.4,0.34
2026-09-22 00:00:00,Tuesday,0,0,,14,Afternoon,0,Indiranagar,16.7,0.27
2026-09-22 00:00:00,Tuesday,0,0,,14,Afternoon,0,Whitefield,23.0,0.22
2026-09-22 00:00:00,Tuesday,0,0,,14,Afternoon,0,Koramangala,19.0,0.42
2026-09-22 00:00:00,Tuesday,0,0,,14,Afternoon,0,Jayanagar,20.7,0.33
2026-09-22 00:00:00,Tuesday,0,0,,14,Afternoon,0,Hebbal,15.2,0.39
2026-09-22 00:00:00,Tuesday,0,0,,14,Afternoon,0,Electronic City,21.9,0.31
2026-09-22 00:00:00,Tuesday,0,0,,14,Afternoon,0,HSR Layout,24.0,0.1
2026-09-22 00:00:00,Tuesday,0,0,,15,Afternoon,0,MG Road / Central,19.4,0.31
2026-09-22 00:00:00,Tuesday,0,0,,15,Afternoon,0,Indiranagar,14.1,0.49
2026-09-22 00:00:00,Tuesday,0,0,,15,Afternoon,0,Whitefield,24.4,0.15
2026-09-22 00:00:00,Tuesday,0,0,,15,Afternoon,0,Koramangala,14.0,0.53
2026-09-22 00:00:00,Tuesday,0,0,,15,Afternoon,0,Jayanagar,22.9,0.23
2026-09-22 00:00:00,Tuesday,0,0,,15,Afternoon,0,Hebbal,16.4,0.41
2026-09-22 00:00:00,Tuesday,0,0,,15,Afternoon,0,Electronic City,18.2,0.41
2026-09-22 00:00:00,Tuesday,0,0,,15,Afternoon,0,HSR Layout,28.1,0.23
2026-09-22 00:00:00,Tuesday,0,0,,16,Afternoon,0,MG Road / Central,21.1,0.27
2026-09-22 00:00:00,Tuesday,0,0,,16,Afternoon,0,Indiranagar,24.3,0.25
2026-09-22 00:00:00,Tuesday,0,0,,16,Afternoon,0,Whitefield,19.8,0.45
2026-09-22 00:00:00,Tuesday,0,0,,16,Afternoon,0,Koramangala,13.2,0.55
2026-09-22 00:00:00,Tuesday,0,0,,16,Afternoon,0,Jayanagar,20.5,0.21
2026-09-22 00:00:00,Tuesday,0,0,,16,Afternoon,0,Hebbal,16.1,0.49
2026-09-22 00:00:00,Tuesday,0,0,,16,Afternoon,0,Electronic City,26.9,0.19
2026-09-22 00:00:00,Tuesday,0,0,,16,Afternoon,0,HSR Layout,26.8,0.13
2026-09-22 00:00:00,Tuesday,0,0,,17,Evening,1,MG Road / Central,10.9,0.68
2026-09-22 00:00:00,Tuesday,0,0,,17,Evening,1,Indiranagar,6.3,0.69
2026-09-22 00:00:00,Tuesday,0,0,,17,Evening,1,Whitefield,15.3,0.56
2026-09-22 00:00:00,Tuesday,0,0,,17,Evening,1,Koramangala,10.7,0.7
2026-09-22 00:00:00,Tuesday,0,0,,17,Evening,1,Jayanagar,17.2,0.42
2026-09-22 00:00:00,Tuesday,0,0,,17,Evening,1,Hebbal,17.2,0.48
2026-09-22 00:00:00,Tuesday,0,0,,17,Evening,1,Electronic City,14.8,0.55
2026-09-22 00:00:00,Tuesday,0,0,,17,Evening,1,HSR Layout,11.0,0.68
2026-09-22 00:00:00,Tuesday,0,0,,18,Evening,1,MG Road / Central,6.0,0.73
2026-09-22 00:00:00,Tuesday,0,0,,18,Evening,1,Indiranagar,7.9,0.7
2026-09-22 00:00:00,Tuesday,0,0,,18,Evening,1,Whitefield,14.0,0.51
2026-09-22 00:00:00,Tuesday,0,0,,18,Evening,1,Koramangala,8.6,0.58
2026-09-22 00:00:00,Tuesday,0,0,,18,Evening,1,Jayanagar,16.3,0.47
2026-09-22 00:00:00,Tuesday,0,0,,18,Evening,1,Hebbal,18.4,0.39
2026-09-22 00:00:00,Tuesday,0,0,,18,Evening,1,Electronic City,8.7,0.78
2026-09-22 00:00:00,Tuesday,0,0,,18,Evening,1,HSR Layout,8.4,0.75
2026-09-22 00:00:00,Tuesday,0,0,,19,Evening,1,MG Road / Central,5.0,0.84
2026-09-22 00:00:00,Tuesday,0,0,,19,Evening,1,Indiranagar,5.8,0.62
2026-09-22 00:00:00,Tuesday,0,0,,19,Evening,1,Whitefield,12.3,0.69
2026-09-22 00:00:00,Tuesday,0,0,,19,Evening,1,Koramangala,10.5,0.63
2026-09-22 00:00:00,Tuesday,0,0,,19,Evening,1,Jayanagar,17.0,0.46
2026-09-22 00:00:00,Tuesday,0,0,,19,Evening,1,Hebbal,6.0,0.68
2026-09-22 00:00:00,Tuesday,0,0,,19,Evening,1,Electronic City,11.5,0.6
2026-09-22 00:00:00,Tuesday,0,0,,19,Evening,1,HSR Layout,14.0,0.56
2026-09-22 00:00:00,Tuesday,0,0,,20,Evening,1,MG Road / Central,9.5,0.68
2026-09-22 00:00:00,Tuesday,0,0,,20,Evening,1,Indiranagar,11.7,0.67
2026-09-22 00:00:00,Tuesday,0,0,,20,Evening,1,Whitefield,12.4,0.6
2026-09-22 00:00:00,Tuesday,0,0,,20,Evening,1,Koramangala,12.8,0.55
2026-09-22 00:00:00,Tuesday,0,0,,20,Evening,1,Jayanagar,10.3,0.66
2026-09-22 00:00:00,Tuesday,0,0,,20,Evening,1,Hebbal,14.7,0.63
2026-09-22 00:00:00,Tuesday,0,0,,20,Evening,1,Electronic City,9.9,0.67
2026-09-22 00:00:00,Tuesday,0,0,,20,Evening,1,HSR Layout,10.2,0.49
2026-09-22 00:00:00,Tuesday,0,0,,21,Night,0,MG Road / Central,18.0,0.38
2026-09-22 00:00:00,Tuesday,0,0,,21,Night,0,Indiranagar,16.3,0.45
2026-09-22 00:00:00,Tuesday,0,0,,21,Night,0,Whitefield,20.1,0.21
2026-09-22 00:00:00,Tuesday,0,0,,21,Night,0,Koramangala,22.3,0.29
2026-09-22 00:00:00,Tuesday,0,0,,21,Night,0,Jayanagar,16.1,0.46
2026-09-22 00:00:00,Tuesday,0,0,,21,Night,0,Hebbal,23.2,0.29
2026-09-22 00:00:00,Tuesday,0,0,,21,Night,0,Electronic City,26.2,0.15
2026-09-22 00:00:00,Tuesday,0,0,,21,Night,0,HSR Layout,26.9,0.16
2026-09-23 00:00:00,Wednesday,0,0,,6,Morning,0,MG Road / Central,18.1,0.42
2026-09-23 00:00:00,Wednesday,0,0,,6,Morning,0,Indiranagar,22.2,0.31
2026-09-23 00:00:00,Wednesday,0,0,,6,Morning,0,Whitefield,13.0,0.5
2026-09-23 00:00:00,Wednesday,0,0,,6,Morning,0,Koramangala,19.7,0.36
2026-09-23 00:00:00,Wednesday,0,0,,6,Morning,0,Jayanagar,18.5,0.34
2026-09-23 00:00:00,Wednesday,0,0,,6,Morning,0,Hebbal,31.2,0.05
2026-09-23 00:00:00,Wednesday,0,0,,6,Morning,0,Electronic City,16.3,0.34
2026-09-23 00:00:00,Wednesday,0,0,,6,Morning,0,HSR Layout,27.8,0.18
2026-09-23 00:00:00,Wednesday,0,0,,7,Morning,0,MG Road / Central,14.7,0.57
2026-09-23 00:00:00,Wednesday,0,0,,7,Morning,0,Indiranagar,18.8,0.38
2026-09-23 00:00:00,Wednesday,0,0,,7,Morning,0,Whitefield,25.2,0.23
2026-09-23 00:00:00,Wednesday,0,0,,7,Morning,0,Koramangala,19.5,0.29
2026-09-23 00:00:00,Wednesday,0,0,,7,Morning,0,Jayanagar,18.8,0.37
2026-09-23 00:00:00,Wednesday,0,0,,7,Morning,0,Hebbal,16.2,0.42
2026-09-23 00:00:00,Wednesday,0,0,,7,Morning,0,Electronic City,20.9,0.24
2026-09-23 00:00:00,Wednesday,0,0,,7,Morning,0,HSR Layout,19.5,0.25
2026-09-23 00:00:00,Wednesday,0,0,,8,Morning,1,MG Road / Central,7.9,0.64
2026-09-23 00:00:00,Wednesday,0,0,,8,Morning,1,Indiranagar,7.9,0.78
2026-09-23 00:00:00,Wednesday,0,0,,8,Morning,1,Whitefield,22.4,0.34
2026-09-23 00:00:00,Wednesday,0,0,,8,Morning,1,Koramangala,5.0,0.98
2026-09-23 00:00:00,Wednesday,0,0,,8,Morning,1,Jayanagar,21.5,0.47
2026-09-23 00:00:00,Wednesday,0,0,,8,Morning,1,Hebbal,18.3,0.39
2026-09-23 00:00:00,Wednesday,0,0,,8,Morning,1,Electronic City,15.5,0.57
2026-09-23 00:00:00,Wednesday,0,0,,8,Morning,1,HSR Layout,11.2,0.59
2026-09-23 00:00:00,Wednesday,0,0,,9,Morning,1,MG Road / Central,11.7,0.59
2026-09-23 00:00:00,Wednesday,0,0,,9,Morning,1,Indiranagar,12.7,0.58
2026-09-23 00:00:00,Wednesday,0,0,,9,Morning,1,Whitefield,12.5,0.48
2026-09-23 00:00:00,Wednesday,0,0,,9,Morning,1,Koramangala,5.0,0.85
2026-09-23 00:00:00,Wednesday,0,0,,9,Morning,1,Jayanagar,17.7,0.4
2026-09-23 00:00:00,Wednesday,0,0,,9,Morning,1,Hebbal,9.8,0.56
2026-09-23 00:00:00,Wednesday,0,0,,9,Morning,1,Electronic City,10.2,0.59
2026-09-23 00:00:00,Wednesday,0,0,,9,Morning,1,HSR Layout,8.4,0.76
2026-09-23 00:00:00,Wednesday,0,0,,10,Morning,1,MG Road / Central,8.9,0.65
2026-09-23 00:00:00,Wednesday,0,0,,10,Morning,1,Indiranagar,10.6,0.69
2026-09-23 00:00:00,Wednesday,0,0,,10,Morning,1,Whitefield,13.2,0.55
2026-09-23 00:00:00,Wednesday,0,0,,10,Morning,1,Koramangala,7.6,0.71
2026-09-23 00:00:00,Wednesday,0,0,,10,Morning,1,Jayanagar,10.6,0.51
2026-09-23 00:00:00,Wednesday,0,0,,10,Morning,1,Hebbal,10.6,0.67
2026-09-23 00:00:00,Wednesday,0,0,,10,Morning,1,Electronic City,20.1,0.46
2026-09-23 00:00:00,Wednesday,0,0,,10,Morning,1,HSR Layout,11.1,0.56
2026-09-23 00:00:00,Wednesday,0,0,,11,Morning,1,MG Road / Central,15.7,0.5
2026-09-23 00:00:00,Wednesday,0,0,,11,Morning,1,Indiranagar,15.7,0.45
2026-09-23 00:00:00,Wednesday,0,0,,11,Morning,1,Whitefield,20.4,0.3
2026-09-23 00:00:00,Wednesday,0,0,,11,Morning,1,Koramangala,12.2,0.47
2026-09-23 00:00:00,Wednesday,0,0,,11,Morning,1,Jayanagar,27.5,0.2
2026-09-23 00:00:00,Wednesday,0,0,,11,Morning,1,Hebbal,24.1,0.16
2026-09-23 00:00:00,Wednesday,0,0,,11,Morning,1,Electronic City,21.7,0.2
2026-09-23 00:00:00,Wednesday,0,0,,11,Morning,1,HSR Layout,28.0,0.05
2026-09-23 00:00:00,Wednesday,0,0,,12,Afternoon,0,MG Road / Central,17.4,0.42
2026-09-23 00:00:00,Wednesday,0,0,,12,Afternoon,0,Indiranagar,18.6,0.38
2026-09-23 00:00:00,Wednesday,0,0,,12,Afternoon,0,Whitefield,18.4,0.37
2026-09-23 00:00:00,Wednesday,0,0,,12,Afternoon,0,Koramangala,19.5,0.33
2026-09-23 00:00:00,Wednesday,0,0,,12,Afternoon,0,Jayanagar,23.2,0.32
2026-09-23 00:00:00,Wednesday,0,0,,12,Afternoon,0,Hebbal,25.0,0.17
2026-09-23 00:00:00,Wednesday,0,0,,12,Afternoon,0,Electronic City,19.3,0.29
2026-09-23 00:00:00,Wednesday,0,0,,12,Afternoon,0,HSR Layout,19.5,0.25
2026-09-23 00:00:00,Wednesday,0,0,,13,Afternoon,0,MG Road / Central,25.1,0.19
2026-09-23 00:00:00,Wednesday,0,0,,13,Afternoon,0,Indiranagar,19.8,0.35
2026-09-23 00:00:00,Wednesday,0,0,,13,Afternoon,0,Whitefield,20.6,0.25
2026-09-23 00:00:00,Wednesday,0,0,,13,Afternoon,0,Koramangala,15.7,0.39
2026-09-23 00:00:00,Wednesday,0,0,,13,Afternoon,0,Jayanagar,14.8,0.42
2026-09-23 00:00:00,Wednesday,0,0,,13,Afternoon,0,Hebbal,21.1,0.23
2026-09-23 00:00:00,Wednesday,0,0,,13,Afternoon,0,Electronic City,19.8,0.32
2026-09-23 00:00:00,Wednesday,0,0,,13,Afternoon,0,HSR Layout,26.1,0.19
2026-09-23 00:00:00,Wednesday,0,0,,14,Afternoon,0,MG Road / Central,18.9,0.4
2026-09-23 00:00:00,Wednesday,0,0,,14,Afternoon,0,Indiranagar,18.7,0.28
2026-09-23 00:00:00,Wednesday,0,0,,14,Afternoon,0,Whitefield,21.5,0.26
2026-09-23 00:00:00,Wednesday,0,0,,14,Afternoon,0,Koramangala,15.6,0.48
2026-09-23 00:00:00,Wednesday,0,0,,14,Afternoon,0,Jayanagar,18.5,0.27
2026-09-23 00:00:00,Wednesday,0,0,,14,Afternoon,0,Hebbal,15.4,0.48
2026-09-23 00:00:00,Wednesday,0,0,,14,Afternoon,0,Electronic City,18.3,0.33
2026-09-23 00:00:00,Wednesday,0,0,,14,Afternoon,0,HSR Layout,18.8,0.29
2026-09-23 00:00:00,Wednesday,0,0,,15,Afternoon,0,MG Road / Central,15.7,0.45
2026-09-23 00:00:00,Wednesday,0,0,,15,Afternoon,0,Indiranagar,19.3,0.4
2026-09-23 00:00:00,Wednesday,0,0,,15,Afternoon,0,Whitefield,25.6,0.1
2026-09-23 00:00:00,Wednesday,0,0,,15,Afternoon,0,Koramangala,20.6,0.45
2026-09-23 00:00:00,Wednesday,0,0,,15,Afternoon,0,Jayanagar,24.2,0.23
2026-09-23 00:00:00,Wednesday,0,0,,15,Afternoon,0,Hebbal,26.8,0.24
2026-09-23 00:00:00,Wednesday,0,0,,15,Afternoon,0,Electronic City,28.7,0.05
2026-09-23 00:00:00,Wednesday,0,0,,15,Afternoon,0,HSR Layout,23.3,0.05
2026-09-23 00:00:00,Wednesday,0,0,,16,Afternoon,0,MG Road / Central,17.2,0.44
2026-09-23 00:00:00,Wednesday,0,0,,16,Afternoon,0,Indiranagar,18.8,0.37
2026-09-23 00:00:00,Wednesday,0,0,,16,Afternoon,0,Whitefield,10.8,0.62
2026-09-23 00:00:00,Wednesday,0,0,,16,Afternoon,0,Koramangala,14.9,0.46
2026-09-23 00:00:00,Wednesday,0,0,,16,Afternoon,0,Jayanagar,21.0,0.29
2026-09-23 00:00:00,Wednesday,0,0,,16,Afternoon,0,Hebbal,27.6,0.2
2026-09-23 00:00:00,Wednesday,0,0,,16,Afternoon,0,Electronic City,18.5,0.39
2026-09-23 00:00:00,Wednesday,0,0,,16,Afternoon,0,HSR Layout,27.8,0.05
2026-09-23 00:00:00,Wednesday,0,0,,17,Evening,1,MG Road / Central,5.0,0.98
2026-09-23 00:00:00,Wednesday,0,0,,17,Evening,1,Indiranagar,7.9,0.83
2026-09-23 00:00:00,Wednesday,0,0,,17,Evening,1,Whitefield,11.0,0.58
2026-09-23 00:00:00,Wednesday,0,0,,17,Evening,1,Koramangala,19.1,0.41
2026-09-23 00:00:00,Wednesday,0,0,,17,Evening,1,Jayanagar,16.8,0.45
2026-09-23 00:00:00,Wednesday,0,0,,17,Evening,1,Hebbal,17.5,0.4
2026-09-23 00:00:00,Wednesday,0,0,,17,Evening,1,Electronic City,13.9,0.55
2026-09-23 00:00:00,Wednesday,0,0,,17,Evening,1,HSR Layout,19.9,0.42
2026-09-23 00:00:00,Wednesday,0,0,,18,Evening,1,MG Road / Central,7.8,0.63
2026-09-23 00:00:00,Wednesday,0,0,,18,Evening,1,Indiranagar,9.5,0.69
2026-09-23 00:00:00,Wednesday,0,0,,18,Evening,1,Whitefield,15.6,0.57
2026-09-23 00:00:00,Wednesday,0,0,,18,Evening,1,Koramangala,9.6,0.67
2026-09-23 00:00:00,Wednesday,0,0,,18,Evening,1,Jayanagar,19.1,0.42
2026-09-23 00:00:00,Wednesday,0,0,,18,Evening,1,Hebbal,12.0,0.57
2026-09-23 00:00:00,Wednesday,0,0,,18,Evening,1,Electronic City,23.2,0.32
2026-09-23 00:00:00,Wednesday,0,0,,18,Evening,1,HSR Layout,16.7,0.4
2026-09-23 00:00:00,Wednesday,0,0,,19,Evening,1,MG Road / Central,5.3,0.74
2026-09-23 00:00:00,Wednesday,0,0,,19,Evening,1,Indiranagar,10.1,0.52
2026-09-23 00:00:00,Wednesday,0,0,,19,Evening,1,Whitefield,9.8,0.64
2026-09-23 00:00:00,Wednesday,0,0,,19,Evening,1,Koramangala,5.0,0.98
2026-09-23 00:00:00,Wednesday,0,0,,19,Evening,1,Jayanagar,15.7,0.44
2026-09-23 00:00:00,Wednesday,0,0,,19,Evening,1,Hebbal,11.7,0.58
2026-09-23 00:00:00,Wednesday,0,0,,19,Evening,1,Electronic City,9.3,0.62
2026-09-23 00:00:00,Wednesday,0,0,,19,Evening,1,HSR Layout,14.9,0.38
2026-09-23 00:00:00,Wednesday,0,0,,20,Evening,1,MG Road / Central,16.0,0.43
2026-09-23 00:00:00,Wednesday,0,0,,20,Evening,1,Indiranagar,8.8,0.66
2026-09-23 00:00:00,Wednesday,0,0,,20,Evening,1,Whitefield,11.5,0.7
2026-09-23 00:00:00,Wednesday,0,0,,20,Evening,1,Koramangala,6.6,0.66
2026-09-23 00:00:00,Wednesday,0,0,,20,Evening,1,Jayanagar,14.3,0.48
2026-09-23 00:00:00,Wednesday,0,0,,20,Evening,1,Hebbal,14.5,0.47
2026-09-23 00:00:00,Wednesday,0,0,,20,Evening,1,Electronic City,15.1,0.47
2026-09-23 00:00:00,Wednesday,0,0,,20,Evening,1,HSR Layout,16.2,0.47
2026-09-23 00:00:00,Wednesday,0,0,,21,Night,0,MG Road / Central,14.9,0.44
2026-09-23 00:00:00,Wednesday,0,0,,21,Night,0,Indiranagar,11.5,0.55
2026-09-23 00:00:00,Wednesday,0,0,,21,Night,0,Whitefield,29.1,0.06
2026-09-23 00:00:00,Wednesday,0,0,,21,Night,0,Koramangala,21.6,0.3
2026-09-23 00:00:00,Wednesday,0,0,,21,Night,0,Jayanagar,31.3,0.05
2026-09-23 00:00:00,Wednesday,0,0,,21,Night,0,Hebbal,17.1,0.33
2026-09-23 00:00:00,Wednesday,0,0,,21,Night,0,Electronic City,31.2,0.07
2026-09-23 00:00:00,Wednesday,0,0,,21,Night,0,HSR Layout,23.5,0.16
2026-09-24 00:00:00,Thursday,0,0,,6,Morning,0,MG Road / Central,25.5,0.13
2026-09-24 00:00:00,Thursday,0,0,,6,Morning,0,Indiranagar,20.3,0.37
2026-09-24 00:00:00,Thursday,0,0,,6,Morning,0,Whitefield,24.5,0.08
2026-09-24 00:00:00,Thursday,0,0,,6,Morning,0,Koramangala,18.4,0.45
2026-09-24 00:00:00,Thursday,0,0,,6,Morning,0,Jayanagar,30.3,0.06
2026-09-24 00:00:00,Thursday,0,0,,6,Morning,0,Hebbal,24.5,0.25
2026-09-24 00:00:00,Thursday,0,0,,6,Morning,0,Electronic City,17.7,0.24
2026-09-24 00:00:00,Thursday,0,0,,6,Morning,0,HSR Layout,25.2,0.23
2026-09-24 00:00:00,Thursday,0,0,,7,Morning,0,MG Road / Central,20.4,0.29
2026-09-24 00:00:00,Thursday,0,0,,7,Morning,0,Indiranagar,12.8,0.38
2026-09-24 00:00:00,Thursday,0,0,,7,Morning,0,Whitefield,14.7,0.45
2026-09-24 00:00:00,Thursday,0,0,,7,Morning,0,Koramangala,16.0,0.46
2026-09-24 00:00:00,Thursday,0,0,,7,Morning,0,Jayanagar,18.8,0.4
2026-09-24 00:00:00,Thursday,0,0,,7,Morning,0,Hebbal,21.6,0.22
2026-09-24 00:00:00,Thursday,0,0,,7,Morning,0,Electronic City,15.9,0.35
2026-09-24 00:00:00,Thursday,0,0,,7,Morning,0,HSR Layout,18.0,0.33
2026-09-24 00:00:00,Thursday,0,0,,8,Morning,1,MG Road / Central,5.0,0.85
2026-09-24 00:00:00,Thursday,0,0,,8,Morning,1,Indiranagar,6.8,0.78
2026-09-24 00:00:00,Thursday,0,0,,8,Morning,1,Whitefield,18.1,0.34
2026-09-24 00:00:00,Thursday,0,0,,8,Morning,1,Koramangala,6.9,0.78
2026-09-24 00:00:00,Thursday,0,0,,8,Morning,1,Jayanagar,10.1,0.69
2026-09-24 00:00:00,Thursday,0,0,,8,Morning,1,Hebbal,15.4,0.43
2026-09-24 00:00:00,Thursday,0,0,,8,Morning,1,Electronic City,8.5,0.56
2026-09-24 00:00:00,Thursday,0,0,,8,Morning,1,HSR Layout,8.4,0.75
2026-09-24 00:00:00,Thursday,0,0,,9,Morning,1,MG Road / Central,5.0,0.85
2026-09-24 00:00:00,Thursday,0,0,,9,Morning,1,Indiranagar,9.0,0.85
2026-09-24 00:00:00,Thursday,0,0,,9,Morning,1,Whitefield,19.8,0.39
2026-09-24 00:00:00,Thursday,0,0,,9,Morning,1,Koramangala,5.9,0.7
2026-09-24 00:00:00,Thursday,0,0,,9,Morning,1,Jayanagar,13.4,0.61
2026-09-24 00:00:00,Thursday,0,0,,9,Morning,1,Hebbal,18.0,0.48
2026-09-24 00:00:00,Thursday,0,0,,9,Morning,1,Electronic City,16.5,0.35
2026-09-24 00:00:00,Thursday,0,0,,9,Morning,1,HSR Layout,13.1,0.57
2026-09-24 00:00:00,Thursday,0,0,,10,Morning,1,MG Road / Central,13.2,0.61
2026-09-24 00:00:00,Thursday,0,0,,10,Morning,1,Indiranagar,8.8,0.76
2026-09-24 00:00:00,Thursday,0,0,,10,Morning,1,Whitefield,15.1,0.54
2026-09-24 00:00:00,Thursday,0,0,,10,Morning,1,Koramangala,14.7,0.65
2026-09-24 00:00:00,Thursday,0,0,,10,Morning,1,Jayanagar,20.6,0.45
2026-09-24 00:00:00,Thursday,0,0,,10,Morning,1,Hebbal,10.6,0.55
2026-09-24 00:00:00,Thursday,0,0,,10,Morning,1,Electronic City,8.8,0.71
2026-09-24 00:00:00,Thursday,0,0,,10,Morning,1,HSR Layout,12.9,0.65
2026-09-24 00:00:00,Thursday,0,0,,11,Morning,1,MG Road / Central,15.6,0.44
2026-09-24 00:00:00,Thursday,0,0,,11,Morning,1,Indiranagar,14.5,0.52
2026-09-24 00:00:00,Thursday,0,0,,11,Morning,1,Whitefield,15.7,0.33
2026-09-24 00:00:00,Thursday,0,0,,11,Morning,1,Koramangala,15.1,0.45
2026-09-24 00:00:00,Thursday,0,0,,11,Morning,1,Jayanagar,17.8,0.45
2026-09-24 00:00:00,Thursday,0,0,,11,Morning,1,Hebbal,22.6,0.28
2026-09-24 00:00:00,Thursday,0,0,,11,Morning,1,Electronic City,29.3,0.13
2026-09-24 00:00:00,Thursday,0,0,,11,Morning,1,HSR Layout,16.1,0.49
2026-09-24 00:00:00,Thursday,0,0,,12,Afternoon,0,MG Road / Central,11.1,0.59
2026-09-24 00:00:00,Thursday,0,0,,12,Afternoon,0,Indiranagar,21.0,0.3
2026-09-24 00:00:00,Thursday,0,0,,12,Afternoon,0,Whitefield,20.1,0.3
2026-09-24 00:00:00,Thursday,0,0,,12,Afternoon,0,Koramangala,16.7,0.46
2026-09-24 00:00:00,Thursday,0,0,,12,Afternoon,0,Jayanagar,27.1,0.13
2026-09-24 00:00:00,Thursday,0,0,,12,Afternoon,0,Hebbal,19.7,0.35
2026-09-24 00:00:00,Thursday,0,0,,12,Afternoon,0,Electronic City,15.9,0.39
2026-09-24 00:00:00,Thursday,0,0,,12,Afternoon,0,HSR Layout,18.5,0.31
2026-09-24 00:00:00,Thursday,0,0,,13,Afternoon,0,MG Road / Central,20.7,0.27
2026-09-24 00:00:00,Thursday,0,0,,13,Afternoon,0,Indiranagar,20.3,0.29
2026-09-24 00:00:00,Thursday,0,0,,13,Afternoon,0,Whitefield,24.9,0.22
2026-09-24 00:00:00,Thursday,0,0,,13,Afternoon,0,Koramangala,16.0,0.36
2026-09-24 00:00:00,Thursday,0,0,,13,Afternoon,0,Jayanagar,16.7,0.39
2026-09-24 00:00:00,Thursday,0,0,,13,Afternoon,0,Hebbal,23.6,0.24
2026-09-24 00:00:00,Thursday,0,0,,13,Afternoon,0,Electronic City,24.0,0.27
2026-09-24 00:00:00,Thursday,0,0,,13,Afternoon,0,HSR Layout,19.1,0.31
2026-09-24 00:00:00,Thursday,0,0,,14,Afternoon,0,MG Road / Central,10.5,0.66
2026-09-24 00:00:00,Thursday,0,0,,14,Afternoon,0,Indiranagar,20.5,0.38
2026-09-24 00:00:00,Thursday,0,0,,14,Afternoon,0,Whitefield,22.4,0.28
2026-09-24 00:00:00,Thursday,0,0,,14,Afternoon,0,Koramangala,8.5,0.7
2026-09-24 00:00:00,Thursday,0,0,,14,Afternoon,0,Jayanagar,23.9,0.21
2026-09-24 00:00:00,Thursday,0,0,,14,Afternoon,0,Hebbal,15.6,0.38
2026-09-24 00:00:00,Thursday,0,0,,14,Afternoon,0,Electronic City,27.3,0.05
2026-09-24 00:00:00,Thursday,0,0,,14,Afternoon,0,HSR Layout,27.5,0.05
2026-09-24 00:00:00,Thursday,0,0,,15,Afternoon,0,MG Road / Central,14.4,0.46
2026-09-24 00:00:00,Thursday,0,0,,15,Afternoon,0,Indiranagar,23.3,0.23
2026-09-24 00:00:00,Thursday,0,0,,15,Afternoon,0,Whitefield,16.0,0.35
2026-09-24 00:00:00,Thursday,0,0,,15,Afternoon,0,Koramangala,16.7,0.5
2026-09-24 00:00:00,Thursday,0,0,,15,Afternoon,0,Jayanagar,21.5,0.36
2026-09-24 00:00:00,Thursday,0,0,,15,Afternoon,0,Hebbal,13.9,0.51
2026-09-24 00:00:00,Thursday,0,0,,15,Afternoon,0,Electronic City,21.3,0.26
2026-09-24 00:00:00,Thursday,0,0,,15,Afternoon,0,HSR Layout,25.6,0.25
2026-09-24 00:00:00,Thursday,0,0,,16,Afternoon,0,MG Road / Central,21.1,0.24
2026-09-24 00:00:00,Thursday,0,0,,16,Afternoon,0,Indiranagar,15.1,0.57
2026-09-24 00:00:00,Thursday,0,0,,16,Afternoon,0,Whitefield,25.5,0.21
2026-09-24 00:00:00,Thursday,0,0,,16,Afternoon,0,Koramangala,19.8,0.44
2026-09-24 00:00:00,Thursday,0,0,,16,Afternoon,0,Jayanagar,24.3,0.26
2026-09-24 00:00:00,Thursday,0,0,,16,Afternoon,0,Hebbal,14.2,0.57
2026-09-24 00:00:00,Thursday,0,0,,16,Afternoon,0,Electronic City,23.8,0.26
2026-09-24 00:00:00,Thursday,0,0,,16,Afternoon,0,HSR Layout,28.6,0.21
2026-09-24 00:00:00,Thursday,0,0,,17,Evening,1,MG Road / Central,7.8,0.72
2026-09-24 00:00:00,Thursday,0,0,,17,Evening,1,Indiranagar,14.2,0.6
2026-09-24 00:00:00,Thursday,0,0,,17,Evening,1,Whitefield,9.4,0.65
2026-09-24 00:00:00,Thursday,0,0,,17,Evening,1,Koramangala,5.0,0.77
2026-09-24 00:00:00,Thursday,0,0,,17,Evening,1,Jayanagar,13.7,0.57
2026-09-24 00:00:00,Thursday,0,0,,17,Evening,1,Hebbal,5.8,0.75
2026-09-24 00:00:00,Thursday,0,0,,17,Evening,1,Electronic City,16.3,0.4
2026-09-24 00:00:00,Thursday,0,0,,17,Evening,1,HSR Layout,21.0,0.39
2026-09-24 00:00:00,Thursday,0,0,,18,Evening,1,MG Road / Central,5.0,0.89
2026-09-24 00:00:00,Thursday,0,0,,18,Evening,1,Indiranagar,5.0,0.85
2026-09-24 00:00:00,Thursday,0,0,,18,Evening,1,Whitefield,13.2,0.54
2026-09-24 00:00:00,Thursday,0,0,,18,Evening,1,Koramangala,7.0,0.66
2026-09-24 00:00:00,Thursday,0,0,,18,Evening,1,Jayanagar,12.5,0.58
2026-09-24 00:00:00,Thursday,0,0,,18,Evening,1,Hebbal,11.0,0.64
2026-09-24 00:00:00,Thursday,0,0,,18,Evening,1,Electronic City,12.3,0.53
2026-09-24 00:00:00,Thursday,0,0,,18,Evening,1,HSR Layout,14.7,0.56
2026-09-24 00:00:00,Thursday,0,0,,19,Evening,1,MG Road / Central,13.3,0.56
2026-09-24 00:00:00,Thursday,0,0,,19,Evening,1,Indiranagar,6.7,0.73
2026-09-24 00:00:00,Thursday,0,0,,19,Evening,1,Whitefield,16.1,0.48
2026-09-24 00:00:00,Thursday,0,0,,19,Evening,1,Koramangala,13.8,0.56
2026-09-24 00:00:00,Thursday,0,0,,19,Evening,1,Jayanagar,18.8,0.44
2026-09-24 00:00:00,Thursday,0,0,,19,Evening,1,Hebbal,5.0,0.83
2026-09-24 00:00:00,Thursday,0,0,,19,Evening,1,Electronic City,10.1,0.61
2026-09-24 00:00:00,Thursday,0,0,,19,Evening,1,HSR Layout,7.2,0.67
2026-09-24 00:00:00,Thursday,0,0,,20,Evening,1,MG Road / Central,5.5,0.76
2026-09-24 00:00:00,Thursday,0,0,,20,Evening,1,Indiranagar,7.7,0.68
2026-09-24 00:00:00,Thursday,0,0,,20,Evening,1,Whitefield,8.9,0.65
2026-09-24 00:00:00,Thursday,0,0,,20,Evening,1,Koramangala,6.3,0.77
2026-09-24 00:00:00,Thursday,0,0,,20,Evening,1,Jayanagar,14.2,0.54
2026-09-24 00:00:00,Thursday,0,0,,20,Evening,1,Hebbal,16.7,0.46
2026-09-24 00:00:00,Thursday,0,0,,20,Evening,1,Electronic City,6.4,0.73
2026-09-24 00:00:00,Thursday,0,0,,20,Evening,1,HSR Layout,12.3,0.69
2026-09-24 00:00:00,Thursday,0,0,,21,Night,0,MG Road / Central,18.0,0.3
2026-09-24 00:00:00,Thursday,0,0,,21,Night,0,Indiranagar,15.8,0.44
2026-09-24 00:00:00,Thursday,0,0,,21,Night,0,Whitefield,15.8,0.47
2026-09-24 00:00:00,Thursday,0,0,,21,Night,0,Koramangala,18.6,0.3
2026-09-24 00:00:00,Thursday,0,0,,21,Night,0,Jayanagar,17.4,0.38
2026-09-24 00:00:00,Thursday,0,0,,21,Night,0,Hebbal,24.3,0.26
2026-09-24 00:00:00,Thursday,0,0,,21,Night,0,Electronic City,24.2,0.19
2026-09-24 00:00:00,Thursday,0,0,,21,Night,0,HSR Layout,23.9,0.25
2026-09-25 00:00:00,Friday,0,0,,6,Morning,0,MG Road / Central,15.4,0.47
2026-09-25 00:00:00,Friday,0,0,,6,Morning,0,Indiranagar,17.0,0.41
2026-09-25 00:00:00,Friday,0,0,,6,Morning,0,Whitefield,28.3,0.07
2026-09-25 00:00:00,Friday,0,0,,6,Morning,0,Koramangala,9.4,0.63
2026-09-25 00:00:00,Friday,0,0,,6,Morning,0,Jayanagar,23.5,0.16
2026-09-25 00:00:00,Friday,0,0,,6,Morning,0,Hebbal,20.8,0.34
2026-09-25 00:00:00,Friday,0,0,,6,Morning,0,Electronic City,21.2,0.23
2026-09-25 00:00:00,Friday,0,0,,6,Morning,0,HSR Layout,19.0,0.26
2026-09-25 00:00:00,Friday,0,0,,7,Morning,0,MG Road / Central,19.2,0.42
2026-09-25 00:00:00,Friday,0,0,,7,Morning,0,Indiranagar,19.4,0.25
2026-09-25 00:00:00,Friday,0,0,,7,Morning,0,Whitefield,15.6,0.44
2026-09-25 00:00:00,Friday,0,0,,7,Morning,0,Koramangala,13.6,0.54
2026-09-25 00:00:00,Friday,0,0,,7,Morning,0,Jayanagar,24.0,0.23
2026-09-25 00:00:00,Friday,0,0,,7,Morning,0,Hebbal,25.9,0.14
2026-09-25 00:00:00,Friday,0,0,,7,Morning,0,Electronic City,21.2,0.2
2026-09-25 00:00:00,Friday,0,0,,7,Morning,0,HSR Layout,20.8,0.29
2026-09-25 00:00:00,Friday,0,0,,8,Morning,1,MG Road / Central,7.1,0.68
2026-09-25 00:00:00,Friday,0,0,,8,Morning,1,Indiranagar,5.0,0.89
2026-09-25 00:00:00,Friday,0,0,,8,Morning,1,Whitefield,9.4,0.67
2026-09-25 00:00:00,Friday,0,0,,8,Morning,1,Koramangala,19.1,0.49
2026-09-25 00:00:00,Friday,0,0,,8,Morning,1,Jayanagar,12.2,0.54
2026-09-25 00:00:00,Friday,0,0,,8,Morning,1,Hebbal,14.3,0.6
2026-09-25 00:00:00,Friday,0,0,,8,Morning,1,Electronic City,16.1,0.55
2026-09-25 00:00:00,Friday,0,0,,8,Morning,1,HSR Layout,7.4,0.68
2026-09-25 00:00:00,Friday,0,0,,9,Morning,1,MG Road / Central,13.3,0.62
2026-09-25 00:00:00,Friday,0,0,,9,Morning,1,Indiranagar,18.5,0.37
2026-09-25 00:00:00,Friday,0,0,,9,Morning,1,Whitefield,17.7,0.38
2026-09-25 00:00:00,Friday,0,0,,9,Morning,1,Koramangala,9.4,0.66
2026-09-25 00:00:00,Friday,0,0,,9,Morning,1,Jayanagar,13.3,0.48
2026-09-25 00:00:00,Friday,0,0,,9,Morning,1,Hebbal,9.0,0.83
2026-09-25 00:00:00,Friday,0,0,,9,Morning,1,Electronic City,20.8,0.41
2026-09-25 00:00:00,Friday,0,0,,9,Morning,1,HSR Layout,15.2,0.5
2026-09-25 00:00:00,Friday,0,0,,10,Morning,1,MG Road / Central,7.9,0.69
2026-09-25 00:00:00,Friday,0,0,,10,Morning,1,Indiranagar,5.7,0.82
2026-09-25 00:00:00,Friday,0,0,,10,Morning,1,Whitefield,12.6,0.49
2026-09-25 00:00:00,Friday,0,0,,10,Morning,1,Koramangala,8.9,0.59
2026-09-25 00:00:00,Friday,0,0,,10,Morning,1,Jayanagar,11.1,0.55
2026-09-25 00:00:00,Friday,0,0,,10,Morning,1,Hebbal,17.2,0.52
2026-09-25 00:00:00,Friday,0,0,,10,Morning,1,Electronic City,9.1,0.69
2026-09-25 00:00:00,Friday,0,0,,10,Morning,1,HSR Layout,17.6,0.54
2026-09-25 00:00:00,Friday,0,0,,11,Morning,1,MG Road / Central,15.5,0.46
2026-09-25 00:00:00,Friday,0,0,,11,Morning,1,Indiranagar,23.9,0.23
2026-09-25 00:00:00,Friday,0,0,,11,Morning,1,Whitefield,18.3,0.35
2026-09-25 00:00:00,Friday,0,0,,11,Morning,1,Koramangala,16.2,0.43
2026-09-25 00:00:00,Friday,0,0,,11,Morning,1,Jayanagar,18.2,0.23
2026-09-25 00:00:00,Friday,0,0,,11,Morning,1,Hebbal,25.2,0.22
2026-09-25 00:00:00,Friday,0,0,,11,Morning,1,Electronic City,24.9,0.17
2026-09-25 00:00:00,Friday,0,0,,11,Morning,1,HSR Layout,25.9,0.16
2026-09-25 00:00:00,Friday,0,0,,12,Afternoon,0,MG Road / Central,16.9,0.37
2026-09-25 00:00:00,Friday,0,0,,12,Afternoon,0,Indiranagar,15.1,0.56
2026-09-25 00:00:00,Friday,0,0,,12,Afternoon,0,Whitefield,25.7,0.18
2026-09-25 00:00:00,Friday,0,0,,12,Afternoon,0,Koramangala,17.3,0.46
2026-09-25 00:00:00,Friday,0,0,,12,Afternoon,0,Jayanagar,30.5,0.05
2026-09-25 00:00:00,Friday,0,0,,12,Afternoon,0,Hebbal,23.8,0.18
2026-09-25 00:00:00,Friday,0,0,,12,Afternoon,0,Electronic City,13.6,0.57
2026-09-25 00:00:00,Friday,0,0,,12,Afternoon,0,HSR Layout,19.5,0.2
2026-09-25 00:00:00,Friday,0,0,,13,Afternoon,0,MG Road / Central,10.3,0.57
2026-09-25 00:00:00,Friday,0,0,,13,Afternoon,0,Indiranagar,20.9,0.28
2026-09-25 00:00:00,Friday,0,0,,13,Afternoon,0,Whitefield,18.9,0.42
2026-09-25 00:00:00,Friday,0,0,,13,Afternoon,0,Koramangala,19.2,0.38
2026-09-25 00:00:00,Friday,0,0,,13,Afternoon,0,Jayanagar,24.9,0.18
2026-09-25 00:00:00,Friday,0,0,,13,Afternoon,0,Hebbal,24.2,0.26
2026-09-25 00:00:00,Friday,0,0,,13,Afternoon,0,Electronic City,20.0,0.37
2026-09-25 00:00:00,Friday,0,0,,13,Afternoon,0,HSR Layout,25.3,0.21
2026-09-25 00:00:00,Friday,0,0,,14,Afternoon,0,MG Road / Central,16.2,0.39
2026-09-25 00:00:00,Friday,0,0,,14,Afternoon,0,Indiranagar,19.6,0.35
2026-09-25 00:00:00,Friday,0,0,,14,Afternoon,0,Whitefield,18.9,0.36
2026-09-25 00:00:00,Friday,0,0,,14,Afternoon,0,Koramangala,22.5,0.25
2026-09-25 00:00:00,Friday,0,0,,14,Afternoon,0,Jayanagar,22.5,0.26
2026-09-25 00:00:00,Friday,0,0,,14,Afternoon,0,Hebbal,21.2,0.36
2026-09-25 00:00:00,Friday,0,0,,14,Afternoon,0,Electronic City,23.4,0.18
2026-09-25 00:00:00,Friday,0,0,,14,Afternoon,0,HSR Layout,27.6,0.13
2026-09-25 00:00:00,Friday,0,0,,15,Afternoon,0,MG Road / Central,12.2,0.57
2026-09-25 00:00:00,Friday,0,0,,15,Afternoon,0,Indiranagar,21.8,0.37
2026-09-25 00:00:00,Friday,0,0,,15,Afternoon,0,Whitefield,21.6,0.31
2026-09-25 00:00:00,Friday,0,0,,15,Afternoon,0,Koramangala,23.6,0.26
2026-09-25 00:00:00,Friday,0,0,,15,Afternoon,0,Jayanagar,23.6,0.14
2026-09-25 00:00:00,Friday,0,0,,15,Afternoon,0,Hebbal,22.6,0.21
2026-09-25 00:00:00,Friday,0,0,,15,Afternoon,0,Electronic City,20.4,0.22
2026-09-25 00:00:00,Friday,0,0,,15,Afternoon,0,HSR Layout,21.3,0.37
2026-09-25 00:00:00,Friday,0,0,,16,Afternoon,0,MG Road / Central,27.0,0.17
2026-09-25 00:00:00,Friday,0,0,,16,Afternoon,0,Indiranagar,22.6,0.3
2026-09-25 00:00:00,Friday,0,0,,16,Afternoon,0,Whitefield,22.8,0.24
2026-09-25 00:00:00,Friday,0,0,,16,Afternoon,0,Koramangala,21.1,0.38
2026-09-25 00:00:00,Friday,0,0,,16,Afternoon,0,Jayanagar,28.2,0.1
2026-09-25 00:00:00,Friday,0,0,,16,Afternoon,0,Hebbal,20.0,0.38
2026-09-25 00:00:00,Friday,0,0,,16,Afternoon,0,Electronic City,13.1,0.53
2026-09-25 00:00:00,Friday,0,0,,16,Afternoon,0,HSR Layout,18.8,0.36
2026-09-25 00:00:00,Friday,0,0,,17,Evening,1,MG Road / Central,5.0,0.85
2026-09-25 00:00:00,Friday,0,0,,17,Evening,1,Indiranagar,13.0,0.65
2026-09-25 00:00:00,Friday,0,0,,17,Evening,1,Whitefield,12.4,0.49
2026-09-25 00:00:00,Friday,0,0,,17,Evening,1,Koramangala,12.1,0.64
2026-09-25 00:00:00,Friday,0,0,,17,Evening,1,Jayanagar,8.7,0.72
2026-09-25 00:00:00,Friday,0,0,,17,Evening,1,Hebbal,6.0,0.71
2026-09-25 00:00:00,Friday,0,0,,17,Evening,1,Electronic City,14.5,0.5
2026-09-25 00:00:00,Friday,0,0,,17,Evening,1,HSR Layout,14.1,0.54
2026-09-25 00:00:00,Friday,0,0,,18,Evening,1,MG Road / Central,5.6,0.78
2026-09-25 00:00:00,Friday,0,0,,18,Evening,1,Indiranagar,8.4,0.72
2026-09-25 00:00:00,Friday,0,0,,18,Evening,1,Whitefield,16.6,0.44
2026-09-25 00:00:00,Friday,0,0,,18,Evening,1,Koramangala,9.2,0.68
2026-09-25 00:00:00,Friday,0,0,,18,Evening,1,Jayanagar,13.5,0.55
2026-09-25 00:00:00,Friday,0,0,,18,Evening,1,Hebbal,17.6,0.5
2026-09-25 00:00:00,Friday,0,0,,18,Evening,1,Electronic City,16.3,0.41
2026-09-25 00:00:00,Friday,0,0,,18,Evening,1,HSR Layout,5.0,0.88
2026-09-25 00:00:00,Friday,0,0,,19,Evening,1,MG Road / Central,15.3,0.54
2026-09-25 00:00:00,Friday,0,0,,19,Evening,1,Indiranagar,16.0,0.45
2026-09-25 00:00:00,Friday,0,0,,19,Evening,1,Whitefield,5.0,0.81
2026-09-25 00:00:00,Friday,0,0,,19,Evening,1,Koramangala,13.1,0.46
2026-09-25 00:00:00,Friday,0,0,,19,Evening,1,Jayanagar,12.5,0.66
2026-09-25 00:00:00,Friday,0,0,,19,Evening,1,Hebbal,16.7,0.49
2026-09-25 00:00:00,Friday,0,0,,19,Evening,1,Electronic City,12.1,0.72
2026-09-25 00:00:00,Friday,0,0,,19,Evening,1,HSR Layout,9.8,0.52
2026-09-25 00:00:00,Friday,0,0,,20,Evening,1,MG Road / Central,11.1,0.6
2026-09-25 00:00:00,Friday,0,0,,20,Evening,1,Indiranagar,9.6,0.67
2026-09-25 00:00:00,Friday,0,0,,20,Evening,1,Whitefield,12.0,0.68
2026-09-25 00:00:00,Friday,0,0,,20,Evening,1,Koramangala,11.8,0.68
2026-09-25 00:00:00,Friday,0,0,,20,Evening,1,Jayanagar,12.3,0.59
2026-09-25 00:00:00,Friday,0,0,,20,Evening,1,Hebbal,10.4,0.66
2026-09-25 00:00:00,Friday,0,0,,20,Evening,1,Electronic City,5.0,0.8
2026-09-25 00:00:00,Friday,0,0,,20,Evening,1,HSR Layout,15.1,0.49
2026-09-25 00:00:00,Friday,0,0,,21,Night,0,MG Road / Central,19.0,0.45
2026-09-25 00:00:00,Friday,0,0,,21,Night,0,Indiranagar,15.2,0.4
2026-09-25 00:00:00,Friday,0,0,,21,Night,0,Whitefield,21.0,0.35
2026-09-25 00:00:00,Friday,0,0,,21,Night,0,Koramangala,25.0,0.17
2026-09-25 00:00:00,Friday,0,0,,21,Night,0,Jayanagar,26.9,0.06
2026-09-25 00:00:00,Friday,0,0,,21,Night,0,Hebbal,27.4,0.14
2026-09-25 00:00:00,Friday,0,0,,21,Night,0,Electronic City,19.5,0.26
2026-09-25 00:00:00,Friday,0,0,,21,Night,0,HSR Layout,16.5,0.36
2026-09-26 00:00:00,Saturday,1,0,,6,Morning,0,MG Road / Central,15.2,0.44
2026-09-26 00:00:00,Saturday,1,0,,6,Morning,0,Indiranagar,20.3,0.36
2026-09-26 00:00:00,Saturday,1,0,,6,Morning,0,Whitefield,23.3,0.31
2026-09-26 00:00:00,Saturday,1,0,,6,Morning,0,Koramangala,18.9,0.39
2026-09-26 00:00:00,Saturday,1,0,,6,Morning,0,Jayanagar,24.4,0.2
2026-09-26 00:00:00,Saturday,1,0,,6,Morning,0,Hebbal,20.7,0.3
2026-09-26 00:00:00,Saturday,1,0,,6,Morning,0,Electronic City,29.2,0.05
2026-09-26 00:00:00,Saturday,1,0,,6,Morning,0,HSR Layout,19.8,0.29
2026-09-26 00:00:00,Saturday,1,0,,7,Morning,0,MG Road / Central,25.6,0.25
2026-09-26 00:00:00,Saturday,1,0,,7,Morning,0,Indiranagar,15.8,0.46
2026-09-26 00:00:00,Saturday,1,0,,7,Morning,0,Whitefield,24.9,0.11
2026-09-26 00:00:00,Saturday,1,0,,7,Morning,0,Koramangala,13.6,0.56
2026-09-26 00:00:00,Saturday,1,0,,7,Morning,0,Jayanagar,25.5,0.18
2026-09-26 00:00:00,Saturday,1,0,,7,Morning,0,Hebbal,28.4,0.15
2026-09-26 00:00:00,Saturday,1,0,,7,Morning,0,Electronic City,16.7,0.41
2026-09-26 00:00:00,Saturday,1,0,,7,Morning,0,HSR Layout,19.5,0.17
2026-09-26 00:00:00,Saturday,1,0,,8,Morning,1,MG Road / Central,11.7,0.52
2026-09-26 00:00:00,Saturday,1,0,,8,Morning,1,Indiranagar,7.9,0.72
2026-09-26 00:00:00,Saturday,1,0,,8,Morning,1,Whitefield,17.8,0.39
2026-09-26 00:00:00,Saturday,1,0,,8,Morning,1,Koramangala,8.2,0.76
2026-09-26 00:00:00,Saturday,1,0,,8,Morning,1,Jayanagar,20.1,0.32
2026-09-26 00:00:00,Saturday,1,0,,8,Morning,1,Hebbal,20.3,0.38
2026-09-26 00:00:00,Saturday,1,0,,8,Morning,1,Electronic City,8.9,0.64
2026-09-26 00:00:00,Saturday,1,0,,8,Morning,1,HSR Layout,15.3,0.46
2026-09-26 00:00:00,Saturday,1,0,,9,Morning,1,MG Road / Central,17.8,0.43
2026-09-26 00:00:00,Saturday,1,0,,9,Morning,1,Indiranagar,11.9,0.67
2026-09-26 00:00:00,Saturday,1,0,,9,Morning,1,Whitefield,16.2,0.42
2026-09-26 00:00:00,Saturday,1,0,,9,Morning,1,Koramangala,12.4,0.52
2026-09-26 00:00:00,Saturday,1,0,,9,Morning,1,Jayanagar,19.7,0.41
2026-09-26 00:00:00,Saturday,1,0,,9,Morning,1,Hebbal,16.3,0.47
2026-09-26 00:00:00,Saturday,1,0,,9,Morning,1,Electronic City,12.3,0.5
2026-09-26 00:00:00,Saturday,1,0,,9,Morning,1,HSR Layout,15.3,0.53
2026-09-26 00:00:00,Saturday,1,0,,10,Morning,1,MG Road / Central,15.0,0.56
2026-09-26 00:00:00,Saturday,1,0,,10,Morning,1,Indiranagar,11.1,0.6
2026-09-26 00:00:00,Saturday,1,0,,10,Morning,1,Whitefield,10.3,0.61
2026-09-26 00:00:00,Saturday,1,0,,10,Morning,1,Koramangala,8.2,0.7
2026-09-26 00:00:00,Saturday,1,0,,10,Morning,1,Jayanagar,8.3,0.57
2026-09-26 00:00:00,Saturday,1,0,,10,Morning,1,Hebbal,21.3,0.33
2026-09-26 00:00:00,Saturday,1,0,,10,Morning,1,Electronic City,7.9,0.67
2026-09-26 00:00:00,Saturday,1,0,,10,Morning,1,HSR Layout,15.0,0.52
2026-09-26 00:00:00,Saturday,1,0,,11,Morning,1,MG Road / Central,11.4,0.48
2026-09-26 00:00:00,Saturday,1,0,,11,Morning,1,Indiranagar,20.5,0.29
2026-09-26 00:00:00,Saturday,1,0,,11,Morning,1,Whitefield,25.0,0.33
2026-09-26 00:00:00,Saturday,1,0,,11,Morning,1,Koramangala,16.0,0.37
2026-09-26 00:00:00,Saturday,1,0,,11,Morning,1,Jayanagar,23.7,0.3
2026-09-26 00:00:00,Saturday,1,0,,11,Morning,1,Hebbal,20.3,0.26
2026-09-26 00:00:00,Saturday,1,0,,11,Morning,1,Electronic City,20.4,0.36
2026-09-26 00:00:00,Saturday,1,0,,11,Morning,1,HSR Layout,27.0,0.13
2026-09-26 00:00:00,Saturday,1,0,,12,Afternoon,0,MG Road / Central,16.8,0.52
2026-09-26 00:00:00,Saturday,1,0,,12,Afternoon,0,Indiranagar,17.5,0.39
2026-09-26 00:00:00,Saturday,1,0,,12,Afternoon,0,Whitefield,15.7,0.4
2026-09-26 00:00:00,Saturday,1,0,,12,Afternoon,0,Koramangala,13.7,0.45
2026-09-26 00:00:00,Saturday,1,0,,12,Afternoon,0,Jayanagar,18.1,0.38
2026-09-26 00:00:00,Saturday,1,0,,12,Afternoon,0,Hebbal,18.9,0.4
2026-09-26 00:00:00,Saturday,1,0,,12,Afternoon,0,Electronic City,29.8,0.1
2026-09-26 00:00:00,Saturday,1,0,,12,Afternoon,0,HSR Layout,18.7,0.44
2026-09-26 00:00:00,Saturday,1,0,,13,Afternoon,0,MG Road / Central,20.1,0.31
2026-09-26 00:00:00,Saturday,1,0,,13,Afternoon,0,Indiranagar,16.1,0.42
2026-09-26 00:00:00,Saturday,1,0,,13,Afternoon,0,Whitefield,16.7,0.45
2026-09-26 00:00:00,Saturday,1,0,,13,Afternoon,0,Koramangala,28.4,0.08
2026-09-26 00:00:00,Saturday,1,0,,13,Afternoon,0,Jayanagar,23.6,0.21
2026-09-26 00:00:00,Saturday,1,0,,13,Afternoon,0,Hebbal,25.4,0.21
2026-09-26 00:00:00,Saturday,1,0,,13,Afternoon,0,Electronic City,19.0,0.38
2026-09-26 00:00:00,Saturday,1,0,,13,Afternoon,0,HSR Layout,23.6,0.21
2026-09-26 00:00:00,Saturday,1,0,,14,Afternoon,0,MG Road / Central,16.3,0.4
2026-09-26 00:00:00,Saturday,1,0,,14,Afternoon,0,Indiranagar,16.8,0.47
2026-09-26 00:00:00,Saturday,1,0,,14,Afternoon,0,Whitefield,19.5,0.43
2026-09-26 00:00:00,Saturday,1,0,,14,Afternoon,0,Koramangala,22.1,0.32
2026-09-26 00:00:00,Saturday,1,0,,14,Afternoon,0,Jayanagar,27.3,0.14
2026-09-26 00:00:00,Saturday,1,0,,14,Afternoon,0,Hebbal,22.3,0.19
2026-09-26 00:00:00,Saturday,1,0,,14,Afternoon,0,Electronic City,16.1,0.28
2026-09-26 00:00:00,Saturday,1,0,,14,Afternoon,0,HSR Layout,28.1,0.05
2026-09-26 00:00:00,Saturday,1,0,,15,Afternoon,0,MG Road / Central,17.0,0.41
2026-09-26 00:00:00,Saturday,1,0,,15,Afternoon,0,Indiranagar,22.1,0.21
2026-09-26 00:00:00,Saturday,1,0,,15,Afternoon,0,Whitefield,22.3,0.3
2026-09-26 00:00:00,Saturday,1,0,,15,Afternoon,0,Koramangala,20.4,0.4
2026-09-26 00:00:00,Saturday,1,0,,15,Afternoon,0,Jayanagar,19.6,0.3
2026-09-26 00:00:00,Saturday,1,0,,15,Afternoon,0,Hebbal,20.7,0.22
2026-09-26 00:00:00,Saturday,1,0,,15,Afternoon,0,Electronic City,25.1,0.24
2026-09-26 00:00:00,Saturday,1,0,,15,Afternoon,0,HSR Layout,22.8,0.33
2026-09-26 00:00:00,Saturday,1,0,,16,Afternoon,0,MG Road / Central,21.8,0.36
2026-09-26 00:00:00,Saturday,1,0,,16,Afternoon,0,Indiranagar,21.6,0.38
2026-09-26 00:00:00,Saturday,1,0,,16,Afternoon,0,Whitefield,24.0,0.25
2026-09-26 00:00:00,Saturday,1,0,,16,Afternoon,0,Koramangala,12.3,0.58
2026-09-26 00:00:00,Saturday,1,0,,16,Afternoon,0,Jayanagar,24.3,0.28
2026-09-26 00:00:00,Saturday,1,0,,16,Afternoon,0,Hebbal,20.3,0.23
2026-09-26 00:00:00,Saturday,1,0,,16,Afternoon,0,Electronic City,13.8,0.51
2026-09-26 00:00:00,Saturday,1,0,,16,Afternoon,0,HSR Layout,24.2,0.27
2026-09-26 00:00:00,Saturday,1,0,,17,Evening,1,MG Road / Central,9.2,0.63
2026-09-26 00:00:00,Saturday,1,0,,17,Evening,1,Indiranagar,5.0,0.73
2026-09-26 00:00:00,Saturday,1,0,,17,Evening,1,Whitefield,15.0,0.52
2026-09-26 00:00:00,Saturday,1,0,,17,Evening,1,Koramangala,6.9,0.67
2026-09-26 00:00:00,Saturday,1,0,,17,Evening,1,Jayanagar,8.0,0.74
2026-09-26 00:00:00,Saturday,1,0,,17,Evening,1,Hebbal,7.8,0.72
2026-09-26 00:00:00,Saturday,1,0,,17,Evening,1,Electronic City,17.2,0.44
2026-09-26 00:00:00,Saturday,1,0,,17,Evening,1,HSR Layout,11.9,0.52
2026-09-26 00:00:00,Saturday,1,0,,18,Evening,1,MG Road / Central,5.0,0.88
2026-09-26 00:00:00,Saturday,1,0,,18,Evening,1,Indiranagar,18.3,0.48
2026-09-26 00:00:00,Saturday,1,0,,18,Evening,1,Whitefield,14.1,0.49
2026-09-26 00:00:00,Saturday,1,0,,18,Evening,1,Koramangala,18.8,0.49
2026-09-26 00:00:00,Saturday,1,0,,18,Evening,1,Jayanagar,18.3,0.4
2026-09-26 00:00:00,Saturday,1,0,,18,Evening,1,Hebbal,11.1,0.66
2026-09-26 00:00:00,Saturday,1,0,,18,Evening,1,Electronic City,10.3,0.54
2026-09-26 00:00:00,Saturday,1,0,,18,Evening,1,HSR Layout,16.8,0.45
2026-09-26 00:00:00,Saturday,1,0,,19,Evening,1,MG Road / Central,12.2,0.61
2026-09-26 00:00:00,Saturday,1,0,,19,Evening,1,Indiranagar,8.5,0.78
2026-09-26 00:00:00,Saturday,1,0,,19,Evening,1,Whitefield,22.3,0.4
2026-09-26 00:00:00,Saturday,1,0,,19,Evening,1,Koramangala,6.2,0.79
2026-09-26 00:00:00,Saturday,1,0,,19,Evening,1,Jayanagar,14.3,0.68
2026-09-26 00:00:00,Saturday,1,0,,19,Evening,1,Hebbal,18.2,0.38
2026-09-26 00:00:00,Saturday,1,0,,19,Evening,1,Electronic City,22.4,0.26
2026-09-26 00:00:00,Saturday,1,0,,19,Evening,1,HSR Layout,12.1,0.59
2026-09-26 00:00:00,Saturday,1,0,,20,Evening,1,MG Road / Central,7.3,0.62
2026-09-26 00:00:00,Saturday,1,0,,20,Evening,1,Indiranagar,10.6,0.74
2026-09-26 00:00:00,Saturday,1,0,,20,Evening,1,Whitefield,16.5,0.48
2026-09-26 00:00:00,Saturday,1,0,,20,Evening,1,Koramangala,15.6,0.51
2026-09-26 00:00:00,Saturday,1,0,,20,Evening,1,Jayanagar,13.4,0.5
2026-09-26 00:00:00,Saturday,1,0,,20,Evening,1,Hebbal,15.5,0.46
2026-09-26 00:00:00,Saturday,1,0,,20,Evening,1,Electronic City,9.5,0.6
2026-09-26 00:00:00,Saturday,1,0,,20,Evening,1,HSR Layout,14.8,0.5
2026-09-26 00:00:00,Saturday,1,0,,21,Night,0,MG Road / Central,25.5,0.27
2026-09-26 00:00:00,Saturday,1,0,,21,Night,0,Indiranagar,19.7,0.3
2026-09-26 00:00:00,Saturday,1,0,,21,Night,0,Whitefield,29.6,0.13
2026-09-26 00:00:00,Saturday,1,0,,21,Night,0,Koramangala,14.1,0.47
2026-09-26 00:00:00,Saturday,1,0,,21,Night,0,Jayanagar,18.9,0.38
2026-09-26 00:00:00,Saturday,1,0,,21,Night,0,Hebbal,20.9,0.28
2026-09-26 00:00:00,Saturday,1,0,,21,Night,0,Electronic City,25.9,0.16
2026-09-26 00:00:00,Saturday,1,0,,21,Night,0,HSR Layout,28.1,0.18
2026-09-27 00:00:00,Sunday,1,0,,6,Morning,0,MG Road / Central,25.6,0.25
2026-09-27 00:00:00,Sunday,1,0,,6,Morning,0,Indiranagar,19.0,0.39
2026-09-27 00:00:00,Sunday,1,0,,6,Morning,0,Whitefield,18.2,0.35
2026-09-27 00:00:00,Sunday,1,0,,6,Morning,0,Koramangala,9.5,0.5
2026-09-27 00:00:00,Sunday,1,0,,6,Morning,0,Jayanagar,23.2,0.16
2026-09-27 00:00:00,Sunday,1,0,,6,Morning,0,Hebbal,26.6,0.1
2026-09-27 00:00:00,Sunday,1,0,,6,Morning,0,Electronic City,22.5,0.3
2026-09-27 00:00:00,Sunday,1,0,,6,Morning,0,HSR Layout,20.3,0.28
2026-09-27 00:00:00,Sunday,1,0,,7,Morning,0,MG Road / Central,16.9,0.44
2026-09-27 00:00:00,Sunday,1,0,,7,Morning,0,Indiranagar,16.2,0.51
2026-09-27 00:00:00,Sunday,1,0,,7,Morning,0,Whitefield,20.6,0.25
2026-09-27 00:00:00,Sunday,1,0,,7,Morning,0,Koramangala,19.3,0.32
2026-09-27 00:00:00,Sunday,1,0,,7,Morning,0,Jayanagar,24.2,0.21
2026-09-27 00:00:00,Sunday,1,0,,7,Morning,0,Hebbal,19.8,0.34
2026-09-27 00:00:00,Sunday,1,0,,7,Morning,0,Electronic City,22.7,0.25
2026-09-27 00:00:00,Sunday,1,0,,7,Morning,0,HSR Layout,22.5,0.19
2026-09-27 00:00:00,Sunday,1,0,,8,Morning,1,MG Road / Central,13.9,0.49
2026-09-27 00:00:00,Sunday,1,0,,8,Morning,1,Indiranagar,5.9,0.76
2026-09-27 00:00:00,Sunday,1,0,,8,Morning,1,Whitefield,15.3,0.52
2026-09-27 00:00:00,Sunday,1,0,,8,Morning,1,Koramangala,5.0,0.76
2026-09-27 00:00:00,Sunday,1,0,,8,Morning,1,Jayanagar,12.2,0.67
2026-09-27 00:00:00,Sunday,1,0,,8,Morning,1,Hebbal,15.9,0.41
2026-09-27 00:00:00,Sunday,1,0,,8,Morning,1,Electronic City,8.9,0.69
2026-09-27 00:00:00,Sunday,1,0,,8,Morning,1,HSR Layout,18.7,0.28
2026-09-27 00:00:00,Sunday,1,0,,9,Morning,1,MG Road / Central,7.6,0.67
2026-09-27 00:00:00,Sunday,1,0,,9,Morning,1,Indiranagar,10.6,0.65
2026-09-27 00:00:00,Sunday,1,0,,9,Morning,1,Whitefield,7.7,0.73
2026-09-27 00:00:00,Sunday,1,0,,9,Morning,1,Koramangala,8.0,0.83
2026-09-27 00:00:00,Sunday,1,0,,9,Morning,1,Jayanagar,8.9,0.72
2026-09-27 00:00:00,Sunday,1,0,,9,Morning,1,Hebbal,21.5,0.31
2026-09-27 00:00:00,Sunday,1,0,,9,Morning,1,Electronic City,9.6,0.68
2026-09-27 00:00:00,Sunday,1,0,,9,Morning,1,HSR Layout,8.9,0.76
2026-09-27 00:00:00,Sunday,1,0,,10,Morning,1,MG Road / Central,9.1,0.77
2026-09-27 00:00:00,Sunday,1,0,,10,Morning,1,Indiranagar,5.0,0.74
2026-09-27 00:00:00,Sunday,1,0,,10,Morning,1,Whitefield,17.7,0.49
2026-09-27 00:00:00,Sunday,1,0,,10,Morning,1,Koramangala,11.5,0.6
2026-09-27 00:00:00,Sunday,1,0,,10,Morning,1,Jayanagar,20.8,0.42
2026-09-27 00:00:00,Sunday,1,0,,10,Morning,1,Hebbal,5.7,0.75
2026-09-27 00:00:00,Sunday,1,0,,10,Morning,1,Electronic City,11.6,0.57
2026-09-27 00:00:00,Sunday,1,0,,10,Morning,1,HSR Layout,12.3,0.62
2026-09-27 00:00:00,Sunday,1,0,,11,Morning,1,MG Road / Central,15.7,0.5
2026-09-27 00:00:00,Sunday,1,0,,11,Morning,1,Indiranagar,5.4,0.75
2026-09-27 00:00:00,Sunday,1,0,,11,Morning,1,Whitefield,27.7,0.05
2026-09-27 00:00:00,Sunday,1,0,,11,Morning,1,Koramangala,20.7,0.21
2026-09-27 00:00:00,Sunday,1,0,,11,Morning,1,Jayanagar,24.3,0.13
2026-09-27 00:00:00,Sunday,1,0,,11,Morning,1,Hebbal,27.0,0.14
2026-09-27 00:00:00,Sunday,1,0,,11,Morning,1,Electronic City,24.0,0.19
2026-09-27 00:00:00,Sunday,1,0,,11,Morning,1,HSR Layout,17.7,0.36
2026-09-27 00:00:00,Sunday,1,0,,12,Afternoon,0,MG Road / Central,19.7,0.37
2026-09-27 00:00:00,Sunday,1,0,,12,Afternoon,0,Indiranagar,20.2,0.17
2026-09-27 00:00:00,Sunday,1,0,,12,Afternoon,0,Whitefield,22.2,0.29
2026-09-27 00:00:00,Sunday,1,0,,12,Afternoon,0,Koramangala,10.9,0.65
2026-09-27 00:00:00,Sunday,1,0,,12,Afternoon,0,Jayanagar,19.2,0.35
2026-09-27 00:00:00,Sunday,1,0,,12,Afternoon,0,Hebbal,24.8,0.29
2026-09-27 00:00:00,Sunday,1,0,,12,Afternoon,0,Electronic City,29.3,0.05
2026-09-27 00:00:00,Sunday,1,0,,12,Afternoon,0,HSR Layout,15.4,0.51
2026-09-27 00:00:00,Sunday,1,0,,13,Afternoon,0,MG Road / Central,10.8,0.6
2026-09-27 00:00:00,Sunday,1,0,,13,Afternoon,0,Indiranagar,18.2,0.4
2026-09-27 00:00:00,Sunday,1,0,,13,Afternoon,0,Whitefield,26.2,0.05
2026-09-27 00:00:00,Sunday,1,0,,13,Afternoon,0,Koramangala,23.6,0.27
2026-09-27 00:00:00,Sunday,1,0,,13,Afternoon,0,Jayanagar,20.0,0.35
2026-09-27 00:00:00,Sunday,1,0,,13,Afternoon,0,Hebbal,19.2,0.35
2026-09-27 00:00:00,Sunday,1,0,,13,Afternoon,0,Electronic City,18.2,0.39
2026-09-27 00:00:00,Sunday,1,0,,13,Afternoon,0,HSR Layout,21.8,0.26
2026-09-27 00:00:00,Sunday,1,0,,14,Afternoon,0,MG Road / Central,14.7,0.48
2026-09-27 00:00:00,Sunday,1,0,,14,Afternoon,0,Indiranagar,12.2,0.52
2026-09-27 00:00:00,Sunday,1,0,,14,Afternoon,0,Whitefield,27.8,0.12
2026-09-27 00:00:00,Sunday,1,0,,14,Afternoon,0,Koramangala,17.4,0.39
2026-09-27 00:00:00,Sunday,1,0,,14,Afternoon,0,Jayanagar,18.1,0.36
2026-09-27 00:00:00,Sunday,1,0,,14,Afternoon,0,Hebbal,26.0,0.23
2026-09-27 00:00:00,Sunday,1,0,,14,Afternoon,0,Electronic City,20.1,0.43
2026-09-27 00:00:00,Sunday,1,0,,14,Afternoon,0,HSR Layout,26.0,0.22
2026-09-27 00:00:00,Sunday,1,0,,15,Afternoon,0,MG Road / Central,19.6,0.29
2026-09-27 00:00:00,Sunday,1,0,,15,Afternoon,0,Indiranagar,29.8,0.12
2026-09-27 00:00:00,Sunday,1,0,,15,Afternoon,0,Whitefield,25.4,0.15
2026-09-27 00:00:00,Sunday,1,0,,15,Afternoon,0,Koramangala,22.7,0.29
2026-09-27 00:00:00,Sunday,1,0,,15,Afternoon,0,Jayanagar,21.2,0.2
2026-09-27 00:00:00,Sunday,1,0,,15,Afternoon,0,Hebbal,18.0,0.3
2026-09-27 00:00:00,Sunday,1,0,,15,Afternoon,0,Electronic City,21.3,0.15
2026-09-27 00:00:00,Sunday,1,0,,15,Afternoon,0,HSR Layout,28.0,0.08
2026-09-27 00:00:00,Sunday,1,0,,16,Afternoon,0,MG Road / Central,22.1,0.16
2026-09-27 00:00:00,Sunday,1,0,,16,Afternoon,0,Indiranagar,16.9,0.4
2026-09-27 00:00:00,Sunday,1,0,,16,Afternoon,0,Whitefield,19.0,0.49
2026-09-27 00:00:00,Sunday,1,0,,16,Afternoon,0,Koramangala,22.2,0.3
2026-09-27 00:00:00,Sunday,1,0,,16,Afternoon,0,Jayanagar,18.6,0.34
2026-09-27 00:00:00,Sunday,1,0,,16,Afternoon,0,Hebbal,27.9,0.07
2026-09-27 00:00:00,Sunday,1,0,,16,Afternoon,0,Electronic City,22.3,0.23
2026-09-27 00:00:00,Sunday,1,0,,16,Afternoon,0,HSR Layout,19.4,0.3
2026-09-27 00:00:00,Sunday,1,0,,17,Evening,1,MG Road / Central,13.4,0.56
2026-09-27 00:00:00,Sunday,1,0,,17,Evening,1,Indiranagar,5.3,0.75
2026-09-27 00:00:00,Sunday,1,0,,17,Evening,1,Whitefield,6.6,0.66
2026-09-27 00:00:00,Sunday,1,0,,17,Evening,1,Koramangala,10.6,0.63
2026-09-27 00:00:00,Sunday,1,0,,17,Evening,1,Jayanagar,14.7,0.47
2026-09-27 00:00:00,Sunday,1,0,,17,Evening,1,Hebbal,5.1,0.77
2026-09-27 00:00:00,Sunday,1,0,,17,Evening,1,Electronic City,5.6,0.84
2026-09-27 00:00:00,Sunday,1,0,,17,Evening,1,HSR Layout,14.1,0.56
2026-09-27 00:00:00,Sunday,1,0,,18,Evening,1,MG Road / Central,5.0,0.98
2026-09-27 00:00:00,Sunday,1,0,,18,Evening,1,Indiranagar,11.5,0.57
2026-09-27 00:00:00,Sunday,1,0,,18,Evening,1,Whitefield,9.9,0.55
2026-09-27 00:00:00,Sunday,1,0,,18,Evening,1,Koramangala,12.3,0.7
2026-09-27 00:00:00,Sunday,1,0,,18,Evening,1,Jayanagar,12.4,0.57
2026-09-27 00:00:00,Sunday,1,0,,18,Evening,1,Hebbal,17.5,0.48
2026-09-27 00:00:00,Sunday,1,0,,18,Evening,1,Electronic City,20.2,0.45
2026-09-27 00:00:00,Sunday,1,0,,18,Evening,1,HSR Layout,7.1,0.78
2026-09-27 00:00:00,Sunday,1,0,,19,Evening,1,MG Road / Central,11.1,0.7
2026-09-27 00:00:00,Sunday,1,0,,19,Evening,1,Indiranagar,5.0,0.83
2026-09-27 00:00:00,Sunday,1,0,,19,Evening,1,Whitefield,12.8,0.49
2026-09-27 00:00:00,Sunday,1,0,,19,Evening,1,Koramangala,8.9,0.75
2026-09-27 00:00:00,Sunday,1,0,,19,Evening,1,Jayanagar,17.4,0.39
2026-09-27 00:00:00,Sunday,1,0,,19,Evening,1,Hebbal,16.6,0.39
2026-09-27 00:00:00,Sunday,1,0,,19,Evening,1,Electronic City,10.0,0.62
2026-09-27 00:00:00,Sunday,1,0,,19,Evening,1,HSR Layout,11.3,0.51
2026-09-27 00:00:00,Sunday,1,0,,20,Evening,1,MG Road / Central,8.2,0.72
2026-09-27 00:00:00,Sunday,1,0,,20,Evening,1,Indiranagar,11.2,0.61
2026-09-27 00:00:00,Sunday,1,0,,20,Evening,1,Whitefield,11.2,0.57
2026-09-27 00:00:00,Sunday,1,0,,20,Evening,1,Koramangala,17.9,0.52
2026-09-27 00:00:00,Sunday,1,0,,20,Evening,1,Jayanagar,15.6,0.47
2026-09-27 00:00:00,Sunday,1,0,,20,Evening,1,Hebbal,16.9,0.67
2026-09-27 00:00:00,Sunday,1,0,,20,Evening,1,Electronic City,18.9,0.4
2026-09-27 00:00:00,Sunday,1,0,,20,Evening,1,HSR Layout,15.0,0.47
2026-09-27 00:00:00,Sunday,1,0,,21,Night,0,MG Road / Central,18.3,0.31
2026-09-27 00:00:00,Sunday,1,0,,21,Night,0,Indiranagar,15.2,0.4
2026-09-27 00:00:00,Sunday,1,0,,21,Night,0,Whitefield,19.2,0.36
2026-09-27 00:00:00,Sunday,1,0,,21,Night,0,Koramangala,15.5,0.45
2026-09-27 00:00:00,Sunday,1,0,,21,Night,0,Jayanagar,24.4,0.21
2026-09-27 00:00:00,Sunday,1,0,,21,Night,0,Hebbal,26.0,0.11
2026-09-27 00:00:00,Sunday,1,0,,21,Night,0,Electronic City,23.8,0.15
2026-09-27 00:00:00,Sunday,1,0,,21,Night,0,HSR Layout,31.2,0.05
2026-09-28 00:00:00,Monday,0,0,,6,Morning,0,MG Road / Central,22.8,0.32
2026-09-28 00:00:00,Monday,0,0,,6,Morning,0,Indiranagar,11.6,0.53
2026-09-28 00:00:00,Monday,0,0,,6,Morning,0,Whitefield,31.5,0.12
2026-09-28 00:00:00,Monday,0,0,,6,Morning,0,Koramangala,11.6,0.61
2026-09-28 00:00:00,Monday,0,0,,6,Morning,0,Jayanagar,20.3,0.28
2026-09-28 00:00:00,Monday,0,0,,6,Morning,0,Hebbal,19.5,0.3
2026-09-28 00:00:00,Monday,0,0,,6,Morning,0,Electronic City,25.9,0.05
2026-09-28 00:00:00,Monday,0,0,,6,Morning,0,HSR Layout,20.2,0.25
2026-09-28 00:00:00,Monday,0,0,,7,Morning,0,MG Road / Central,16.1,0.39
2026-09-28 00:00:00,Monday,0,0,,7,Morning,0,Indiranagar,22.5,0.31
2026-09-28 00:00:00,Monday,0,0,,7,Morning,0,Whitefield,21.6,0.28
2026-09-28 00:00:00,Monday,0,0,,7,Morning,0,Koramangala,15.8,0.51
2026-09-28 00:00:00,Monday,0,0,,7,Morning,0,Jayanagar,16.4,0.42
2026-09-28 00:00:00,Monday,0,0,,7,Morning,0,Hebbal,21.4,0.2
2026-09-28 00:00:00,Monday,0,0,,7,Morning,0,Electronic City,26.0,0.2
2026-09-28 00:00:00,Monday,0,0,,7,Morning,0,HSR Layout,19.7,0.41
2026-09-28 00:00:00,Monday,0,0,,8,Morning,1,MG Road / Central,17.6,0.48
2026-09-28 00:00:00,Monday,0,0,,8,Morning,1,Indiranagar,17.4,0.48
2026-09-28 00:00:00,Monday,0,0,,8,Morning,1,Whitefield,16.2,0.51
2026-09-28 00:00:00,Monday,0,0,,8,Morning,1,Koramangala,16.1,0.54
2026-09-28 00:00:00,Monday,0,0,,8,Morning,1,Jayanagar,17.4,0.37
2026-09-28 00:00:00,Monday,0,0,,8,Morning,1,Hebbal,13.6,0.43
2026-09-28 00:00:00,Monday,0,0,,8,Morning,1,Electronic City,16.8,0.56
2026-09-28 00:00:00,Monday,0,0,,8,Morning,1,HSR Layout,5.0,0.87
2026-09-28 00:00:00,Monday,0,0,,9,Morning,1,MG Road / Central,5.4,0.83
2026-09-28 00:00:00,Monday,0,0,,9,Morning,1,Indiranagar,6.5,0.76
2026-09-28 00:00:00,Monday,0,0,,9,Morning,1,Whitefield,13.9,0.57
2026-09-28 00:00:00,Monday,0,0,,9,Morning,1,Koramangala,10.9,0.63
2026-09-28 00:00:00,Monday,0,0,,9,Morning,1,Jayanagar,15.4,0.54
2026-09-28 00:00:00,Monday,0,0,,9,Morning,1,Hebbal,17.2,0.42
2026-09-28 00:00:00,Monday,0,0,,9,Morning,1,Electronic City,8.9,0.78
2026-09-28 00:00:00,Monday,0,0,,9,Morning,1,HSR Layout,8.7,0.71
2026-09-28 00:00:00,Monday,0,0,,10,Morning,1,MG Road / Central,9.8,0.74
2026-09-28 00:00:00,Monday,0,0,,10,Morning,1,Indiranagar,5.0,0.89
2026-09-28 00:00:00,Monday,0,0,,10,Morning,1,Whitefield,20.9,0.39
2026-09-28 00:00:00,Monday,0,0,,10,Morning,1,Koramangala,8.7,0.67
2026-09-28 00:00:00,Monday,0,0,,10,Morning,1,Jayanagar,16.9,0.4
2026-09-28 00:00:00,Monday,0,0,,10,Morning,1,Hebbal,22.7,0.38
2026-09-28 00:00:00,Monday,0,0,,10,Morning,1,Electronic City,13.5,0.55
2026-09-28 00:00:00,Monday,0,0,,10,Morning,1,HSR Layout,13.3,0.62
2026-09-28 00:00:00,Monday,0,0,,11,Morning,1,MG Road / Central,16.7,0.51
2026-09-28 00:00:00,Monday,0,0,,11,Morning,1,Indiranagar,19.7,0.32
2026-09-28 00:00:00,Monday,0,0,,11,Morning,1,Whitefield,18.7,0.34
2026-09-28 00:00:00,Monday,0,0,,11,Morning,1,Koramangala,18.8,0.4
2026-09-28 00:00:00,Monday,0,0,,11,Morning,1,Jayanagar,16.1,0.34
2026-09-28 00:00:00,Monday,0,0,,11,Morning,1,Hebbal,19.5,0.34
2026-09-28 00:00:00,Monday,0,0,,11,Morning,1,Electronic City,21.5,0.33
2026-09-28 00:00:00,Monday,0,0,,11,Morning,1,HSR Layout,19.4,0.44
2026-09-28 00:00:00,Monday,0,0,,12,Afternoon,0,MG Road / Central,16.0,0.56
2026-09-28 00:00:00,Monday,0,0,,12,Afternoon,0,Indiranagar,17.0,0.43
2026-09-28 00:00:00,Monday,0,0,,12,Afternoon,0,Whitefield,20.8,0.35
2026-09-28 00:00:00,Monday,0,0,,12,Afternoon,0,Koramangala,19.9,0.36
2026-09-28 00:00:00,Monday,0,0,,12,Afternoon,0,Jayanagar,20.9,0.25
2026-09-28 00:00:00,Monday,0,0,,12,Afternoon,0,Hebbal,18.0,0.4
2026-09-28 00:00:00,Monday,0,0,,12,Afternoon,0,Electronic City,11.9,0.5
2026-09-28 00:00:00,Monday,0,0,,12,Afternoon,0,HSR Layout,24.6,0.18
2026-09-28 00:00:00,Monday,0,0,,13,Afternoon,0,MG Road / Central,14.7,0.54
2026-09-28 00:00:00,Monday,0,0,,13,Afternoon,0,Indiranagar,14.6,0.44
2026-09-28 00:00:00,Monday,0,0,,13,Afternoon,0,Whitefield,27.3,0.11
2026-09-28 00:00:00,Monday,0,0,,13,Afternoon,0,Koramangala,21.8,0.24
2026-09-28 00:00:00,Monday,0,0,,13,Afternoon,0,Jayanagar,18.7,0.31
2026-09-28 00:00:00,Monday,0,0,,13,Afternoon,0,Hebbal,19.2,0.44
2026-09-28 00:00:00,Monday,0,0,,13,Afternoon,0,Electronic City,26.3,0.06
2026-09-28 00:00:00,Monday,0,0,,13,Afternoon,0,HSR Layout,26.9,0.05
2026-09-28 00:00:00,Monday,0,0,,14,Afternoon,0,MG Road / Central,14.4,0.49
2026-09-28 00:00:00,Monday,0,0,,14,Afternoon,0,Indiranagar,13.3,0.46
2026-09-28 00:00:00,Monday,0,0,,14,Afternoon,0,Whitefield,18.5,0.35
2026-09-28 00:00:00,Monday,0,0,,14,Afternoon,0,Koramangala,17.8,0.4
2026-09-28 00:00:00,Monday,0,0,,14,Afternoon,0,Jayanagar,24.8,0.1
2026-09-28 00:00:00,Monday,0,0,,14,Afternoon,0,Hebbal,19.8,0.37
2026-09-28 00:00:00,Monday,0,0,,14,Afternoon,0,Electronic City,19.4,0.38
2026-09-28 00:00:00,Monday,0,0,,14,Afternoon,0,HSR Layout,18.5,0.27
2026-09-28 00:00:00,Monday,0,0,,15,Afternoon,0,MG Road / Central,18.9,0.37
2026-09-28 00:00:00,Monday,0,0,,15,Afternoon,0,Indiranagar,12.3,0.63
2026-09-28 00:00:00,Monday,0,0,,15,Afternoon,0,Whitefield,18.2,0.43
2026-09-28 00:00:00,Monday,0,0,,15,Afternoon,0,Koramangala,20.8,0.31
2026-09-28 00:00:00,Monday,0,0,,15,Afternoon,0,Jayanagar,19.8,0.28
2026-09-28 00:00:00,Monday,0,0,,15,Afternoon,0,Hebbal,23.5,0.2
2026-09-28 00:00:00,Monday,0,0,,15,Afternoon,0,Electronic City,12.6,0.44
2026-09-28 00:00:00,Monday,0,0,,15,Afternoon,0,HSR Layout,16.3,0.39
2026-09-28 00:00:00,Monday,0,0,,16,Afternoon,0,MG Road / Central,25.3,0.24
2026-09-28 00:00:00,Monday,0,0,,16,Afternoon,0,Indiranagar,17.9,0.49
2026-09-28 00:00:00,Monday,0,0,,16,Afternoon,0,Whitefield,23.7,0.35
2026-09-28 00:00:00,Monday,0,0,,16,Afternoon,0,Koramangala,15.7,0.47
2026-09-28 00:00:00,Monday,0,0,,16,Afternoon,0,Jayanagar,23.8,0.29
2026-09-28 00:00:00,Monday,0,0,,16,Afternoon,0,Hebbal,24.0,0.16
2026-09-28 00:00:00,Monday,0,0,,16,Afternoon,0,Electronic City,19.4,0.21
2026-09-28 00:00:00,Monday,0,0,,16,Afternoon,0,HSR Layout,18.2,0.27
2026-09-28 00:00:00,Monday,0,0,,17,Evening,1,MG Road / Central,10.5,0.71
2026-09-28 00:00:00,Monday,0,0,,17,Evening,1,Indiranagar,14.1,0.64
2026-09-28 00:00:00,Monday,0,0,,17,Evening,1,Whitefield,21.1,0.37
2026-09-28 00:00:00,Monday,0,0,,17,Evening,1,Koramangala,5.0,0.78
2026-09-28 00:00:00,Monday,0,0,,17,Evening,1,Jayanagar,5.0,0.88
2026-09-28 00:00:00,Monday,0,0,,17,Evening,1,Hebbal,13.8,0.44
2026-09-28 00:00:00,Monday,0,0,,17,Evening,1,Electronic City,14.0,0.52
2026-09-28 00:00:00,Monday,0,0,,17,Evening,1,HSR Layout,12.5,0.56
2026-09-28 00:00:00,Monday,0,0,,18,Evening,1,MG Road / Central,5.9,0.78
2026-09-28 00:00:00,Monday,0,0,,18,Evening,1,Indiranagar,15.7,0.47
2026-09-28 00:00:00,Monday,0,0,,18,Evening,1,Whitefield,22.7,0.27
2026-09-28 00:00:00,Monday,0,0,,18,Evening,1,Koramangala,12.9,0.58
2026-09-28 00:00:00,Monday,0,0,,18,Evening,1,Jayanagar,6.9,0.71
2026-09-28 00:00:00,Monday,0,0,,18,Evening,1,Hebbal,8.8,0.68
2026-09-28 00:00:00,Monday,0,0,,18,Evening,1,Electronic City,6.5,0.76
2026-09-28 00:00:00,Monday,0,0,,18,Evening,1,HSR Layout,17.9,0.45
2026-09-28 00:00:00,Monday,0,0,,19,Evening,1,MG Road / Central,8.9,0.65
2026-09-28 00:00:00,Monday,0,0,,19,Evening,1,Indiranagar,10.6,0.64
2026-09-28 00:00:00,Monday,0,0,,19,Evening,1,Whitefield,5.0,0.71
2026-09-28 00:00:00,Monday,0,0,,19,Evening,1,Koramangala,10.2,0.7
2026-09-28 00:00:00,Monday,0,0,,19,Evening,1,Jayanagar,15.4,0.57
2026-09-28 00:00:00,Monday,0,0,,19,Evening,1,Hebbal,13.4,0.54
2026-09-28 00:00:00,Monday,0,0,,19,Evening,1,Electronic City,11.6,0.62
2026-09-28 00:00:00,Monday,0,0,,19,Evening,1,HSR Layout,15.9,0.5
2026-09-28 00:00:00,Monday,0,0,,20,Evening,1,MG Road / Central,10.1,0.62
2026-09-28 00:00:00,Monday,0,0,,20,Evening,1,Indiranagar,13.6,0.64
2026-09-28 00:00:00,Monday,0,0,,20,Evening,1,Whitefield,25.9,0.16
2026-09-28 00:00:00,Monday,0,0,,20,Evening,1,Koramangala,5.5,0.7
2026-09-28 00:00:00,Monday,0,0,,20,Evening,1,Jayanagar,13.3,0.59
2026-09-28 00:00:00,Monday,0,0,,20,Evening,1,Hebbal,6.1,0.62
2026-09-28 00:00:00,Monday,0,0,,20,Evening,1,Electronic City,7.1,0.71
2026-09-28 00:00:00,Monday,0,0,,20,Evening,1,HSR Layout,12.5,0.63
2026-09-28 00:00:00,Monday,0,0,,21,Night,0,MG Road / Central,22.5,0.29
2026-09-28 00:00:00,Monday,0,0,,21,Night,0,Indiranagar,15.2,0.35
2026-09-28 00:00:00,Monday,0,0,,21,Night,0,Whitefield,16.7,0.39
2026-09-28 00:00:00,Monday,0,0,,21,Night,0,Koramangala,20.3,0.3
2026-09-28 00:00:00,Monday,0,0,,21,Night,0,Jayanagar,21.4,0.28
2026-09-28 00:00:00,Monday,0,0,,21,Night,0,Hebbal,17.8,0.32
2026-09-28 00:00:00,Monday,0,0,,21,Night,0,Electronic City,24.9,0.16
2026-09-28 00:00:00,Monday,0,0,,21,Night,0,HSR Layout,15.4,0.48
2026-09-29 00:00:00,Tuesday,0,0,,6,Morning,0,MG Road / Central,14.2,0.53
2026-09-29 00:00:00,Tuesday,0,0,,6,Morning,0,Indiranagar,19.2,0.34
2026-09-29 00:00:00,Tuesday,0,0,,6,Morning,0,Whitefield,24.3,0.23
2026-09-29 00:00:00,Tuesday,0,0,,6,Morning,0,Koramangala,13.8,0.56
2026-09-29 00:00:00,Tuesday,0,0,,6,Morning,0,Jayanagar,16.3,0.39
2026-09-29 00:00:00,Tuesday,0,0,,6,Morning,0,Hebbal,22.5,0.2
2026-09-29 00:00:00,Tuesday,0,0,,6,Morning,0,Electronic City,20.7,0.29
2026-09-29 00:00:00,Tuesday,0,0,,6,Morning,0,HSR Layout,18.0,0.34
2026-09-29 00:00:00,Tuesday,0,0,,7,Morning,0,MG Road / Central,19.2,0.41
2026-09-29 00:00:00,Tuesday,0,0,,7,Morning,0,Indiranagar,29.7,0.15
2026-09-29 00:00:00,Tuesday,0,0,,7,Morning,0,Whitefield,19.5,0.22
2026-09-29 00:00:00,Tuesday,0,0,,7,Morning,0,Koramangala,17.5,0.42
2026-09-29 00:00:00,Tuesday,0,0,,7,Morning,0,Jayanagar,24.8,0.24
2026-09-29 00:00:00,Tuesday,0,0,,7,Morning,0,Hebbal,20.4,0.34
2026-09-29 00:00:00,Tuesday,0,0,,7,Morning,0,Electronic City,20.7,0.3
2026-09-29 00:00:00,Tuesday,0,0,,7,Morning,0,HSR Layout,13.1,0.46
2026-09-29 00:00:00,Tuesday,0,0,,8,Morning,1,MG Road / Central,8.6,0.72
2026-09-29 00:00:00,Tuesday,0,0,,8,Morning,1,Indiranagar,5.0,0.8
2026-09-29 00:00:00,Tuesday,0,0,,8,Morning,1,Whitefield,20.1,0.34
2026-09-29 00:00:00,Tuesday,0,0,,8,Morning,1,Koramangala,11.0,0.73
2026-09-29 00:00:00,Tuesday,0,0,,8,Morning,1,Jayanagar,20.4,0.4
2026-09-29 00:00:00,Tuesday,0,0,,8,Morning,1,Hebbal,5.0,0.83
2026-09-29 00:00:00,Tuesday,0,0,,8,Morning,1,Electronic City,17.3,0.4
2026-09-29 00:00:00,Tuesday,0,0,,8,Morning,1,HSR Layout,14.6,0.55
2026-09-29 00:00:00,Tuesday,0,0,,9,Morning,1,MG Road / Central,14.2,0.63
2026-09-29 00:00:00,Tuesday,0,0,,9,Morning,1,Indiranagar,9.5,0.57
2026-09-29 00:00:00,Tuesday,0,0,,9,Morning,1,Whitefield,5.0,0.68
2026-09-29 00:00:00,Tuesday,0,0,,9,Morning,1,Koramangala,16.0,0.68
2026-09-29 00:00:00,Tuesday,0,0,,9,Morning,1,Jayanagar,11.3,0.55
2026-09-29 00:00:00,Tuesday,0,0,,9,Morning,1,Hebbal,13.6,0.54
2026-09-29 00:00:00,Tuesday,0,0,,9,Morning,1,Electronic City,14.2,0.57
2026-09-29 00:00:00,Tuesday,0,0,,9,Morning,1,HSR Layout,20.6,0.43
2026-09-29 00:00:00,Tuesday,0,0,,10,Morning,1,MG Road / Central,9.6,0.73
2026-09-29 00:00:00,Tuesday,0,0,,10,Morning,1,Indiranagar,13.8,0.62
2026-09-29 00:00:00,Tuesday,0,0,,10,Morning,1,Whitefield,15.0,0.52
2026-09-29 00:00:00,Tuesday,0,0,,10,Morning,1,Koramangala,10.4,0.59
2026-09-29 00:00:00,Tuesday,0,0,,10,Morning,1,Jayanagar,10.1,0.63
2026-09-29 00:00:00,Tuesday,0,0,,10,Morning,1,Hebbal,15.3,0.45
2026-09-29 00:00:00,Tuesday,0,0,,10,Morning,1,Electronic City,9.7,0.63
2026-09-29 00:00:00,Tuesday,0,0,,10,Morning,1,HSR Layout,14.0,0.54
2026-09-29 00:00:00,Tuesday,0,0,,11,Morning,1,MG Road / Central,22.0,0.17
2026-09-29 00:00:00,Tuesday,0,0,,11,Morning,1,Indiranagar,15.3,0.44
2026-09-29 00:00:00,Tuesday,0,0,,11,Morning,1,Whitefield,20.6,0.38
2026-09-29 00:00:00,Tuesday,0,0,,11,Morning,1,Koramangala,19.1,0.49
2026-09-29 00:00:00,Tuesday,0,0,,11,Morning,1,Jayanagar,24.1,0.24
2026-09-29 00:00:00,Tuesday,0,0,,11,Morning,1,Hebbal,29.5,0.18
2026-09-29 00:00:00,Tuesday,0,0,,11,Morning,1,Electronic City,15.4,0.49
2026-09-29 00:00:00,Tuesday,0,0,,11,Morning,1,HSR Layout,23.8,0.3
2026-09-29 00:00:00,Tuesday,0,0,,12,Afternoon,0,MG Road / Central,17.2,0.38
2026-09-29 00:00:00,Tuesday,0,0,,12,Afternoon,0,Indiranagar,15.0,0.5
2026-09-29 00:00:00,Tuesday,0,0,,12,Afternoon,0,Whitefield,20.2,0.27
2026-09-29 00:00:00,Tuesday,0,0,,12,Afternoon,0,Koramangala,24.7,0.19
2026-09-29 00:00:00,Tuesday,0,0,,12,Afternoon,0,Jayanagar,18.8,0.36
2026-09-29 00:00:00,Tuesday,0,0,,12,Afternoon,0,Hebbal,15.9,0.42
2026-09-29 00:00:00,Tuesday,0,0,,12,Afternoon,0,Electronic City,26.2,0.12
2026-09-29 00:00:00,Tuesday,0,0,,12,Afternoon,0,HSR Layout,24.3,0.24
2026-09-29 00:00:00,Tuesday,0,0,,13,Afternoon,0,MG Road / Central,23.5,0.31
2026-09-29 00:00:00,Tuesday,0,0,,13,Afternoon,0,Indiranagar,10.8,0.64
2026-09-29 00:00:00,Tuesday,0,0,,13,Afternoon,0,Whitefield,15.9,0.4
2026-09-29 00:00:00,Tuesday,0,0,,13,Afternoon,0,Koramangala,16.2,0.53
2026-09-29 00:00:00,Tuesday,0,0,,13,Afternoon,0,Jayanagar,19.4,0.35
2026-09-29 00:00:00,Tuesday,0,0,,13,Afternoon,0,Hebbal,27.2,0.05
2026-09-29 00:00:00,Tuesday,0,0,,13,Afternoon,0,Electronic City,22.8,0.17
2026-09-29 00:00:00,Tuesday,0,0,,13,Afternoon,0,HSR Layout,21.2,0.26
2026-09-29 00:00:00,Tuesday,0,0,,14,Afternoon,0,MG Road / Central,18.9,0.3
2026-09-29 00:00:00,Tuesday,0,0,,14,Afternoon,0,Indiranagar,22.8,0.31
2026-09-29 00:00:00,Tuesday,0,0,,14,Afternoon,0,Whitefield,23.8,0.17
2026-09-29 00:00:00,Tuesday,0,0,,14,Afternoon,0,Koramangala,20.3,0.35
2026-09-29 00:00:00,Tuesday,0,0,,14,Afternoon,0,Jayanagar,14.8,0.3
2026-09-29 00:00:00,Tuesday,0,0,,14,Afternoon,0,Hebbal,21.7,0.37
2026-09-29 00:00:00,Tuesday,0,0,,14,Afternoon,0,Electronic City,24.3,0.12
2026-09-29 00:00:00,Tuesday,0,0,,14,Afternoon,0,HSR Layout,22.6,0.2
2026-09-29 00:00:00,Tuesday,0,0,,15,Afternoon,0,MG Road / Central,13.3,0.43
2026-09-29 00:00:00,Tuesday,0,0,,15,Afternoon,0,Indiranagar,25.1,0.27
2026-09-29 00:00:00,Tuesday,0,0,,15,Afternoon,0,Whitefield,28.3,0.14
2026-09-29 00:00:00,Tuesday,0,0,,15,Afternoon,0,Koramangala,13.1,0.44
2026-09-29 00:00:00,Tuesday,0,0,,15,Afternoon,0,Jayanagar,20.0,0.33
2026-09-29 00:00:00,Tuesday,0,0,,15,Afternoon,0,Hebbal,24.6,0.2
2026-09-29 00:00:00,Tuesday,0,0,,15,Afternoon,0,Electronic City,22.2,0.31
2026-09-29 00:00:00,Tuesday,0,0,,15,Afternoon,0,HSR Layout,19.1,0.39
2026-09-29 00:00:00,Tuesday,0,0,,16,Afternoon,0,MG Road / Central,22.0,0.23
2026-09-29 00:00:00,Tuesday,0,0,,16,Afternoon,0,Indiranagar,8.9,0.75
2026-09-29 00:00:00,Tuesday,0,0,,16,Afternoon,0,Whitefield,16.8,0.53
2026-09-29 00:00:00,Tuesday,0,0,,16,Afternoon,0,Koramangala,17.7,0.43
2026-09-29 00:00:00,Tuesday,0,0,,16,Afternoon,0,Jayanagar,19.2,0.25
2026-09-29 00:00:00,Tuesday,0,0,,16,Afternoon,0,Hebbal,24.9,0.25
2026-09-29 00:00:00,Tuesday,0,0,,16,Afternoon,0,Electronic City,25.5,0.18
2026-09-29 00:00:00,Tuesday,0,0,,16,Afternoon,0,HSR Layout,17.6,0.35
2026-09-29 00:00:00,Tuesday,0,0,,17,Evening,1,MG Road / Central,8.6,0.65
2026-09-29 00:00:00,Tuesday,0,0,,17,Evening,1,Indiranagar,9.4,0.6
2026-09-29 00:00:00,Tuesday,0,0,,17,Evening,1,Whitefield,19.6,0.44
2026-09-29 00:00:00,Tuesday,0,0,,17,Evening,1,Koramangala,12.5,0.59
2026-09-29 00:00:00,Tuesday,0,0,,17,Evening,1,Jayanagar,17.7,0.49
2026-09-29 00:00:00,Tuesday,0,0,,17,Evening,1,Hebbal,10.5,0.71
2026-09-29 00:00:00,Tuesday,0,0,,17,Evening,1,Electronic City,11.9,0.59
2026-09-29 00:00:00,Tuesday,0,0,,17,Evening,1,HSR Layout,21.7,0.41
2026-09-29 00:00:00,Tuesday,0,0,,18,Evening,1,MG Road / Central,13.1,0.61
2026-09-29 00:00:00,Tuesday,0,0,,18,Evening,1,Indiranagar,5.0,0.83
2026-09-29 00:00:00,Tuesday,0,0,,18,Evening,1,Whitefield,11.3,0.67
2026-09-29 00:00:00,Tuesday,0,0,,18,Evening,1,Koramangala,5.0,0.91
2026-09-29 00:00:00,Tuesday,0,0,,18,Evening,1,Jayanagar,17.1,0.4
2026-09-29 00:00:00,Tuesday,0,0,,18,Evening,1,Hebbal,12.9,0.58
2026-09-29 00:00:00,Tuesday,0,0,,18,Evening,1,Electronic City,11.1,0.5
2026-09-29 00:00:00,Tuesday,0,0,,18,Evening,1,HSR Layout,15.8,0.61
2026-09-29 00:00:00,Tuesday,0,0,,19,Evening,1,MG Road / Central,8.5,0.76
2026-09-29 00:00:00,Tuesday,0,0,,19,Evening,1,Indiranagar,7.7,0.77
2026-09-29 00:00:00,Tuesday,0,0,,19,Evening,1,Whitefield,10.9,0.66
2026-09-29 00:00:00,Tuesday,0,0,,19,Evening,1,Koramangala,8.5,0.66
2026-09-29 00:00:00,Tuesday,0,0,,19,Evening,1,Jayanagar,15.0,0.52
2026-09-29 00:00:00,Tuesday,0,0,,19,Evening,1,Hebbal,15.3,0.51
2026-09-29 00:00:00,Tuesday,0,0,,19,Evening,1,Electronic City,13.6,0.6
2026-09-29 00:00:00,Tuesday,0,0,,19,Evening,1,HSR Layout,9.0,0.7
2026-09-29 00:00:00,Tuesday,0,0,,20,Evening,1,MG Road / Central,13.0,0.54
2026-09-29 00:00:00,Tuesday,0,0,,20,Evening,1,Indiranagar,5.2,0.71
2026-09-29 00:00:00,Tuesday,0,0,,20,Evening,1,Whitefield,8.8,0.72
2026-09-29 00:00:00,Tuesday,0,0,,20,Evening,1,Koramangala,10.4,0.75
2026-09-29 00:00:00,Tuesday,0,0,,20,Evening,1,Jayanagar,16.9,0.47
2026-09-29 00:00:00,Tuesday,0,0,,20,Evening,1,Hebbal,13.5,0.54
2026-09-29 00:00:00,Tuesday,0,0,,20,Evening,1,Electronic City,19.6,0.46
2026-09-29 00:00:00,Tuesday,0,0,,20,Evening,1,HSR Layout,16.3,0.5
2026-09-29 00:00:00,Tuesday,0,0,,21,Night,0,MG Road / Central,27.1,0.17
2026-09-29 00:00:00,Tuesday,0,0,,21,Night,0,Indiranagar,14.4,0.53
2026-09-29 00:00:00,Tuesday,0,0,,21,Night,0,Whitefield,24.1,0.22
2026-09-29 00:00:00,Tuesday,0,0,,21,Night,0,Koramangala,6.2,0.67
2026-09-29 00:00:00,Tuesday,0,0,,21,Night,0,Jayanagar,17.9,0.34
2026-09-29 00:00:00,Tuesday,0,0,,21,Night,0,Hebbal,22.1,0.25
2026-09-29 00:00:00,Tuesday,0,0,,21,Night,0,Electronic City,24.0,0.2
2026-09-29 00:00:00,Tuesday,0,0,,21,Night,0,HSR Layout,28.6,0.11
2026-09-30 00:00:00,Wednesday,0,0,,6,Morning,0,MG Road / Central,25.5,0.18
2026-09-30 00:00:00,Wednesday,0,0,,6,Morning,0,Indiranagar,16.8,0.36
2026-09-30 00:00:00,Wednesday,0,0,,6,Morning,0,Whitefield,18.7,0.27
2026-09-30 00:00:00,Wednesday,0,0,,6,Morning,0,Koramangala,15.0,0.4
2026-09-30 00:00:00,Wednesday,0,0,,6,Morning,0,Jayanagar,19.0,0.31
2026-09-30 00:00:00,Wednesday,0,0,,6,Morning,0,Hebbal,24.7,0.2
2026-09-30 00:00:00,Wednesday,0,0,,6,Morning,0,Electronic City,25.2,0.16
2026-09-30 00:00:00,Wednesday,0,0,,6,Morning,0,HSR Layout,29.2,0.07
2026-09-30 00:00:00,Wednesday,0,0,,7,Morning,0,MG Road / Central,17.2,0.61
2026-09-30 00:00:00,Wednesday,0,0,,7,Morning,0,Indiranagar,19.2,0.41
2026-09-30 00:00:00,Wednesday,0,0,,7,Morning,0,Whitefield,31.5,0.05
2026-09-30 00:00:00,Wednesday,0,0,,7,Morning,0,Koramangala,14.2,0.49
2026-09-30 00:00:00,Wednesday,0,0,,7,Morning,0,Jayanagar,17.5,0.4
2026-09-30 00:00:00,Wednesday,0,0,,7,Morning,0,Hebbal,25.1,0.2
2026-09-30 00:00:00,Wednesday,0,0,,7,Morning,0,Electronic City,28.4,0.12
2026-09-30 00:00:00,Wednesday,0,0,,7,Morning,0,HSR Layout,24.2,0.12
2026-09-30 00:00:00,Wednesday,0,0,,8,Morning,1,MG Road / Central,13.8,0.59
2026-09-30 00:00:00,Wednesday,0,0,,8,Morning,1,Indiranagar,8.5,0.63
2026-09-30 00:00:00,Wednesday,0,0,,8,Morning,1,Whitefield,15.6,0.48
2026-09-30 00:00:00,Wednesday,0,0,,8,Morning,1,Koramangala,10.9,0.56
2026-09-30 00:00:00,Wednesday,0,0,,8,Morning,1,Jayanagar,5.0,0.8
2026-09-30 00:00:00,Wednesday,0,0,,8,Morning,1,Hebbal,13.9,0.51
2026-09-30 00:00:00,Wednesday,0,0,,8,Morning,1,Electronic City,16.3,0.5
2026-09-30 00:00:00,Wednesday,0,0,,8,Morning,1,HSR Layout,9.5,0.66
2026-09-30 00:00:00,Wednesday,0,0,,9,Morning,1,MG Road / Central,16.0,0.55
2026-09-30 00:00:00,Wednesday,0,0,,9,Morning,1,Indiranagar,12.8,0.69
2026-09-30 00:00:00,Wednesday,0,0,,9,Morning,1,Whitefield,22.0,0.28
2026-09-30 00:00:00,Wednesday,0,0,,9,Morning,1,Koramangala,5.0,0.93
2026-09-30 00:00:00,Wednesday,0,0,,9,Morning,1,Jayanagar,14.9,0.52
2026-09-30 00:00:00,Wednesday,0,0,,9,Morning,1,Hebbal,14.9,0.48
2026-09-30 00:00:00,Wednesday,0,0,,9,Morning,1,Electronic City,13.5,0.51
2026-09-30 00:00:00,Wednesday,0,0,,9,Morning,1,HSR Layout,10.0,0.7
2026-09-30 00:00:00,Wednesday,0,0,,10,Morning,1,MG Road / Central,9.7,0.73
2026-09-30 00:00:00,Wednesday,0,0,,10,Morning,1,Indiranagar,8.4,0.67
2026-09-30 00:00:00,Wednesday,0,0,,10,Morning,1,Whitefield,15.7,0.48
2026-09-30 00:00:00,Wednesday,0,0,,10,Morning,1,Koramangala,11.8,0.57
2026-09-30 00:00:00,Wednesday,0,0,,10,Morning,1,Jayanagar,19.6,0.49
2026-09-30 00:00:00,Wednesday,0,0,,10,Morning,1,Hebbal,23.1,0.22
2026-09-30 00:00:00,Wednesday,0,0,,10,Morning,1,Electronic City,7.5,0.76
2026-09-30 00:00:00,Wednesday,0,0,,10,Morning,1,HSR Layout,11.0,0.64
2026-09-30 00:00:00,Wednesday,0,0,,11,Morning,1,MG Road / Central,15.9,0.32
2026-09-30 00:00:00,Wednesday,0,0,,11,Morning,1,Indiranagar,15.7,0.42
2026-09-30 00:00:00,Wednesday,0,0,,11,Morning,1,Whitefield,24.4,0.15
2026-09-30 00:00:00,Wednesday,0,0,,11,Morning,1,Koramangala,16.5,0.61
2026-09-30 00:00:00,Wednesday,0,0,,11,Morning,1,Jayanagar,20.8,0.28
2026-09-30 00:00:00,Wednesday,0,0,,11,Morning,1,Hebbal,27.7,0.11
2026-09-30 00:00:00,Wednesday,0,0,,11,Morning,1,Electronic City,15.6,0.46
2026-09-30 00:00:00,Wednesday,0,0,,11,Morning,1,HSR Layout,29.8,0.05
2026-09-30 00:00:00,Wednesday,0,0,,12,Afternoon,0,MG Road / Central,11.3,0.52
2026-09-30 00:00:00,Wednesday,0,0,,12,Afternoon,0,Indiranagar,18.3,0.42
2026-09-30 00:00:00,Wednesday,0,0,,12,Afternoon,0,Whitefield,21.2,0.24
2026-09-30 00:00:00,Wednesday,0,0,,12,Afternoon,0,Koramangala,13.5,0.52
2026-09-30 00:00:00,Wednesday,0,0,,12,Afternoon,0,Jayanagar,23.7,0.07
2026-09-30 00:00:00,Wednesday,0,0,,12,Afternoon,0,Hebbal,19.2,0.4
2026-09-30 00:00:00,Wednesday,0,0,,12,Afternoon,0,Electronic City,21.3,0.26
2026-09-30 00:00:00,Wednesday,0,0,,12,Afternoon,0,HSR Layout,22.3,0.19
2026-09-30 00:00:00,Wednesday,0,0,,13,Afternoon,0,MG Road / Central,15.3,0.35
2026-09-30 00:00:00,Wednesday,0,0,,13,Afternoon,0,Indiranagar,20.0,0.31
2026-09-30 00:00:00,Wednesday,0,0,,13,Afternoon,0,Whitefield,20.2,0.32
2026-09-30 00:00:00,Wednesday,0,0,,13,Afternoon,0,Koramangala,17.8,0.5
2026-09-30 00:00:00,Wednesday,0,0,,13,Afternoon,0,Jayanagar,19.6,0.38
2026-09-30 00:00:00,Wednesday,0,0,,13,Afternoon,0,Hebbal,20.5,0.25
2026-09-30 00:00:00,Wednesday,0,0,,13,Afternoon,0,Electronic City,23.2,0.34
2026-09-30 00:00:00,Wednesday,0,0,,13,Afternoon,0,HSR Layout,25.1,0.29
2026-09-30 00:00:00,Wednesday,0,0,,14,Afternoon,0,MG Road / Central,21.2,0.22
2026-09-30 00:00:00,Wednesday,0,0,,14,Afternoon,0,Indiranagar,15.4,0.5
2026-09-30 00:00:00,Wednesday,0,0,,14,Afternoon,0,Whitefield,17.7,0.41
2026-09-30 00:00:00,Wednesday,0,0,,14,Afternoon,0,Koramangala,20.7,0.3
2026-09-30 00:00:00,Wednesday,0,0,,14,Afternoon,0,Jayanagar,25.8,0.07
2026-09-30 00:00:00,Wednesday,0,0,,14,Afternoon,0,Hebbal,20.7,0.37
2026-09-30 00:00:00,Wednesday,0,0,,14,Afternoon,0,Electronic City,17.8,0.29
2026-09-30 00:00:00,Wednesday,0,0,,14,Afternoon,0,HSR Layout,21.3,0.21
2026-09-30 00:00:00,Wednesday,0,0,,15,Afternoon,0,MG Road / Central,12.6,0.54
2026-09-30 00:00:00,Wednesday,0,0,,15,Afternoon,0,Indiranagar,22.0,0.27
2026-09-30 00:00:00,Wednesday,0,0,,15,Afternoon,0,Whitefield,27.8,0.17
2026-09-30 00:00:00,Wednesday,0,0,,15,Afternoon,0,Koramangala,17.8,0.31
2026-09-30 00:00:00,Wednesday,0,0,,15,Afternoon,0,Jayanagar,28.4,0.05
2026-09-30 00:00:00,Wednesday,0,0,,15,Afternoon,0,Hebbal,21.7,0.18
2026-09-30 00:00:00,Wednesday,0,0,,15,Afternoon,0,Electronic City,19.6,0.39
2026-09-30 00:00:00,Wednesday,0,0,,15,Afternoon,0,HSR Layout,25.3,0.25
2026-09-30 00:00:00,Wednesday,0,0,,16,Afternoon,0,MG Road / Central,14.0,0.48
2026-09-30 00:00:00,Wednesday,0,0,,16,Afternoon,0,Indiranagar,23.4,0.28
2026-09-30 00:00:00,Wednesday,0,0,,16,Afternoon,0,Whitefield,21.4,0.3
2026-09-30 00:00:00,Wednesday,0,0,,16,Afternoon,0,Koramangala,22.3,0.3
2026-09-30 00:00:00,Wednesday,0,0,,16,Afternoon,0,Jayanagar,25.0,0.16
2026-09-30 00:00:00,Wednesday,0,0,,16,Afternoon,0,Hebbal,16.0,0.42
2026-09-30 00:00:00,Wednesday,0,0,,16,Afternoon,0,Electronic City,26.1,0.06
2026-09-30 00:00:00,Wednesday,0,0,,16,Afternoon,0,HSR Layout,19.4,0.37
2026-09-30 00:00:00,Wednesday,0,0,,17,Evening,1,MG Road / Central,8.4,0.68
2026-09-30 00:00:00,Wednesday,0,0,,17,Evening,1,Indiranagar,5.6,0.76
2026-09-30 00:00:00,Wednesday,0,0,,17,Evening,1,Whitefield,10.9,0.59
2026-09-30 00:00:00,Wednesday,0,0,,17,Evening,1,Koramangala,11.0,0.59
2026-09-30 00:00:00,Wednesday,0,0,,17,Evening,1,Jayanagar,14.8,0.5
2026-09-30 00:00:00,Wednesday,0,0,,17,Evening,1,Hebbal,5.3,0.58
2026-09-30 00:00:00,Wednesday,0,0,,17,Evening,1,Electronic City,15.6,0.45
2026-09-30 00:00:00,Wednesday,0,0,,17,Evening,1,HSR Layout,5.9,0.73
2026-09-30 00:00:00,Wednesday,0,0,,18,Evening,1,MG Road / Central,11.4,0.72
2026-09-30 00:00:00,Wednesday,0,0,,18,Evening,1,Indiranagar,14.5,0.54
2026-09-30 00:00:00,Wednesday,0,0,,18,Evening,1,Whitefield,15.4,0.45
2026-09-30 00:00:00,Wednesday,0,0,,18,Evening,1,Koramangala,10.4,0.6
2026-09-30 00:00:00,Wednesday,0,0,,18,Evening,1,Jayanagar,5.4,0.88
2026-09-30 00:00:00,Wednesday,0,0,,18,Evening,1,Hebbal,10.5,0.68
2026-09-30 00:00:00,Wednesday,0,0,,18,Evening,1,Electronic City,20.1,0.36
2026-09-30 00:00:00,Wednesday,0,0,,18,Evening,1,HSR Layout,7.9,0.68
2026-09-30 00:00:00,Wednesday,0,0,,19,Evening,1,MG Road / Central,6.9,0.82
2026-09-30 00:00:00,Wednesday,0,0,,19,Evening,1,Indiranagar,5.0,0.92
2026-09-30 00:00:00,Wednesday,0,0,,19,Evening,1,Whitefield,16.7,0.42
2026-09-30 00:00:00,Wednesday,0,0,,19,Evening,1,Koramangala,5.0,0.87
2026-09-30 00:00:00,Wednesday,0,0,,19,Evening,1,Jayanagar,21.1,0.3
2026-09-30 00:00:00,Wednesday,0,0,,19,Evening,1,Hebbal,15.1,0.5
2026-09-30 00:00:00,Wednesday,0,0,,19,Evening,1,Electronic City,9.0,0.66
2026-09-30 00:00:00,Wednesday,0,0,,19,Evening,1,HSR Layout,24.3,0.33
2026-09-30 00:00:00,Wednesday,0,0,,20,Evening,1,MG Road / Central,10.5,0.58
2026-09-30 00:00:00,Wednesday,0,0,,20,Evening,1,Indiranagar,5.0,0.83
2026-09-30 00:00:00,Wednesday,0,0,,20,Evening,1,Whitefield,14.7,0.54
2026-09-30 00:00:00,Wednesday,0,0,,20,Evening,1,Koramangala,5.0,0.83
2026-09-30 00:00:00,Wednesday,0,0,,20,Evening,1,Jayanagar,5.0,0.73
2026-09-30 00:00:00,Wednesday,0,0,,20,Evening,1,Hebbal,9.1,0.64
2026-09-30 00:00:00,Wednesday,0,0,,20,Evening,1,Electronic City,8.8,0.71
2026-09-30 00:00:00,Wednesday,0,0,,20,Evening,1,HSR Layout,17.2,0.47
2026-09-30 00:00:00,Wednesday,0,0,,21,Night,0,MG Road / Central,16.1,0.51
2026-09-30 00:00:00,Wednesday,0,0,,21,Night,0,Indiranagar,20.7,0.28
2026-09-30 00:00:00,Wednesday,0,0,,21,Night,0,Whitefield,22.4,0.25
2026-09-30 00:00:00,Wednesday,0,0,,21,Night,0,Koramangala,11.3,0.49
2026-09-30 00:00:00,Wednesday,0,0,,21,Night,0,Jayanagar,20.7,0.29
2026-09-30 00:00:00,Wednesday,0,0,,21,Night,0,Hebbal,24.0,0.15
2026-09-30 00:00:00,Wednesday,0,0,,21,Night,0,Electronic City,16.1,0.22
2026-09-30 00:00:00,Wednesday,0,0,,21,Night,0,HSR Layout,23.3,0.17
